disc,model,h,quarter,quarter_idx,n,fixed_rel,fixed_dm_clu,fixed_p_clu,fixed_dm_legacy,fixed_p_legacy,exp_rel,exp_dm_clu,exp_p_clu,exp_dm_legacy,exp_p_legacy
long_form,B1_bow_ridge,5,2022Q1,0,501,-3.014927290692846,0.9371933209509723,0.3530762333938712,1.7666721160299126,0.07789321929303145,-72.64014111112883,2.0954801745297105,0.041111990066609004,4.680288622049333,3.69386960881958e-06
long_form,B1_bow_ridge,5,2022Q2,1,491,-0.15244367127738265,-1.605827428956604,0.1146099117933061,0.19303525997800472,0.8470113380398276,-32.48760116076073,3.0471958150867002,0.0036837600406314725,7.004895201656576,8.20147100837481e-12
long_form,B1_bow_ridge,5,2022Q3,2,489,3.3708177709905462,-1.4612020676071773,0.15090801815489052,-3.4389318108010984,0.0006340399660458663,-15.722433222089906,1.6774419498051838,0.10038980688119563,2.4014089394571716,0.016705118613716295
long_form,B1_bow_ridge,5,2022Q4,3,496,0.7809353742534895,-0.9743544044944091,0.3343915881503435,-0.9397180871967397,0.3478205090707987,-24.618903517784766,1.9861722847064498,0.05229690000128409,4.564697785041051,6.318148120061092e-06
long_form,B1_bow_ridge,5,2023Q1,4,500,3.2411719804367527,-2.4777266594851124,0.016793386295146685,-2.917577900275321,0.003686683243950308,-30.372476352758188,0.6626517422821706,0.5107231593462318,3.687178104158146,0.00025162785631889934
long_form,B1_bow_ridge,5,2023Q2,5,496,2.0665327574796897,-2.0173240575210185,0.04904595154550071,-3.2345544316956905,0.0012997538248043666,-7.289731494562029,1.7625147589567858,0.08409418860919082,1.5877283959928654,0.11298628918707397
long_form,B1_bow_ridge,5,2023Q3,6,490,1.6538166923027702,0.0746118470269229,0.9408402133206619,-2.3223219312218393,0.020625301234900112,-2.832323370554568,1.6054428919912473,0.11509542214651977,0.7088053908557019,0.47878302055440325
long_form,B1_bow_ridge,5,2023Q4,7,496,1.2170970169452897,-2.1025718135157727,0.04045896945230363,-1.5536227694929832,0.1209135217944392,-10.327202417707458,-0.11892380344070269,0.9058029253518306,2.129275409073237,0.03372436871910558
long_form,B1_bow_ridge,5,2024Q1,8,498,2.483346941105296,-2.5162371594663844,0.015258944874581574,-2.254733027756541,0.024584557839410676,-23.389563706003933,0.6959386693236604,0.48982337906967144,2.455149152836325,0.014424129041704835
long_form,B1_bow_ridge,5,2024Q2,9,500,2.3903505968815084,-2.2340157594718115,0.030277605786058474,-4.575733805523184,5.995828357115093e-06,2.668864024887286,-1.331520557893482,0.189439970885001,-0.8631952869741412,0.3884447890463737
long_form,B1_bow_ridge,5,2024Q3,10,492,0.1909262711205011,0.019452999857935978,0.9845556384531128,-0.2317074501483692,0.8168617777750757,-13.806705609492955,2.585271734833316,0.012632226188120606,3.325991778532878,0.0009470469450952035
long_form,B1_bow_ridge,5,2024Q4,11,500,3.155571474295235,-2.7149800130449133,0.008973434363342378,-3.841748074622026,0.00013791289421226735,7.769766213820301,-1.3361423701878121,0.1873207045891645,-2.011437135625803,0.04481646637749457
long_form,B1_bow_ridge,5,2025Q1,12,503,1.8437967259338084,-0.2956514458896458,0.7686967148925381,-1.175244325184276,0.24045409551462496,-33.7418150818371,1.9447713455009008,0.0573266772873134,3.2028958911556487,0.0014469021550007454
long_form,B1_bow_ridge,5,2025Q2,13,504,3.0720943360972823,-0.35465316833316785,0.724340955895168,-4.463778428072692,9.9476999128629e-06,-0.3967521210423477,0.833008130151991,0.40880168082198187,0.08641327758516405,0.9311722793439685
long_form,B1_bow_ridge,5,2025Q3,14,494,2.5991178721374184,-0.18183826889746235,0.8564448479361668,-3.728990672254969,0.00021456761795107102,1.2884173115594602,1.3685267480371435,0.17726519704204516,-0.3590654683709908,0.7196998420906905
long_form,B1_bow_ridge,5,2025Q4,15,501,1.1006518750800682,-0.0919341948267567,0.9271104942723869,-1.3167065362500667,0.18854020248371578,-4.510548021498186,2.2369127208584025,0.029691429258338016,1.132778323822523,0.25785026207998074
long_form,B1_bow_ridge,10,2022Q1,0,501,-0.18145154057532967,-0.11302679263912137,0.9104530546584779,0.20760110831939732,0.8356249656213374,-56.04629308778073,2.1959648054200374,0.03266803479477669,5.029742881081905,6.858284666250568e-07
long_form,B1_bow_ridge,10,2022Q2,1,491,0.4739251186358479,-1.7067781863017097,0.09406746723355927,-0.9156722438044281,0.3602892298231831,-35.053454032549624,3.149310761096753,0.002760800086023434,7.748018046478063,5.416596380205831e-14
long_form,B1_bow_ridge,10,2022Q3,2,488,2.794399234100582,-2.5893925758628122,0.012985946757107571,-6.439288459099085,2.8821394749027364e-10,-0.23817133931157097,-0.21002109708134922,0.834620708896635,0.04684338604408074,0.9626572526310013
long_form,B1_bow_ridge,10,2022Q4,3,496,0.5970484714600569,-1.509064012421785,0.13733500149130093,-1.2163067428002148,0.22444776384881232,-29.870325433651253,1.1478476426525304,0.25628490528819464,5.243228428553651,2.3416922967280578e-07
long_form,B1_bow_ridge,10,2023Q1,4,500,2.361083068881904,-2.6319588780120973,0.011383263774235099,-2.1286415632054263,0.033773131023513474,-14.004016057479145,0.06654832299448196,0.9472177060161376,1.4426293114783466,0.1497523041366439
long_form,B1_bow_ridge,10,2023Q2,5,496,1.5038513376674216,-2.7088500916398313,0.00922070037107059,-4.350163232723666,1.6529174216091447e-05,-3.4821338880911594,-0.9880291824516395,0.327895703245376,0.8082445892404305,0.4193380503878018
long_form,B1_bow_ridge,10,2023Q3,6,490,0.8720095106788336,0.5434791872035778,0.5893685654897237,-1.9445562330820225,0.052401401752598456,-1.9465175347940233,1.3564374405943858,0.18144043155170797,0.40194641215535903,0.6878990838077033
long_form,B1_bow_ridge,10,2023Q4,7,496,1.1701878694984502,-2.407385212158119,0.019724200885849235,-2.7074867301175445,0.007013930475513508,-8.69143385632801,-0.1133511262717035,0.9101972154751444,1.6120455092187584,0.10758940412501325
long_form,B1_bow_ridge,10,2024Q1,8,498,1.3045520047117816,-1.92764525270964,0.05982773890823463,-2.4631938201354284,0.014108387817026922,-25.587285707686327,1.0477279714167809,0.3000111473469514,2.7189666715143668,0.006777661559976988
long_form,B1_bow_ridge,10,2024Q2,9,500,1.4732711527251083,-1.6998668512188388,0.09576577804997333,-4.9248552919258755,1.1497334920944195e-06,6.797511387942487,-1.20438667388645,0.23447033920481994,-2.1679286634470545,0.030636115613954584
long_form,B1_bow_ridge,10,2024Q3,10,492,1.1573989025094609,-1.2202697811821503,0.22797511235811382,-2.9350698078245787,0.003490987849155396,-4.117133723451027,1.7290386957717687,0.08985185096896676,1.1623217528622316,0.2456694376372895
long_form,B1_bow_ridge,10,2024Q4,11,500,2.4115914448270743,-1.456060991428476,0.15138732073561087,-5.363271698202268,1.2524695570953452e-07,11.982815149434286,-0.9427936716772272,0.3501462280543702,-3.383760987092343,0.000771266373889014
long_form,B1_bow_ridge,10,2025Q1,12,503,1.6847745878067661,0.43051324269252156,0.6686362958792809,-1.76144369679977,0.07877203740478514,-30.545981864885807,1.3108238210642371,0.19578937620148776,2.878100410561445,0.004171312188146284
long_form,B1_bow_ridge,10,2025Q2,13,504,2.271583313123304,-1.028457910328152,0.3086841806155485,-5.405431444356798,1.0002724999046868e-07,2.1854684573501517,0.39922538953523556,0.6914272693912563,-0.3694194759369977,0.7119705492725671
long_form,B1_bow_ridge,10,2025Q3,14,494,1.5652739362109556,-1.6293596267406643,0.10952188438477353,-3.922804178654153,9.994255618791332e-05,3.5169485476557467,0.6120532811390575,0.5432758975073781,-0.8620912589873037,0.38905643495057896
long_form,B1_bow_ridge,10,2025Q4,15,484,0.930991109597544,-0.654091705355268,0.5163096423813308,-1.902083640286475,0.0577548184318126,-2.765936291507786,1.754009758833043,0.08608937102708779,0.5965530197483344,0.5510853386647246
long_form,B1_bow_ridge,20,2022Q1,0,500,3.6414812494345683,-1.497044110301896,0.14054553768745026,-2.2451227297559937,0.02519738739664184,-38.506673141411355,1.4054273786789728,0.1659569528991705,4.442499940359802,1.0960874799734808e-05
long_form,B1_bow_ridge,20,2022Q2,1,491,2.0995853728152327,-1.0547825618476392,0.29659512652510023,-1.795963759424758,0.07311620553686203,-41.03458413757844,1.3713924882118027,0.17637614537726015,7.02359213518815,7.263132119529955e-12
long_form,B1_bow_ridge,20,2022Q3,2,488,5.488743490926899,-1.6236780277365963,0.11158822107988466,-7.25475624485467,1.596354393962089e-12,-4.961306548228347,0.07941954037865522,0.9370590409458949,0.8503526366346806,0.39554693318611706
long_form,B1_bow_ridge,20,2022Q4,3,496,2.5870347459223244,-3.3839606595802842,0.0013653394336112406,-3.6960174878575534,0.00024346049485328043,-38.54927343188928,0.6481900440016147,0.5197141169380123,4.87092392998613,1.4972403051531686e-06
long_form,B1_bow_ridge,20,2023Q1,4,498,4.409756935402746,-2.366974482096206,0.022014905408912887,-3.4853024371544974,0.0005350927599469618,-12.07335229228165,-0.27324118723209667,0.78584006553066,1.4387509235686136,0.15085054486872504
long_form,B1_bow_ridge,20,2023Q2,5,496,3.270188233979049,-1.7761862453625896,0.08178725098859403,-4.846313898733426,1.6857801817975571e-06,-4.454501783528642,-0.5717956722304876,0.5700222196719653,0.8221597610424642,0.4113818194066922
long_form,B1_bow_ridge,20,2023Q3,6,489,1.342302238667631,-0.015837633274636446,0.9874309660441962,-1.9186303557313644,0.05561419408252105,0.08983215457311715,0.8066215778483043,0.42394750118144275,-0.018801503112098675,0.9850071392675183
long_form,B1_bow_ridge,20,2023Q4,7,496,2.645472675406655,-2.3331691611171084,0.023620678903848887,-4.027569331850497,6.520558117032516e-05,-1.1828732221168827,-1.2595198843382063,0.21357642931146775,0.2258092040268914,0.8214430209025241
long_form,B1_bow_ridge,20,2024Q1,8,495,2.001352939325019,-2.6088320947895753,0.012077053525762077,-2.712476369950424,0.006911228533264309,-17.78854940209615,0.6066798612783371,0.5469223130977081,2.193232898033886,0.02875597999264102
long_form,B1_bow_ridge,20,2024Q2,9,500,2.901233511447867,-1.6728163705075971,0.1010080645648267,-5.291935970249764,1.8158843690738642e-07,7.452723884053336,-1.3869767667972923,0.1719918242920886,-1.8681960396719723,0.06232056484784937
long_form,B1_bow_ridge,20,2024Q3,10,492,2.6578599612580422,-1.1839955751202975,0.24190387396436466,-4.4025220125834865,1.3139586364002606e-05,1.3998085504152917,1.7163989687116379,0.09215798647570511,-0.39187112001406005,0.695323467323256
long_form,B1_bow_ridge,20,2024Q4,11,499,3.2903150385654922,-0.7759964895611525,0.4412662914496765,-5.430313222882042,8.808416871855646e-08,8.810327356136384,-0.46885124213027685,0.6411356941153113,-2.5867315944073996,0.009971590848996764
long_form,B1_bow_ridge,20,2025Q1,12,500,2.451081002891281,0.3875747259200472,0.6999436407054044,-1.2447295471178506,0.21381545101244515,-36.663070608916975,1.0228177211206757,0.31122134704614934,3.137049367794539,0.0018073781975480616
long_form,B1_bow_ridge,20,2025Q2,13,503,4.889942816584941,-1.8660947069233962,0.0678991443190327,-8.735969080163837,3.6190705715789575e-17,12.22068703189687,-0.31818654918465683,0.7516686582328302,-2.6925821588402608,0.007327066901915746
long_form,B1_bow_ridge,20,2025Q3,14,494,2.4469544445327585,-2.053376203253172,0.045285455402588784,-3.85671456524266,0.00013016062242094073,5.409688952999484,0.3637033311893526,0.7176129495058517,-1.1455714060614317,0.25252831113744234
long_form,B1_bow_ridge,20,2025Q4,15,465,1.5234581171892747,-1.041821110396423,0.30425447424101787,-1.9264469750210942,0.054659056466657446,-4.319463218307373,0.16521312890425116,0.8696756147681138,0.8786232584703061,0.38006033581932996
long_form,B2_tfidf_ridge,5,2022Q1,0,501,-4.125934690507346,0.48883771742785703,0.6270522265132665,3.5671612108813933,0.0003955949615725268,-34.383538882912404,3.5221893051792623,0.000912163292686881,8.508097642627478,2.067235860798245e-16
long_form,B2_tfidf_ridge,5,2022Q2,1,491,-0.462763151805254,-1.0927243202988226,0.27975192434333734,0.30649662457036664,0.7593567416689951,-28.706635297724258,3.2138468983572683,0.0022948072721025122,6.596567948722667,1.0929976575676571e-10
long_form,B2_tfidf_ridge,5,2022Q3,2,489,5.773601988629739,-1.3116523738386234,0.19629018922813582,-4.964564892388661,9.533185799224827e-07,-1.3496249247910348,1.0302440090882692,0.30840121767879664,0.30038640042443115,0.764010358190875
long_form,B2_tfidf_ridge,5,2022Q4,3,496,2.46258969707075,-0.4521486023446755,0.6530424920993452,-1.8291050322021116,0.06798531319963073,-11.223671768129043,1.6910484459817066,0.09681359691791777,2.4362758735874595,0.015190949524366172
long_form,B2_tfidf_ridge,5,2023Q1,4,500,4.6886223028595,-1.7323868815725183,0.0896266316404123,-5.056383433884736,6.011019795091513e-07,0.29042377791908025,0.3716554101496827,0.7117850542830887,-0.08399252642578249,0.9330960584469563
long_form,B2_tfidf_ridge,5,2023Q2,5,496,4.583453905981296,-3.050507157434203,0.0036497618518897598,-4.15372507988212,3.85296352886825e-05,-0.18313896040825772,0.0990429277169228,0.921500210386666,0.04709145652545357,0.9624593292181993
long_form,B2_tfidf_ridge,5,2023Q3,6,490,2.7271637595785005,-2.430008268989958,0.018971556346452183,-2.9150975981761187,0.0037189144096463215,3.0046176874563444,-1.6728322939598026,0.10100491058484867,-0.8932020722278577,0.3721883261496768
long_form,B2_tfidf_ridge,5,2023Q4,7,496,3.5002030670396036,-1.9339014523591893,0.05868375818228162,-2.676647060994846,0.007683003769026679,1.6927667871852214,-0.12025554339750512,0.9047532266039239,-0.369753634146789,0.7117242006385089
long_form,B2_tfidf_ridge,5,2024Q1,8,498,4.249788773915304,-2.872769215876023,0.0060425435577570845,-4.569377346238449,6.1786336407928e-06,2.9246959104480594,-1.0690724161079117,0.290383962336869,-0.834716740445642,0.4042782586818839
long_form,B2_tfidf_ridge,5,2024Q2,9,500,4.82644799742866,-2.956634106514648,0.004852326763121406,-5.378535890309379,1.1561521918908185e-07,5.861800224956889,-1.7364056947044935,0.08904357871274968,-1.7998131154526469,0.07249406090034961
long_form,B2_tfidf_ridge,5,2024Q3,10,492,1.4594316162244194,-0.4906925774302452,0.6257486440989212,-1.3968706502377088,0.16308348500855768,-6.910530967980628,1.4415916247082152,0.15553021027475505,2.030798079782127,0.04281378173230396
long_form,B2_tfidf_ridge,5,2024Q4,11,500,4.745382738558554,-3.7232806322518956,0.0004846256238213658,-4.48454357470052,9.07554837557076e-06,12.307024556064166,-2.3138317790374257,0.024662695996250508,-3.8424851032389746,0.00013751121601646924
long_form,B2_tfidf_ridge,5,2025Q1,12,503,3.968297230976053,-0.4994652771092452,0.6195996166141051,-3.352141017520225,0.0008623984477610285,-6.108334077161535,1.1026919057978288,0.27533736493367167,1.4082688604070932,0.15967047205583504
long_form,B2_tfidf_ridge,5,2025Q2,13,504,5.124860764303271,-0.4242953643069256,0.6731705072842993,-4.008668828876725,7.031311536668654e-05,-6.322569949255453,1.2063620305865452,0.233355068285255,1.0765032006526698,0.2822183099713775
long_form,B2_tfidf_ridge,5,2025Q3,14,494,5.71513493049628,-1.2552320992704868,0.21522952547359933,-5.491630156994406,6.387843825003162e-08,9.767607537361345,0.21646137569180962,0.829508877502472,-2.721826160370072,0.006722029483030559
long_form,B2_tfidf_ridge,5,2025Q4,15,501,4.191117001901285,-1.0917898141720803,0.2800564895622443,-4.277391886044999,2.266204598586341e-05,7.446314765930176,0.48382226371892273,0.630583051670463,-2.339334386949795,0.019710902572479445
long_form,B2_tfidf_ridge,10,2022Q1,0,501,-1.4769461289913184,-1.234095069343325,0.22282419391236488,1.533178887484638,0.12586425367451995,-32.01043964873213,2.681617835799636,0.009847254653221017,7.553074336130664,2.036795211079657e-13
long_form,B2_tfidf_ridge,10,2022Q2,1,491,1.427199127880243,-1.639971214340747,0.10728844148269895,-1.003277803435277,0.3162220230181582,-34.37708256685719,3.122170928044357,0.002982228163174724,7.292994406531725,1.2265909842205654e-12
long_form,B2_tfidf_ridge,10,2022Q3,2,488,5.881150559571327,-2.7562963746852516,0.008475829918084854,-6.810420826757045,2.876874862787062e-11,6.166993591048125,0.3326251226385884,0.7409968893924694,-1.435279502266678,0.1518493845214179
long_form,B2_tfidf_ridge,10,2022Q4,3,496,3.1816821463454046,-2.6605553955928474,0.010350014424806618,-2.8477314150739885,0.004586297945952573,-15.84719991283376,0.8967129402511389,0.37400489275667465,3.245118691207128,0.0012534563849665294
long_form,B2_tfidf_ridge,10,2023Q1,4,500,2.0523099675233065,-2.1898162178478073,0.033429853223693066,-3.0000406912836652,0.002834393352998299,-5.0512604861383155,-0.32272946945328734,0.7483017665922149,1.2856379706563863,0.19916574288192843
long_form,B2_tfidf_ridge,10,2023Q2,5,496,4.714291816190623,-3.98134542549819,0.00022202801139252238,-5.807579294992139,1.1345872516957965e-08,3.050003806902493,-2.015870991319961,0.04920301852788384,-0.7847748402878579,0.43296100764653045
long_form,B2_tfidf_ridge,10,2023Q3,6,490,1.6960027419627155,-1.3667000269389278,0.1782218683623581,-2.3381318580209833,0.019782611258012346,2.572436455825965,-0.6753873832034417,0.5027391611792508,-0.6379945264684983,0.5237758837508486
long_form,B2_tfidf_ridge,10,2023Q4,7,496,2.960746953292164,-2.3541258515784134,0.02245603725767197,-3.2403501436472646,0.0012741619353680725,0.9205718980123095,-0.1193891888834714,0.9054360817382352,-0.20725344499136586,0.8358971619021015
long_form,B2_tfidf_ridge,10,2024Q1,8,498,3.5846034481797133,-2.569001706955902,0.013363122040235693,-5.645013158022888,2.7799260474593685e-08,5.872744634457525,-1.3194209805018737,0.19328761345498388,-1.759338706427568,0.07913525109253097
long_form,B2_tfidf_ridge,10,2024Q2,9,500,4.070601467254493,-2.5964604844637846,0.01253228844032508,-6.702464505849027,5.553304741958816e-11,10.301609162173225,-2.1970183020269736,0.0329847372776803,-3.549880911097899,0.000421875719028709
long_form,B2_tfidf_ridge,10,2024Q3,10,492,4.043498126856567,-1.74518074259552,0.0869764616632192,-4.813757956286458,1.9750824809826373e-06,5.00902412409653,0.5824515657134982,0.5628289066297895,-1.3882030433627524,0.16570474342899694
long_form,B2_tfidf_ridge,10,2024Q4,11,500,4.914767877138573,-2.8902406413877917,0.005603759409625524,-6.304644910193542,6.36327560312504e-10,15.385857695920809,-2.5999590719482297,0.012108310157007916,-5.232745449766121,2.463638598364623e-07
long_form,B2_tfidf_ridge,10,2025Q1,12,503,3.484263724259169,-0.9846912229638715,0.329424372988699,-3.6927333283903607,0.0002461850050870213,-7.772769387393143,0.9625606854763208,0.3403099009460421,1.75892808788012,0.07919893264053239
long_form,B2_tfidf_ridge,10,2025Q2,13,504,6.010099604284537,-2.0441023323824306,0.0462280667548766,-6.1621011122855665,1.4725201488063573e-09,-2.683082289660449,0.35899383419806646,0.7211112733412035,0.4172813944743754,0.6766506365832503
long_form,B2_tfidf_ridge,10,2025Q3,14,494,4.873311234057184,-2.333025774735662,0.023710699721917777,-6.308842685838209,6.262582728142424e-10,13.755878828385498,-0.21743609613297207,0.828753387241069,-3.5571915118490685,0.0004110433628886014
long_form,B2_tfidf_ridge,10,2025Q4,15,484,4.23936967626468,-1.8412529568215863,0.07203846982256662,-4.702676176955417,3.3558551503930026e-06,11.316365378777734,-0.05122024299029123,0.9593717983594755,-2.9345015337231537,0.003499896717380545
long_form,B2_tfidf_ridge,20,2022Q1,0,500,3.225238878317254,-1.9621987946098332,0.055206989924493036,-2.4033581227165994,0.016609160584484632,-29.825366298227316,4.015915192363895,0.0001948952117181694,6.986798404101123,9.038865504464966e-12
long_form,B2_tfidf_ridge,20,2022Q2,1,491,5.284161158775175,-1.0614078536911622,0.29360467635450016,-2.2078331708602716,0.027718384999758323,-40.21908069746203,1.4286710340160844,0.15931642305795707,6.407052127073756,3.4862981826004816e-10
long_form,B2_tfidf_ridge,20,2022Q3,2,488,9.04837122403931,-1.5614932565300603,0.12557200985140107,-7.996632969891963,9.382224891074683e-15,2.4765386294178495,0.32858072309365427,0.7440313628840676,-0.5402566390564778,0.5892670296735967
long_form,B2_tfidf_ridge,20,2022Q4,3,496,6.842556514880542,-2.360003271847149,0.022062302186893555,-6.001394296067911,3.783973755779289e-09,-20.11463204007193,0.2672305020890563,0.7903487187253064,3.0786613855572544,0.0021947430492353474
long_form,B2_tfidf_ridge,20,2023Q1,4,498,4.484129001607151,-2.112951034437655,0.03983104043969447,-4.509675311782254,8.108495871576073e-06,-3.716890763285433,-0.6050110045299135,0.548021427030628,1.0623191980028668,0.28860671279141664
long_form,B2_tfidf_ridge,20,2023Q2,5,496,6.9191518480588945,-2.7401886513117057,0.008491269370511858,-6.689876719505901,6.055320105195566e-11,0.06273254346546006,-1.1506750504935155,0.2553393663755,-0.01397717947636453,0.9888538189351435
long_form,B2_tfidf_ridge,20,2023Q3,6,489,2.233094737530874,-1.5357552103115932,0.13130360705073008,-2.695484220774278,0.0072712820783375366,6.551132112577159,-1.5142252267953464,0.13666524525874635,-1.560784476757657,0.11922285260298801
long_form,B2_tfidf_ridge,20,2023Q4,7,496,4.265474683947116,-2.663103183318912,0.01033426544712294,-4.741647604879432,2.7760200775941293e-06,6.876993541584241,-1.4148948115909434,0.16317636959630316,-1.5466496323391807,0.12258681888909347
long_form,B2_tfidf_ridge,20,2024Q1,8,495,5.418683622092876,-2.445387533146532,0.018188404092638073,-7.181515442729941,2.55104967396175e-12,13.351522138838687,-1.5590643585024024,0.12555079795689952,-4.028641884613107,6.493709525051187e-05
long_form,B2_tfidf_ridge,20,2024Q2,9,500,6.066187642090973,-2.25079838461127,0.02911592319916534,-7.411940864594231,5.366268305200183e-13,12.791085080501949,-2.512225694273422,0.01548867273118814,-3.3942096962759805,0.0007430729409662936
long_form,B2_tfidf_ridge,20,2024Q3,10,492,6.1208972147669405,-2.090715717059221,0.04155586225844341,-6.211177114660348,1.121921892496421e-09,11.600500264134316,0.2559952575557717,0.7989842558455625,-2.610068431469648,0.00932890141792835
long_form,B2_tfidf_ridge,20,2024Q4,11,499,6.880698861721913,-2.3771579211596054,0.02116049111228112,-6.114742252677414,1.956031339120211e-09,17.17076511513941,-1.9114650383524756,0.06146321375456817,-4.274774889190891,2.2936572318256607e-05
long_form,B2_tfidf_ridge,20,2025Q1,12,500,5.597890562266537,-0.18813565389443707,0.8515169034602518,-3.6490074199221,0.00029098183165623015,-16.283888733996626,0.8902567775737658,0.3775085308600627,2.4432429718439534,0.014901504270331918
long_form,B2_tfidf_ridge,20,2025Q2,13,503,10.301184557930318,-2.8857994827348845,0.005749535059176393,-9.76034916357046,1.0101079559706708e-20,14.601419230104563,-1.0439675084846785,0.3015216709382481,-2.9252334936084914,0.0035977468871147213
long_form,B2_tfidf_ridge,20,2025Q3,14,494,6.658295964888954,-4.931757878105679,9.404587456334004e-06,-7.041618187033588,6.41372793842199e-12,17.120942642757417,-0.3359597489471088,0.7383070053136674,-4.179622090326901,3.454995042347835e-05
long_form,B2_tfidf_ridge,20,2025Q4,15,465,5.013509998470718,-1.4980529784639882,0.14260321249788094,-4.834148044204347,1.8211056305186219e-06,8.307924968440032,-0.3137079666711658,0.7555046922849927,-1.7982007726605063,0.07279507709064026
long_form,B3_lm_linear,5,2022Q1,0,501,-1.1446084684054791,0.47820595396044807,0.6345472034705496,1.126072029722526,0.26067521947129685,1.7385187761802472,-0.3614762171074578,0.7192367673906302,-1.9647573698422625,0.04999564039824649
long_form,B3_lm_linear,5,2022Q2,1,491,-6.1727806452417155,0.19189886004255524,0.8485986595890224,4.34927847879464,1.6625705939047674e-05,-1.9327799506687335,-0.052926170604561354,0.9580016297625794,1.9220434709018543,0.05517982891198165
long_form,B3_lm_linear,5,2022Q3,2,489,2.256457235364903,-0.9348116173685791,0.3548748822675734,-1.513500269889392,0.13079998760367553,0.946823973028226,-0.9935099981533229,0.325773937097465,-0.6586265165379397,0.5104462491920003
long_form,B3_lm_linear,5,2022Q4,3,496,-1.474722318971405,-0.45405418673246556,0.6516793786755363,1.1469778662759156,0.25194485969238084,0.3498218126299886,-0.3977766721869946,0.6924231325654784,-0.36944585125249185,0.7119534173083453
long_form,B3_lm_linear,5,2023Q1,4,500,0.4218730175130125,-0.0881876729508019,0.9300944206963454,-0.4244008225434902,0.671456432957869,0.049035433857314153,0.37569684163504197,0.7087975717220627,-0.05297015524749332,0.9577768856715682
long_form,B3_lm_linear,5,2023Q2,5,496,0.7556992723580108,-1.226244535336275,0.22585048890226037,-0.6783002148077529,0.4978983240529787,0.3032198627948196,-0.7639393955577332,0.4484934705761231,-0.2808448963685999,0.7789467124613333
long_form,B3_lm_linear,5,2023Q3,6,490,1.2773200690470339,-1.1858384792066168,0.24164668275806106,-1.2481277123368757,0.21258158201505872,-0.344237861334455,-1.0282021086909077,0.3091174095106002,0.3438267746116103,0.73112435296906
long_form,B3_lm_linear,5,2023Q4,7,496,0.08640372988927154,0.4785288158125667,0.6343190242643519,-0.07221368873423725,0.9424610198434342,-0.0052401259715843355,0.358770165283305,0.7212480356958919,0.004660491161507541,0.9962833571100124
long_form,B3_lm_linear,5,2024Q1,8,498,0.8189891065735851,0.4864015912866765,0.628895941343472,-0.9266226322678489,0.35457224191820225,0.6310209339593029,0.5070480499368378,0.6144427418588043,-0.7682920658828735,0.44267858183146075
long_form,B3_lm_linear,5,2024Q2,9,500,1.6066798162856681,-2.3920597276216524,0.020805912293390953,-1.4601721342580847,0.1448720592384818,0.5172123960249732,-1.7829559132933495,0.08105247717310707,-0.45683479921311876,0.6479885874765515
long_form,B3_lm_linear,5,2024Q3,10,492,-0.11246117613781272,-0.08048065894820548,0.936169972435609,0.09592310814963603,0.9236207787793937,-0.17020004493458987,0.25534038966864125,0.7994871792975008,0.18397243926265733,0.8541110289917504
long_form,B3_lm_linear,5,2024Q4,11,500,1.1530203777386008,-0.07669907583137511,0.9391572887101397,-1.0584426266927194,0.2903657873374851,1.5268053333351332,0.07280806357696656,0.9422381904560881,-1.6801293176481127,0.09355802879932618
long_form,B3_lm_linear,5,2025Q1,12,503,1.1998747674179298,-2.1025908642799163,0.04045722746137101,-1.0840914900280103,0.27884461777372976,2.3351241401859215,-2.4363169325590937,0.018368916927045186,-2.3565326207764437,0.018829707819571696
long_form,B3_lm_linear,5,2025Q2,13,504,1.861037496560765,-0.055274005462266004,0.9561404516537872,-1.7146561118946118,0.08702424903284363,-1.3005828917867448,0.9684992681135817,0.3374567564665999,1.502023288628316,0.13371859138946915
long_form,B3_lm_linear,5,2025Q3,14,494,4.304705600761202,-2.3617225250545086,0.022126187468035626,-3.5894822429411173,0.00036447832867127705,2.6554938621345383,-1.9404553378473735,0.057973664151543876,-2.343433564876203,0.019503601105151758
long_form,B3_lm_linear,5,2025Q4,15,501,1.6725214839107143,-0.5282104352257004,0.5996443088395671,-1.6281010526845086,0.10413337056331663,1.3370147211698344,-0.9307842354824971,0.35635040262071244,-1.581138634373541,0.1144786840177986
long_form,B3_lm_linear,10,2022Q1,0,501,-0.3944711060301499,-1.785090106878466,0.08019437771508497,0.37470589779721075,0.7080380781930368,2.5632568299374987,-1.7440798005200153,0.08717011330776456,-2.776491807751817,0.0057010530271969
long_form,B3_lm_linear,10,2022Q2,1,491,-6.200287095105265,-0.12792380107047832,0.8987224098099702,3.284137996641119,0.001096128673262102,-2.068557535341731,0.09468021074747518,0.9249472602276118,1.6302473007162406,0.10369183503666983
long_form,B3_lm_linear,10,2022Q3,2,488,5.202647960192427,-1.7515788062370776,0.08681450689894783,-3.9229434500759184,0.00010004670270448456,2.5338469516020425,-1.6544758077139705,0.105148225285139,-1.6163580833208075,0.10666447745477683
long_form,B3_lm_linear,10,2022Q4,3,496,-1.947835560113786,-1.905197991659165,0.06229094462841055,1.2162937257625495,0.22445271628989577,-0.5507708203401571,-1.3581012094450804,0.1802952383004841,0.45245173564068963,0.6511418035260477
long_form,B3_lm_linear,10,2023Q1,4,500,3.4739882977470553,-1.0608396246711806,0.2940715767579395,-2.179406827736061,0.02976835479131442,4.215355024166208,-0.334688397439695,0.739318306586356,-1.8391477508183376,0.0664874117862716
long_form,B3_lm_linear,10,2023Q2,5,496,2.543034256203968,-2.642909837137987,0.010947070687052324,-2.274817921758746,0.023343752558213707,1.251470690220887,-2.7864532866897784,0.007511153110729399,-1.0795854870028139,0.2808525523724802
long_form,B3_lm_linear,10,2023Q3,6,490,2.912735607618607,-0.9162941260184239,0.36419042378626254,-2.304110709862027,0.021634746239395854,0.28678413034040273,-0.7791401027211855,0.4398027618334629,-0.17970726372882456,0.857456831956186
long_form,B3_lm_linear,10,2023Q4,7,496,0.7464384213638173,0.5703042555211392,0.5709754785374872,-0.5668009064596617,0.571106369051459,-0.8779237776300522,0.9011997184824723,0.37171840333614026,0.5682340463366617,0.5701337274459072
long_form,B3_lm_linear,10,2024Q1,8,498,1.4453650477810178,0.16175677883295705,0.8721763666353237,-1.7270339720725936,0.08478288410175608,0.9137420071362801,0.5073376684904484,0.6142410756150908,-0.9997572645190558,0.3179144914281741
long_form,B3_lm_linear,10,2024Q2,9,500,2.3531681741521884,-2.5293812999769454,0.014839570719079096,-2.3495522014907286,0.019184821204527514,0.2835965947478787,-1.878278455670547,0.06655435981391296,-0.21269607581938585,0.8316508875145
long_form,B3_lm_linear,10,2024Q3,10,492,2.2908906100871302,-0.4623000126479393,0.6458324726132535,-1.6757574900897416,0.09442232834744943,0.11240958821726407,0.3663851990673373,0.7155932885150207,-0.08795685897113047,0.9299468258679394
long_form,B3_lm_linear,10,2024Q4,11,500,1.7103944592164733,-0.37286495157856936,0.7107645475941717,-1.4935875239756002,0.13591548333012948,1.9161429885373311,0.014178111046785003,0.9887421416583487,-1.8195055017031765,0.06943342747493958
long_form,B3_lm_linear,10,2025Q1,12,503,1.9494272368768746,-1.2812014011814434,0.20591806214688207,-2.059996313615157,0.039913798620052184,3.781159241004613,-2.6015263639980537,0.0121169587657752,-3.9601667242292513,8.572714523205615e-05
long_form,B3_lm_linear,10,2025Q2,13,504,3.908537611917469,-1.123053577572409,0.26677842291057907,-3.0485115237216873,0.0024208417860660573,-1.839718257818456,0.11028585187872003,0.9126241626108165,1.5050136083172725,0.1329482344029473
long_form,B3_lm_linear,10,2025Q3,14,494,6.390937739307384,-2.5482225412465622,0.013946106091842849,-5.203860079679604,2.868955690358861e-07,4.114823504604133,-1.5106840426528225,0.13716352693064982,-2.928826129451777,0.0035599822907414944
long_form,B3_lm_linear,10,2025Q4,15,484,1.4645532173586908,-0.2753137375403207,0.7843081449774248,-1.2355737496293693,0.2172176644559619,0.2879730677431119,-0.3281355686088049,0.7442981486145792,-0.26749008395311147,0.7892060299237126
long_form,B3_lm_linear,20,2022Q1,0,500,-0.23985227148957208,-1.157013187647027,0.2526575605572381,0.20320544754504818,0.8390572891506035,2.9101953641434712,-0.8006135570808987,0.4270693800201143,-2.6402853305569285,0.008543088836155514
long_form,B3_lm_linear,20,2022Q2,1,491,-3.0693976030317973,-0.16346624762387066,0.8708102985660087,1.1841838440334487,0.23691439485199348,-1.229033905784044,-0.051499344190409566,0.9591328210019874,0.7528967611998973,0.45187351364485895
long_form,B3_lm_linear,20,2022Q3,2,488,6.603953126265391,-0.8569081108970872,0.39613887723918356,-4.09332423235258,4.977508360405283e-05,2.2270007659611024,-0.7611086762937018,0.4506521505578137,-1.177515242408549,0.23956504361415762
long_form,B3_lm_linear,20,2022Q4,3,496,2.884914311541985,-1.7643909346333813,0.08353942491030884,-1.8085449887071767,0.07112839429821881,-0.8618869237447057,-0.1193911966665479,0.9054255016645624,0.5893809436996368,0.5558746497437443
long_form,B3_lm_linear,20,2023Q1,4,498,4.839292009001009,-2.5985654944382084,0.012397260513318537,-3.385530079070818,0.000766654577351062,5.986404831603649,-0.5812575924751779,0.563786516012113,-3.274116204276821,0.0011338048229187852
long_form,B3_lm_linear,20,2023Q2,5,496,4.216192714534865,-1.7221265224863687,0.0912281144193515,-3.18424093336948,0.0015427672151276492,2.656535552627547,-2.376045274269758,0.021371398743234758,-1.4066069918586241,0.16017144857627152
long_form,B3_lm_linear,20,2023Q3,6,489,3.8373100330523733,-0.9051442781403704,0.3700056543683301,-3.4285355601255856,0.0006582274161287139,1.3714539925718678,-1.3114684381213157,0.19607029471470963,-0.8660415909868266,0.38689293066871333
long_form,B3_lm_linear,20,2023Q4,7,496,3.3085959323618135,-0.13462889783680376,0.8934352103880892,-2.596032046367782,0.009710945616498903,-0.2783433943262465,0.6341148473334691,0.5288399817213741,0.1492822378062865,0.8813917304880085
long_form,B3_lm_linear,20,2024Q1,8,495,0.7901299990311851,-0.12818336296908778,0.8985394233788745,-0.8741456319817813,0.3824637060337774,0.32142900161772214,0.43971834067879756,0.6621146309179858,-0.3012442520109611,0.7633550050369202
long_form,B3_lm_linear,20,2024Q2,9,500,2.1218464295496235,-1.694190865623801,0.0968467286866762,-1.5157170329345921,0.1302241020563162,-1.4615737336776398,-1.1663829395339695,0.249344134600657,0.6519367010688895,0.5147421706581518
long_form,B3_lm_linear,20,2024Q3,10,492,5.358913370713059,-0.5324752887137114,0.5967092750303706,-4.6322817480728835,4.63842624952516e-06,1.5074470808934985,0.5649436978788789,0.5745888223324823,-1.0808451944425377,0.28029656975850636
long_form,B3_lm_linear,20,2024Q4,11,499,3.139813609435871,-0.3706010591068798,0.7124401264890539,-2.307621248595559,0.02142931486836006,2.683298730935813,-0.007130700445794283,0.9943378590371973,-1.9250254790515848,0.054795408850078206
long_form,B3_lm_linear,20,2025Q1,12,500,1.4438474694463659,-0.5894521323694538,0.5581603615847895,-1.2468498322107446,0.2130374956259999,4.999731470552126,-1.811553171477392,0.07594575062900456,-4.584711872671135,5.753873530865821e-06
long_form,B3_lm_linear,20,2025Q2,13,503,6.138936973959416,-0.625570136249265,0.5344420327538699,-4.892422575143361,1.3437921189625339e-06,-0.94264146601536,0.2559936182125692,0.7990060530936943,0.6599862057955077,0.5095653703533906
long_form,B3_lm_linear,20,2025Q3,14,494,7.930235747450884,-3.4470706413856194,0.0011578763989345219,-5.25760616216516,2.1782110060051425e-07,6.101928652377622,-1.4363783866990993,0.15712246179255546,-3.4353051071869753,0.0006418568216479542
long_form,B3_lm_linear,20,2025Q4,15,465,2.8997347768304973,-0.21685796286502448,0.8295103671465335,-2.0342216074137016,0.042497470044218735,0.0939101775967754,-0.292319151808285,0.7716755749156825,-0.06587485978918896,0.9475058288888336
long_form,B4_lm_features,5,2022Q1,0,501,0.0663793466274808,-0.19038100375156275,0.8497663814586726,-0.46612482728260896,0.6413291499720768,-0.14324237909848117,0.6237395302001951,0.5355786297617601,0.5783724690827149,0.5632730866431225
long_form,B4_lm_features,5,2022Q2,1,491,-0.0921968281183852,-0.9929041518128554,0.32553762854797086,0.5358757316441514,0.5922875927037283,-0.6024007856694219,-1.017740337144035,0.31370087856135553,2.074182010081427,0.038584035317462975
long_form,B4_lm_features,5,2022Q3,2,489,0.22876357181813653,-1.1221777404106192,0.26773900724893174,-1.40565795852674,0.16046205181266399,0.38826019346887786,-1.6060277451638958,0.11526337787036225,-1.3411778263190242,0.18048658618326496
long_form,B4_lm_features,5,2022Q4,3,496,-0.14485642943465202,-0.16635345903259044,0.8685239530509272,0.9432156210654508,0.34603074549058527,-0.8622938610034413,1.183474044666461,0.24200356340305146,3.5069021257034083,0.0004946225442786177
long_form,B4_lm_features,5,2023Q1,4,500,0.31256136838187853,0.9081076749481566,0.3683582616387509,-2.62151411497246,0.009021251506828741,0.3947251681589311,1.2772703362109,0.2076506423890762,-1.9497360356766291,0.051767298312245275
long_form,B4_lm_features,5,2023Q2,5,496,0.19958117226203173,0.7079234015592452,0.48227996046551425,-1.038051622700571,0.29975281874018533,-0.13177419137881638,0.6616746155386715,0.5112177618108558,0.3823899386856933,0.7023362771131938
long_form,B4_lm_features,5,2023Q3,6,490,0.08054702616848662,1.8381482832477827,0.0723651866380882,-0.6096907516570661,0.5423498704011368,0.16600523855133642,1.1154951674928633,0.27030944648057365,-0.6393483393189064,0.5228957313348533
long_form,B4_lm_features,5,2023Q4,7,496,0.15053717668431074,0.7273857882898978,0.4703157715811238,-0.9508440292762231,0.34214758079740043,-0.5224164873358823,1.567841076488438,0.12310258416860914,1.7746521924602268,0.07656985708181493
long_form,B4_lm_features,5,2024Q1,8,498,0.29838446812174113,0.3432829884091177,0.7328846153485091,-2.5431166499989883,0.011288860408798732,0.3820118737942658,0.6468351591687408,0.5208199253510168,-1.560206707973684,0.11934755092356764
long_form,B4_lm_features,5,2024Q2,9,500,0.45594746187816154,-0.18958652602298215,0.8504495486574342,-4.010656127993951,6.981956945834485e-05,0.49783287123612835,-0.21820080517747972,0.8282173128419593,-1.9300165066916146,0.05417122689351459
long_form,B4_lm_features,5,2024Q3,10,492,0.040870801470097154,0.7295225269755231,0.46901954143793373,-0.2962357137344294,0.767175330909856,-0.17110217938406527,0.6876948025152113,0.4947608635224668,0.5709526032221452,0.5682929902857521
long_form,B4_lm_features,5,2024Q4,11,500,-0.770509407988107,0.9685492756405639,0.3372535904427996,3.763019213148086,0.00018782079221034653,-2.1244721047536235,1.5966923629199499,0.1163943071064998,4.953174448174498,1.0011084092117129e-06
long_form,B4_lm_features,5,2025Q1,12,503,0.22228233559314903,-2.280942694990427,0.0267610576231076,-1.9511331050561496,0.051597093336260336,0.09032646637251145,-0.9851497890907663,0.32920129724284264,-0.45177761812338685,0.6516243215095906
long_form,B4_lm_features,5,2025Q2,13,504,0.5906351813000026,0.6155922368647134,0.5409558126344697,-4.241269576765708,2.645849064197353e-05,0.426576592372995,0.9343844763596032,0.3545963895710766,-1.4908932398280057,0.1366163481864685
long_form,B4_lm_features,5,2025Q3,14,494,0.4529566020201208,0.7612234485803115,0.45009904321672245,-3.1869765314056626,0.0015289183989389344,0.5344097720021482,1.0650672558417984,0.29196189931782396,-1.7354211750164195,0.08329109993395833
long_form,B4_lm_features,5,2025Q4,15,501,0.23626805617925106,-0.10827175647307179,0.9142049811555764,-1.4414530082182269,0.15008273314194817,-0.7183596747852184,1.8834468154565585,0.06534791774546322,2.0049085189523486,0.045511395971895074
long_form,B4_lm_features,10,2022Q1,0,501,0.9904706606057622,-0.22075346154159517,0.8261657968960661,-2.2586122827304513,0.02433758593405546,-1.4129801521461993,0.710958732214911,0.4803488204969605,2.4300856726819293,0.015446142024002787
long_form,B4_lm_features,10,2022Q2,1,491,0.8092975362672634,-0.3740219790968703,0.709969403234033,-1.4495079314293329,0.14783548736290528,-1.1031057204071246,-0.48569053314316424,0.6293082612020243,1.5542160324258816,0.12077851111898476
long_form,B4_lm_features,10,2022Q3,2,488,-1.8710584421865135,2.6066289218746523,0.012434653611779287,4.313865082399284,1.943370994756059e-05,2.9489371157219373,-2.632664959701616,0.011642457268709102,-3.536609882678317,0.00044405731938678685
long_form,B4_lm_features,10,2022Q4,3,496,-0.03724591665384777,2.302509564313511,0.02534069800745612,0.08049115697276894,0.9358791611008792,-1.0143249762413122,-1.097952660824269,0.2772832445742079,1.601908783360888,0.10981370421903242
long_form,B4_lm_features,10,2023Q1,4,500,-0.6973093682875465,0.06929895860724263,0.9450395522289384,2.1940247862383626,0.028693975688510717,0.16814812258849077,0.730548180427674,0.4686061219810501,-0.27549358469806423,0.7830510960117556
long_form,B4_lm_features,10,2023Q2,5,496,-1.2903312839831955,1.7510347369925692,0.08607301430284682,3.075329192166364,0.002218943575179244,0.33032101604404396,-0.8894891940447828,0.37799995494741756,-0.4999141446514419,0.6173576821543028
long_form,B4_lm_features,10,2023Q3,6,490,-0.4707410565553118,-0.28893040892755023,0.7739052290365382,1.2280224629298324,0.22002928955544904,0.3410715668018413,-0.4122286881025359,0.6820460449215211,-0.4471915909515437,0.654934740201858
long_form,B4_lm_features,10,2023Q4,7,496,-1.2106527544549754,0.8682838517048144,0.3893065773948221,2.8424692117267565,0.004661437290826604,-0.10170200464209359,0.1903964796985632,0.8497543187198063,0.1361015450705316,0.8917963379705052
long_form,B4_lm_features,10,2024Q1,8,498,-1.4842539985194814,0.26536049972375797,0.7918681206216884,4.367104561757261,1.533020372642411e-05,0.9538525047676191,0.48324771513532055,0.631116923337917,-1.5090945242425389,0.13191006414307105
long_form,B4_lm_features,10,2024Q2,9,500,-1.788819468257613,3.2558116010570344,0.002100635680380346,5.055310068369869,6.043266547100543e-07,1.4912668631786132,-1.592335383088902,0.11801352031225786,-2.1868195699644204,0.029219279537394966
long_form,B4_lm_features,10,2024Q3,10,492,-1.1718611306131026,0.23500190322248288,0.8151482777932034,3.23091925790331,0.0013167291562054106,1.3556526338928558,-0.22830596243998025,0.8203213316027603,-2.2846509595903624,0.022759069278072665
long_form,B4_lm_features,10,2024Q4,11,500,-0.09283687302422844,0.4936653247909588,0.6236212974965458,0.26726843037613557,0.7893729163288067,-0.6936019729096982,0.9641632888958871,0.33942665219250295,1.3032901839685809,0.19307672753661825
long_form,B4_lm_features,10,2025Q1,12,503,-0.6141298222487316,1.8065619231528045,0.07673230936287705,1.7872656911097666,0.07449774276075934,-0.04299243111189991,-1.2213159160025193,0.22758232223879543,0.08883538437630839,0.9292481647472931
long_form,B4_lm_features,10,2025Q2,13,504,-2.204275065985319,0.3610327520522766,0.7195959744977442,4.39017893839538,1.3812509507438907e-05,0.19240097729087594,0.23795951303454774,0.8128849716449108,-0.22847366572173122,0.8193708801329006
long_form,B4_lm_features,10,2025Q3,14,494,-2.2034796103759833,1.5087169851820592,0.13766463813068472,5.125081234837134,4.277706681424982e-07,2.779429998638859,-1.171685437112022,0.24687649613059562,-3.5622511454288035,0.00040339629980179253
long_form,B4_lm_features,10,2025Q4,15,484,-1.6223944476024839,1.0119782518282618,0.31684205565109164,3.6330877878745778,0.00031003896123939944,-0.118913839622047,0.6151509198074055,0.5414865045545778,0.1601976875921577,0.8727923249525408
long_form,B4_lm_features,20,2022Q1,0,500,0.08168936990938631,-0.2751552139891225,0.7843086984012616,-0.20463358032936563,0.8379418557523972,-1.0266749222275555,1.30441462598637,0.19794836193308762,1.6504410125728257,0.0994819946706245
long_form,B4_lm_features,20,2022Q2,1,491,-1.3475438749187685,0.7635352518910697,0.4487321737703745,1.8684994890298054,0.06228896967698675,-0.1330019673166123,-1.2718512699574676,0.20930992906452509,0.163102384109098,0.8705050671866496
long_form,B4_lm_features,20,2022Q3,2,488,-2.859234888550792,1.4204021073756579,0.16253838924731004,5.059283881610494,5.973199399075613e-07,4.357246461753141,-1.2987072527033179,0.2008097056064331,-3.705909502445596,0.00023480336805169395
long_form,B4_lm_features,20,2022Q4,3,496,-2.2768330885725634,2.824136183425714,0.006706033872184526,4.901419856124689,1.2916935884113415e-06,-1.2243758192963632,-0.3683915079718221,0.7140768643055917,1.5304718928910586,0.12653875554326557
long_form,B4_lm_features,20,2023Q1,4,498,-0.7182597485012435,-0.10610624920201465,0.9159402613539458,1.8249080214589772,0.06861502001185954,-0.09997877084978102,1.0304932480651516,0.307943207505501,0.15112164336046213,0.8799410774550603
long_form,B4_lm_features,20,2023Q2,5,496,-2.295080780006471,1.2932642302699358,0.20186304159297574,3.817854794318968,0.0001516940430321322,0.9411288936077224,-0.6825630266247575,0.498033298870376,-0.7836918565147433,0.4335957618858892
long_form,B4_lm_features,20,2023Q3,6,489,-0.8222495911816725,-0.13771799233818877,0.8910516171266906,1.8536105685773947,0.06439818074392532,0.649836094444717,-0.9761523908504932,0.3339866850509102,-0.6623038639797728,0.5080891510248761
long_form,B4_lm_features,20,2023Q4,7,496,-2.4037609936251023,0.8939685542685849,0.37553817199944833,5.23909567782489,2.391913275140593e-07,0.91580748931106,0.0920817295171875,0.9269938586230149,-0.884480346136422,0.3768663746664711
long_form,B4_lm_features,20,2024Q1,8,495,-1.7536017619139994,1.0147993808997446,0.3152895826680701,5.9322972190222325,5.622930853393216e-09,1.8564189544026437,-0.05213810404464892,0.9586350325152478,-2.6860826223323566,0.007472942374402056
long_form,B4_lm_features,20,2024Q2,9,500,-1.9775218345134769,1.5606439828639742,0.1253167285157006,4.010702266582296,6.980635400528457e-05,0.47072586028060326,-0.7962893558248186,0.429867748149562,-0.37281783703139343,0.7094423309413901
long_form,B4_lm_features,20,2024Q3,10,492,-1.9066972250664886,0.08929480468526227,0.9291973717812658,4.171301921937947,3.581506630436204e-05,1.8347699122168355,0.10770593960463742,0.9146515676122635,-1.9694038200350883,0.049468512166699986
long_form,B4_lm_features,20,2024Q4,11,499,-1.4006864367654004,0.8383826024631655,0.40565323267926,2.7991275129336413,0.005322917812328193,-0.6349211683110714,0.44114333834568026,0.6609380547646377,0.7270072521645542,0.4675631187167595
long_form,B4_lm_features,20,2025Q1,12,500,-1.5744140321474407,1.3319876577256387,0.1887863690992229,3.814399404844203,0.0001536263086618838,0.5189811906512218,-1.1052868837265688,0.2742223720059583,-0.8066508812637516,0.420251932812737
long_form,B4_lm_features,20,2025Q2,13,503,-3.2843805873880276,0.3460703982029111,0.7307418359093051,5.985186587772595,4.116600372163254e-09,1.5662608411646446,0.07163953654734134,0.9431745697135145,-1.651604171202171,0.09924062118608809
long_form,B4_lm_features,20,2025Q3,14,494,-3.011624701755707,2.3495058655112286,0.02278876852167402,5.395284511560046,1.064171135815621e-07,4.173595351004593,-1.209403461494484,0.2321954319874754,-3.8859869619620406,0.00011584185573764111
long_form,B4_lm_features,20,2025Q4,15,465,-2.963732217103687,0.7004922981090065,0.4880017341973805,5.869033006060094,8.35201515904849e-09,-0.9452808607975369,1.024971149904285,0.31203156471575244,1.0419214511842685,0.29799066414530484
long_form,C1_bert_s1,5,2022Q1,0,501,-9.660087824823407,0.5240804336584145,0.6024929366294312,4.552079696140116,6.677977260021081e-06,-39.165364013373214,3.717791250020151,0.0005004879293823261,11.101293101910597,9.542141803758714e-26
long_form,C1_bert_s1,5,2022Q2,1,491,-8.272524370915585,0.18655163765825206,0.8527670519394551,3.2307075542073647,0.0013178564675067996,-46.01723534893052,4.24162789275322,9.57381809058848e-05,12.151784943141923,6.984036846965167e-30
long_form,C1_bert_s1,5,2022Q3,2,489,7.373706491768587,-0.20698654908367298,0.8369541488157907,-3.620770546475006,0.00032443852754670426,-15.103921043693289,2.2055053524534145,0.03256902959509606,3.362418043977424,0.000833345801852472
long_form,C1_bert_s1,5,2022Q4,3,496,4.528461581065533,0.18857399488538196,0.8511607492513412,-2.631154077148795,0.008774917591812216,-11.67948826571027,1.7409518117310194,0.08760633329004194,4.076809109592622,5.3187306628587556e-05
long_form,C1_bert_s1,5,2023Q1,4,500,6.101155960534999,-2.6056620435064373,0.012175108902056258,-3.2113973807554403,0.0014061282302547135,-1.6372131943816486,-0.7441239559615423,0.46042893102509164,0.48989512106272265,0.6244234210945709
long_form,C1_bert_s1,5,2023Q2,5,496,7.591820382298359,-1.3365929700758186,0.18740602580542165,-4.454340666523487,1.0412329539317163e-05,-1.7854693048842392,0.8855685588340141,0.3800893265205589,0.5069408086501496,0.6124220981732056
long_form,C1_bert_s1,5,2023Q3,6,490,4.8637050387296235,-1.5263168532137765,0.1336329733834767,-2.7414560797983905,0.006340828473874029,4.217238258489874,-0.944854903167347,0.3495651889650425,-1.442538619228362,0.14979068046355667
long_form,C1_bert_s1,5,2023Q4,7,496,2.745381177309958,-0.5498642764765171,0.5848126024643843,-1.4186329564154803,0.1566353495087946,2.651277743873271,0.3697101786474674,0.7131292440303807,-0.8467761672732882,0.3975290864061684
long_form,C1_bert_s1,5,2024Q1,8,498,5.611010936938265,-2.91590905372886,0.005377080454199266,-3.484323639847134,0.0005370063769256723,2.8504416485511324,-1.4355035119851172,0.15762848713286431,-0.9811382268591804,0.3270019395269992
long_form,C1_bert_s1,5,2024Q2,9,500,6.993649317940758,-2.4947120972425787,0.01617781843206841,-4.837889893732267,1.7514562949961253e-06,4.075700490394035,-1.9783963456583824,0.053761809118839654,-1.6311824415517417,0.10348276277479664
long_form,C1_bert_s1,5,2024Q3,10,492,-0.1358005767651613,-0.05695185967268893,0.9548060923633706,0.0661650326869236,0.9472733672353468,-13.523839595182318,2.141807589534667,0.03700722787421204,4.196836113240618,3.2132558844155674e-05
long_form,C1_bert_s1,5,2024Q4,11,500,7.322148256557824,-2.904812290972687,0.005384569703889251,-4.28434491542939,2.199709290935292e-05,12.695116433661264,-3.2119927722600754,0.0022632834439730177,-5.036679393939847,6.630360626399156e-07
long_form,C1_bert_s1,5,2025Q1,12,503,2.884386475678517,0.6353056260185164,0.5280694363917285,-1.3386487073369349,0.18129097408854916,-11.272284011683924,1.8129387621530861,0.07572860352228274,2.8858899783941854,0.0040711191973164355
long_form,C1_bert_s1,5,2025Q2,13,504,6.81081494844127,-1.2456307391459502,0.21870560568067354,-3.0864226633561214,0.0021374815606067118,-5.477731458873756,0.7585158319783781,0.45170302635391757,1.0247398773380252,0.3059784971318496
long_form,C1_bert_s1,5,2025Q3,14,494,5.867835122063278,-0.9027832909098966,0.3709697109754412,-3.1785316105813664,0.0015732302000198203,-1.1325900451394437,0.5701260660420636,0.5711453033852535,0.36859735866457716,0.7125860936525583
long_form,C1_bert_s1,5,2025Q4,15,501,3.6412948750940526,-0.37128713324698165,0.7119616841084946,-2.1531317421982648,0.031785899825540836,5.258876938565874,0.4313696946970888,0.6680176077925016,-1.973400380515395,0.04900018168472665
long_form,C1_bert_s1,10,2022Q1,0,501,-0.3682257212405153,2.0549242294842167,0.04502586394014199,0.7977374289794138,0.42540156853515104,-6.350730456373766,0.9567776417558991,0.3431931403608992,2.7089731188552895,0.006980694205985016
long_form,C1_bert_s1,10,2022Q2,1,491,-1.4427822508931707,1.2468826664358665,0.2182500159170013,2.377949145213538,0.017791791592197133,-11.641756816457953,2.8785977970777337,0.005863049864904215,3.972108299246924,8.193292551563814e-05
long_form,C1_bert_s1,10,2022Q3,2,488,1.346111125730584,0.3858562312623394,0.7014625522629035,-1.755389888930076,0.07982133855210495,-8.792300503597259,-0.7449692871121381,0.4602511668749554,1.151072365573275,0.25026729698463385
long_form,C1_bert_s1,10,2022Q4,3,496,-2.635957705591545,2.0639463972563967,0.044029008870296586,4.905524784318164,1.2661972294737236e-06,2.0459566055778744,-0.6965160532544932,0.48920763974104287,-0.6200659338932604,0.5354997158806852
long_form,C1_bert_s1,10,2023Q1,4,500,-1.222663911429046,2.2696056960934334,0.027762508777850147,3.4430469118096485,0.000623578410304752,7.5398031905487395,-2.1439632241983966,0.037129396722225504,-2.3031177761008608,0.021682586945270005
long_form,C1_bert_s1,10,2023Q2,5,496,-2.193184711352876,1.9056462268151961,0.0624538342182574,4.586468477068202,5.718243255102697e-06,3.8038244604465015,-0.8232631841020394,0.414267812738666,-1.124035928943347,0.26154258496226035
long_form,C1_bert_s1,10,2023Q3,6,490,4.527549580747983,-2.815217177478392,0.007100033457790413,-6.827416266957532,2.5715834586798426e-11,-50.63319952413477,2.0788896863571806,0.04311071901909782,8.191356326327817,2.2725533056092854e-15
long_form,C1_bert_s1,10,2023Q4,7,496,-0.8180043248380706,0.9671785030180041,0.3380191144647839,1.5395067572854915,0.12431960683753551,3.9523679421992393,-0.9544456034779568,0.3443603534366666,-0.9396835669173449,0.34783820321803843
long_form,C1_bert_s1,10,2024Q1,8,498,-0.4461893485862782,1.6399148181190808,0.10756114495752342,1.3184310398739512,0.18796664926983664,-0.6030847517520416,-1.2451330252817137,0.2191273972884675,0.2099677584570973,0.8337788822824174
long_form,C1_bert_s1,10,2024Q2,9,500,-1.98816267247016,1.7283759256863596,0.09048622011335003,6.033932344651991,3.121739875021024e-09,4.0205380159022495,-1.6089549410672994,0.11432357039009639,-1.1361224540469597,0.25645065794716765
long_form,C1_bert_s1,10,2024Q3,10,492,-0.8033388007899912,-0.3141698865357618,0.7546735958184051,0.6915668282753527,0.48953626157295016,13.671245323537613,-0.3527887215029161,0.7257007645416591,-1.8376372580059794,0.06671992168580278
long_form,C1_bert_s1,10,2024Q4,11,500,-2.2532602602003284,0.49663096164181003,0.6215423887112091,4.372568699444776,1.4953699061081866e-05,22.195116124792698,-0.9345117612433841,0.35435945931748736,-6.1017229071277805,2.1073821003925436e-09
long_form,C1_bert_s1,10,2025Q1,12,503,-1.6605286334740847,-0.06319470724915659,0.949858495102269,3.4106463922597907,0.0007003367673236289,4.498913581672534,0.7780372077780554,0.44014175746985557,-1.2251749348878145,0.2210838495586538
long_form,C1_bert_s1,10,2025Q2,13,504,-1.8138262681049082,1.352496695740501,0.18230179815210476,4.179110326728975,3.4512059348497556e-05,-0.6959287322060959,-0.6088530423898446,0.5453783106722838,0.14316096462096253,0.8862203886470952
long_form,C1_bert_s1,10,2025Q3,14,494,1.142589491510016,0.017554687631998404,0.9860639694940839,-1.5998446952232146,0.11027365067269229,-0.9479557924831669,-0.6832131286958095,0.49762597477348336,0.17817726320591432,0.8586569553716578
long_form,C1_bert_s1,10,2025Q4,15,484,-1.2045797079421081,1.2561840860683517,0.21539177695896494,2.418204514856364,0.015966234813002998,6.170493967033238,-0.48649491218240626,0.6289262038849537,-1.8363918547410656,0.06691412197364753
long_form,C1_bert_s1,20,2022Q1,0,500,2.8055642873445072,-2.405920573892536,0.019795143064401326,-3.033581413062792,0.002542618989457668,-24.652571691796236,2.527190763944254,0.014640632694817766,6.65545335974807,7.454290611360164e-11
long_form,C1_bert_s1,20,2022Q2,1,491,2.4670434313934364,-0.9760393251772661,0.3337437846814223,-1.7882780681429702,0.07434888327020303,-42.6154619078528,3.7641376722253534,0.0004402484409139471,8.365634958012738,6.270118482947359e-16
long_form,C1_bert_s1,20,2022Q3,2,488,3.328018559920079,-1.5820392795395366,0.12080312122391507,-4.287292679408553,2.181335870689556e-05,4.701802270797788,0.5703090294228206,0.5713691046797247,-0.7044409861824649,0.48149490966797825
long_form,C1_bert_s1,20,2022Q4,3,496,4.584443380019051,-1.7929865627413164,0.07879209620056608,-5.946282341861087,5.186270271610224e-09,-29.303809423267545,0.4009914592144958,0.6900694082829881,4.634921056427413,4.573120422708877e-06
long_form,C1_bert_s1,20,2023Q1,4,498,3.730186483525756,-2.0421632968297776,0.04665008212767183,-4.803325864406603,2.069047349008576e-06,4.597585013565014,-1.3111870005989419,0.19603261009322528,-1.2431490958136862,0.21439901928742974
long_form,C1_bert_s1,20,2023Q2,5,496,3.9663051258977102,-1.3788004671178276,0.17409380257977614,-4.816828337501376,1.941899691006937e-06,7.000206303615768,-0.9700817315549365,0.33667524021907247,-1.308180649110127,0.19141917763215308
long_form,C1_bert_s1,20,2023Q3,6,489,-1.0652757991766941,0.10741341852251528,0.9149182255946443,1.5894970831834496,0.11259582454825233,-5.087948269976816,-0.4284798820521498,0.6702591567830571,1.0080105473775085,0.3139489388334031
long_form,C1_bert_s1,20,2023Q4,7,496,2.7921077104955456,-2.1929240687252025,0.03289922662484939,-4.816776272552756,1.942383494320652e-06,4.380217648146358,-0.49001906331863637,0.6262218460426531,-0.9987101508791114,0.31842307427261046
long_form,C1_bert_s1,20,2024Q1,8,495,2.5727247755062503,-2.734138369727645,0.008733953298720211,-4.195499337110872,3.228318931595343e-05,9.435325096701016,-2.301444433171917,0.02575085582851207,-2.547952165862632,0.01113744569775126
long_form,C1_bert_s1,20,2024Q2,9,500,2.5056033664746273,-0.7311682079596511,0.4683061617865415,-4.029197332442516,6.469577050279769e-05,6.158801723941378,-1.0439827271585842,0.30183343878575314,-1.3050962835661255,0.19246154601956697
long_form,C1_bert_s1,20,2024Q3,10,492,2.0575255282346716,-2.856962631829082,0.006175370585835578,-3.6974461033169628,0.0002423372152429896,12.362177056991063,-1.645311944959357,0.10605576882556546,-3.7335263692573815,0.00021093648193464443
long_form,C1_bert_s1,20,2024Q4,11,499,3.7783291090321716,-1.862125028207412,0.06824037436523792,-5.6027663358500845,3.4954938348838976e-08,17.034808040995127,-1.7549510622290263,0.08515801181834046,-4.2267445586472805,2.8209425672187884e-05
long_form,C1_bert_s1,20,2025Q1,12,500,2.2480020947553996,0.34433329510877975,0.7320114728213122,-2.2913124336163078,0.022361189545257953,-18.215595457866883,0.9915724297032004,0.32608750961591615,2.341438438201064,0.019602174349911967
long_form,C1_bert_s1,20,2025Q2,13,503,4.114942921516524,-1.9268669897502513,0.059688747966563635,-6.310559630556924,6.114479225895607e-10,8.819215348409417,-1.2385300605005254,0.22130293991088534,-1.8912208881401316,0.059170314361185666
long_form,C1_bert_s1,20,2025Q3,14,494,1.6904853235208246,-1.2418672613992727,0.2200794128505846,-2.764759427438683,0.005909931057141299,12.665702930221187,-1.095918995886955,0.278364916942066,-3.1883978659723846,0.0015215747990891633
long_form,C1_bert_s1,20,2025Q4,15,465,2.266226230240658,-1.6024970371414327,0.11754985027486127,-2.9724645749921033,0.0031078202199533844,-3.197944870321488,0.5443887315200148,0.5894400538708591,0.6334761063840626,0.5267348951693117
long_form,C2_finbert_s1,5,2022Q1,0,501,-1.400473673482072,-1.154289393445424,0.2537618882218713,1.485064718152146,0.13815685437965475,4.780229503754818,-2.985575466478594,0.004339577091278797,-2.5215731803746952,0.011992794810134348
long_form,C2_finbert_s1,5,2022Q2,1,491,3.457962331425361,-1.3383416372734873,0.1868395349427707,-3.4162695128823897,0.0006876493579764576,11.299934700830724,-0.6671693130792026,0.5077314754157979,-4.804726306449692,2.0633190555222657e-06
long_form,C2_finbert_s1,5,2022Q3,2,489,3.4246599882756192,-2.249748811709988,0.029402328683111142,-3.6487203104948533,0.0002919453344854814,11.329296965929284,-1.9891090426964593,0.052789125988107574,-3.2585680647633097,0.0011978506626976054
long_form,C2_finbert_s1,5,2022Q4,3,496,2.415092872751923,-1.3093734848636465,0.19616408907539593,-3.0872142188691427,0.0021337333613260954,6.701129921978437,-1.3611124697122094,0.1793477321511409,-2.979796658745182,0.0030261743844910015
long_form,C2_finbert_s1,5,2023Q1,4,500,1.54948318545028,-2.6565012313070975,0.010687071631785144,-2.0844296120689467,0.03762906883825861,5.110437679234759,-2.776695405650169,0.007808468566057187,-1.8731608021688344,0.06163054206539916
long_form,C2_finbert_s1,5,2023Q2,5,496,3.085711229818394,-1.9540294447986446,0.05630267555623517,-3.861433907519196,0.000127680892701238,10.090898121316627,-1.8254127371751383,0.07391448579710333,-3.4690882396735274,0.0005678177020527148
long_form,C2_finbert_s1,5,2023Q3,6,490,0.25115598394772004,0.3594672696609174,0.7208556465603235,-0.3073329000343421,0.7587208381517817,2.308614968144717,-0.31969995882560687,0.7506126065359413,-0.7665054035200202,0.44374550625891584
long_form,C2_finbert_s1,5,2023Q4,7,496,1.4341577175858635,-0.6097568009822183,0.544730206888786,-1.549993210472893,0.12178223198272647,7.539874057610591,-0.9221681056311968,0.3607830190763517,-2.355088408060129,0.01890767367101406
long_form,C2_finbert_s1,5,2024Q1,8,498,0.9262148330240748,-0.9923176039551752,0.3260187898854222,-1.3933955822595432,0.1641230168095871,2.385942655005461,-1.7810711414118519,0.08122920809401354,-0.8636518907094992,0.38819574595433415
long_form,C2_finbert_s1,5,2024Q2,9,500,1.1187989950025843,-1.561655134833053,0.12507821940182196,-1.4105531483356182,0.15899948167958894,2.5704603801056694,-1.5253434758697493,0.13387506653716086,-0.7780836022949512,0.436888493870844
long_form,C2_finbert_s1,5,2024Q3,10,492,2.336810774054193,-1.204456193911564,0.23397328254999536,-2.880167919962868,0.004148348704981537,13.833697986934963,-2.5190464832172887,0.014944336443003445,-5.169050879438364,3.4300020325714664e-07
long_form,C2_finbert_s1,5,2024Q4,11,500,2.637347770173502,-0.2438743289762349,0.8082877784528043,-3.477880886361709,0.0005495803451802785,17.53006323837829,-0.9152061378820672,0.36430809685265947,-5.610219200426984,3.3535412979385804e-08
long_form,C2_finbert_s1,5,2025Q1,12,503,3.0541081165248976,-0.8704682607384547,0.3881234488306549,-3.5504112995545167,0.0004208236939075422,10.144089306327043,-1.4459942626135758,0.15429659388838782,-4.007781006213925,7.058905073606575e-05
long_form,C2_finbert_s1,5,2025Q2,13,504,0.5105382979446048,-1.0153923784112246,0.3148072550116288,-0.7766005067212471,0.43775953519675087,-1.3929029605351197,-0.8217015367201551,0.4151478947947525,0.534173727138212,0.5934573455383911
long_form,C2_finbert_s1,5,2025Q3,14,494,3.0273168113876943,-1.221926259409598,0.22746513502726037,-3.2951908345808296,0.0010543717820966682,13.552072534381061,-1.5055548874599258,0.1384732340597144,-4.082218124013328,5.2035317610216047e-05
long_form,C2_finbert_s1,5,2025Q4,15,501,3.027970587633112,-0.3144279329949395,0.7544787643384453,-3.9543933863420775,8.780531529619362e-05,11.661201081574884,-0.6198947908998997,0.5380870090966667,-4.276031643574882,2.2795944808343095e-05
long_form,C2_finbert_s1,10,2022Q1,0,501,-0.6798279885162848,-1.2750300498376081,0.20807670592088826,0.889247628897203,0.37429763224377904,-41.556482153105705,2.92314607654002,0.005155734379734715,9.327998354446498,3.489591027934515e-19
long_form,C2_finbert_s1,10,2022Q2,1,491,0.6571107162857486,-0.8588786206436066,0.3945064541475871,-0.6914878282231877,0.4895865125112937,-51.31541787799827,4.679323940650918,2.226833790254915e-05,12.628890980894802,7.530729542283648e-32
long_form,C2_finbert_s1,10,2022Q3,2,488,5.165446457881933,-3.761881813735678,0.0004949152219841448,-6.2814844747121334,7.441339939852992e-10,3.9016428828912626,0.9514072151033934,0.3465949332094598,-0.6447670385218338,0.5193817637734326
long_form,C2_finbert_s1,10,2022Q4,3,496,2.464014942546116,-2.2990523413657313,0.025551007315320097,-3.4100273283791602,0.0007026499922048356,-33.51948568173878,1.550511697075704,0.1270841681742183,6.904508485676992,1.5511006732685004e-11
long_form,C2_finbert_s1,10,2023Q1,4,500,3.163007926222315,-3.0079435039173537,0.00417903831251065,-3.8824597988227336,0.00011730792990319303,0.8441613130445839,-1.3198226073621864,0.1931544699849223,-0.27034570276268793,0.7870060839925404
long_form,C2_finbert_s1,10,2023Q2,5,496,4.1743046183973,-2.4723346990894117,0.016869467641114647,-4.688495055220072,3.5637540097034613e-06,4.029868900008676,-0.37804323002827733,0.7069987289999233,-0.7881723188861697,0.4309731941159871
long_form,C2_finbert_s1,10,2023Q3,6,490,0.8760585481986124,-0.27614123835912524,0.7836502298557239,-1.284803679409521,0.19946915365672854,2.6687139438493537,-0.4498230171319616,0.6549059012161855,-0.5990915996912461,0.5493892419747047
long_form,C2_finbert_s1,10,2023Q4,7,496,2.1705829707938125,-1.760078551523393,0.08439096836669747,-3.010827264646503,0.0027384553270284003,-6.061449570020431,0.12326527949269989,0.9023815385249631,1.2712861345715714,0.20422391383123992
long_form,C2_finbert_s1,10,2024Q1,8,498,2.4665237351757123,-2.9967818222338485,0.004309730911782616,-4.129024741207026,4.27291205153914e-05,5.471889121971462,-1.770022597055077,0.0830748445014537,-1.682926602464291,0.09301732812590342
long_form,C2_finbert_s1,10,2024Q2,9,500,3.121525966887941,-1.7102371288085474,0.09381658292513524,-5.8051544226309275,1.1449445474337378e-08,7.3596124392790925,-1.850543690685913,0.0705261957551539,-2.1782240015758103,0.02985678704836005
long_form,C2_finbert_s1,10,2024Q3,10,492,2.7486182822093834,-3.1104147616346003,0.003056251799120339,-3.6393205864650433,0.00030233142240785704,1.4932647320072518,-0.4299735025878523,0.6690263151294809,-0.36893313938623207,0.7123365944594203
long_form,C2_finbert_s1,10,2024Q4,11,500,3.148931669248487,-1.9251998032811215,0.05968189647985982,-4.777063231207768,2.342240482961969e-06,12.99357614397699,-2.1979572981171582,0.03242796295775521,-3.9917110479784346,7.545132327745355e-05
long_form,C2_finbert_s1,10,2025Q1,12,503,1.8178110206761404,0.28047351285446875,0.7802488645612791,-1.9539757055508349,0.051258983454570924,-17.50736234493403,1.395991032482137,0.16876478060152056,2.801787751881658,0.00527832072220477
long_form,C2_finbert_s1,10,2025Q2,13,504,4.22967263475646,-1.6263780994070594,0.1101561824122123,-5.222681015422521,2.586387583694308e-07,-3.825416580344279,0.06529032610434965,0.9482031980760571,0.5189067666381509,0.6040539754980058
long_form,C2_finbert_s1,10,2025Q3,14,494,4.0337440579233625,-1.5892184828293063,0.11831510556721277,-4.869695320956527,1.5079183299638903e-06,10.912455637510465,-0.6807025517961083,0.499199996210601,-2.206065567243595,0.02783987788170345
long_form,C2_finbert_s1,10,2025Q4,15,484,2.0659724611396877,-1.5177068344251963,0.13593156738055112,-2.502154076487535,0.012673561041508703,-3.326003109597389,1.6408494359500818,0.10764971823990066,0.7612380328203527,0.44688640065745244
long_form,C2_finbert_s1,20,2022Q1,0,500,4.964312914403064,-2.8044878892613636,0.007113414327987408,-3.6728345137876808,0.00026578911711022554,-23.673340048665107,1.8845255874054283,0.0651989729547946,5.014983597610678,7.383634329418526e-07
long_form,C2_finbert_s1,20,2022Q2,1,491,10.458082602506694,-2.2253224154361892,0.030599378397337777,-5.094229015289346,5.005703747395417e-07,16.214949914403892,0.1553088140702721,0.8772031658881094,-2.981427871075669,0.003011846645449257
long_form,C2_finbert_s1,20,2022Q3,2,488,-0.6868459576819486,-0.7624330771817626,0.449869692103995,0.5309151700283328,0.5957195958180617,10.456503744050513,-0.6187666821855231,0.5392605241850815,-1.2691402171213657,0.20499726469187318
long_form,C2_finbert_s1,20,2022Q4,3,496,6.163502791071468,-2.0043881362459635,0.050249040455424505,-5.572483531696585,4.130426608690492e-08,-28.363983496298168,0.3177014275965639,0.7519837172504054,3.8075604127861347,0.0001579588846527963
long_form,C2_finbert_s1,20,2023Q1,4,498,5.125047500334352,-1.5082127949872355,0.1380544265707035,-3.4208713225131495,0.0006756346385930747,17.242961200762828,-1.5807640666280218,0.12049987326010249,-3.1584119188335484,0.001682826378931453
long_form,C2_finbert_s1,20,2023Q2,5,496,-5.305820695872513,1.387246211601645,0.17151953122281172,3.3612231738054046,0.0008359960242620917,-0.5667142806455313,-0.41353454204324064,0.6809833890968153,0.08587530913442533,0.9316002628482792
long_form,C2_finbert_s1,20,2023Q3,6,489,-6.929730820035475,3.4137238600158737,0.0013285876619922065,7.20568074382529,2.2066402058332883e-12,-31.47085917924941,0.5887711872322842,0.5588339784926736,4.532845434743767,7.329055922595803e-06
long_form,C2_finbert_s1,20,2023Q4,7,496,1.4751320744496839,-1.4360318900034488,0.15709904117562334,-1.6575365865662415,0.0980446195978296,1.5586599804783603,-0.6905694398267855,0.49296722514689945,-0.2640357711684599,0.7918622433910503
long_form,C2_finbert_s1,20,2024Q1,8,495,0.02933282356465997,-0.9038384017462608,0.37059505283886524,-0.034223042978984104,0.9727131150814676,-0.5848261139173182,-1.0635885034187265,0.2928367190027108,0.1416615213393011,0.887405121561114
long_form,C2_finbert_s1,20,2024Q2,9,500,-12.566358138505558,1.0477410188072733,0.30011622183571546,7.88248118973692,2.0319204752939073e-14,-45.826612487476915,0.5897134131842259,0.5582072648493113,4.592292713305283,5.5568983365413405e-06
long_form,C2_finbert_s1,20,2024Q3,10,492,-1.9157971031191285,0.3065997706911317,0.7603963240176542,1.826537853683199,0.06837630176825527,7.025355917808635,-0.3641380528083481,0.7172603136481153,-1.5418656788533707,0.12375045362152996
long_form,C2_finbert_s1,20,2024Q4,11,499,5.59644466933845,-2.618760542226207,0.011535579696322126,-5.385462178337097,1.1157917637237453e-07,28.552903746051943,-2.1707236871753866,0.03453983898958235,-5.407607481696428,9.930484403188113e-08
long_form,C2_finbert_s1,20,2025Q1,12,500,2.8074455374421126,0.5367866968738066,0.5937490643754816,-1.6079636136442546,0.10847564184066219,-14.247720347780815,0.9095271645209272,0.3673503897155556,1.2025610990679387,0.22971651485429953
long_form,C2_finbert_s1,20,2025Q2,13,503,-8.303747194680454,1.4731044903159631,0.1469906793752287,7.67649537585366,8.598863352878741e-14,-18.880531290724765,1.0459141860123093,0.30063078889098815,3.270406839004666,0.0011477014093786934
long_form,C2_finbert_s1,20,2025Q3,14,494,-2.985387854633552,0.2433716768597726,0.8087132253404326,2.7661748546235065,0.00588473609251071,6.5554523576435795,-0.5632999855385925,0.5757482131562498,-1.2072683413210448,0.2279077158129756
long_form,C2_finbert_s1,20,2025Q4,15,465,1.2168744767755342,-1.2745118694829458,0.2104286079759073,-1.2716267560047143,0.20414277748399504,-3.9061671218492955,0.12512883225241245,0.9010989631590673,0.7330454798409158,0.4639008583765103
long_form,C2_finbert_s2,5,2022Q1,0,501,-2.7589885825213125,0.7633769916274821,0.4487556193246005,4.51413784209907,7.935887183788566e-06,-35.43860577425364,4.0644063741535525,0.00016668132432721535,9.788991651534149,8.08339664813715e-21
long_form,C2_finbert_s2,5,2022Q2,1,491,0.08436137645077652,-1.3176170905895987,0.19363761307999408,-0.1289875190718126,0.897420451106196,-21.989444776889663,4.302389558248058,7.843349833897271e-05,7.102110073336982,4.34839663475317e-12
long_form,C2_finbert_s2,5,2022Q3,2,489,2.0559032260588146,-0.89904644614847,0.373413677039368,-4.467940929480508,9.825598145873098e-06,0.46153023471305005,1.902474081840049,0.06352026891191474,-0.1302961205859257,0.8963858404813496
long_form,C2_finbert_s2,5,2022Q4,3,496,1.198896957524634,-1.6054287728905299,0.11445614861805754,-2.358362421561304,0.01874360490065185,-12.307252066781095,1.8464876157525172,0.07051611062182206,3.707614005259592,0.0002328697167804001
long_form,C2_finbert_s2,5,2023Q1,4,500,2.2601237177245244,-2.9888192008504038,0.004405290569429303,-4.771174373911901,2.408691962530079e-06,-1.329761870078839,-0.6081154655894404,0.5459777213790984,0.43104559337893233,0.666621359800526
long_form,C2_finbert_s2,5,2023Q2,5,496,2.177930359825997,-2.050757312476568,0.045549937889687885,-5.544658355390791,4.798930213300084e-08,2.8631307966801938,0.3065865096662202,0.7604312554355278,-1.0766181119018365,0.2821753358807281
long_form,C2_finbert_s2,5,2023Q3,6,490,1.3204180079731724,-1.9962313841992383,0.05172041308591433,-3.092509822083282,0.002098140003948848,6.030852153138278,-1.4678081451807004,0.14881710701832004,-2.2327635074399304,0.026016408338430295
long_form,C2_finbert_s2,5,2023Q4,7,496,1.4716865532846113,-1.207764579716847,0.23270896244359107,-2.949869644767856,0.0033296048329543313,-0.8852191221757041,0.7734206062187513,0.4428437352590088,0.2634658517703933,0.7923011771297731
long_form,C2_finbert_s2,5,2024Q1,8,498,1.849515955669581,-2.9050365648740724,0.0055380462405359215,-4.188032163458833,3.3292531408753846e-05,1.319290879724138,-0.9633258408044427,0.34021225900544116,-0.43625752086201386,0.6628393397510993
long_form,C2_finbert_s2,5,2024Q2,9,500,1.6381440466544752,-2.7720556129475455,0.007958425184404653,-4.418823552685456,1.218206079109705e-05,3.750844414111035,-2.3103834867031585,0.02530490623052483,-1.6084443148470655,0.10837036974077349
long_form,C2_finbert_s2,5,2024Q3,10,492,0.7986677320747797,-0.24974993239116,0.8037839869925844,-1.664268970570167,0.09669668872396434,-2.123991402684818,1.5346962084787046,0.13103940783828036,0.7565479498852958,0.44968358131581077
long_form,C2_finbert_s2,5,2024Q4,11,500,1.0199840126616015,-1.3375461438952307,0.1868654479385678,-3.0164407611512187,0.0026880971921911753,6.374413486943299,-0.283695830969732,0.7777700029718092,-2.998335618074993,0.0028500145820246126
long_form,C2_finbert_s2,5,2025Q1,12,503,1.1881092343736297,0.05140632741362806,0.9592025620774758,-2.4382199011848122,0.015105572142651647,-9.095416963988534,1.7915572556298978,0.07913813341417598,2.7551819114229255,0.006079067879979251
long_form,C2_finbert_s2,5,2025Q2,13,504,1.8751225611249405,-1.7793689496708385,0.08125785459358484,-4.486183516628595,8.993560480545327e-06,-0.833984927458848,0.46779401785736,0.6419645334825504,0.22586120662927822,0.8214011136617857
long_form,C2_finbert_s2,5,2025Q3,14,494,1.9099052906435454,-1.418750369645828,0.1621754789588818,-4.608922288761597,5.161900418204231e-06,5.84006580745114,0.14745824122332662,0.8833633579191005,-2.15192521080611,0.03188814842481722
long_form,C2_finbert_s2,5,2025Q4,15,501,1.7636930634210315,-1.8177766610556731,0.07497450355125111,-4.409263191413471,1.2706156395952661e-05,2.1003618744407113,0.5243876259756073,0.6022808378425873,-0.8445815900648715,0.3987484190299244
long_form,C2_finbert_s2,10,2022Q1,0,501,-1.0300096022717515,-0.2215635113161782,0.8255384626033241,4.209914802054229,3.0296330787773525e-05,-36.647592845361594,2.3095003426615985,0.025000676181560634,9.340200571431547,3.16358024187216e-19
long_form,C2_finbert_s2,10,2022Q2,1,491,1.0402311361505385,-2.8695504449079934,0.00600860553329958,-3.550062453340869,0.00042228154566098416,-7.895574746268877,3.0873989642852973,0.003290350066983053,2.4939988517380858,0.012959825525381505
long_form,C2_finbert_s2,10,2022Q3,2,488,0.7630549849687028,-2.433083787999015,0.01910332673576933,-3.6859702713993237,0.0002534293169209969,7.12028956661395,0.682630694742152,0.49841866267526336,-1.5165678225768793,0.13002464900283572
long_form,C2_finbert_s2,10,2022Q4,3,496,0.9900480534481166,-3.3502865135250577,0.0015090110977486857,-5.492580350806757,6.34386595224323e-08,-4.863640885462363,-0.37134734071821496,0.7118876213781618,1.6191584547271831,0.10605008870796546
long_form,C2_finbert_s2,10,2023Q1,4,500,0.5515360184416715,-4.040825037569095,0.00019154606758139744,-3.910066921347086,0.00010503107677579795,-3.111030198964388,-1.8755953679629926,0.06680008075782402,1.005517624729818,0.3151350012648317
long_form,C2_finbert_s2,10,2023Q2,5,496,0.5655323099123931,-2.255239535397505,0.02852715799785975,-2.65072797749557,0.00828911209555795,5.216141447163927,-1.643631633816622,0.10652670002503267,-1.4554893097389376,0.1461677372357849
long_form,C2_finbert_s2,10,2023Q3,6,490,-0.20197831747341716,-0.2821972844218879,0.7790312137755793,1.284145011952498,0.19969929264369116,-3.2395845636147778,-0.5411164173757453,0.5909830571753673,1.0885065083244223,0.2769077366017518
long_form,C2_finbert_s2,10,2023Q4,7,496,0.46974295001343536,-2.5283556887427805,0.014597652996098715,-2.380110964002842,0.017685102763844683,2.4365694038585564,-1.2802383144092877,0.2062538277582628,-0.6513666045536646,0.515112140637813
long_form,C2_finbert_s2,10,2024Q1,8,498,0.9388517474032294,-3.288251009732174,0.0018913358446432415,-6.10343139253316,2.0921154215894857e-09,5.949863133879426,-2.133367930302165,0.03803375447653034,-1.9656140864862615,0.04989955540569307
long_form,C2_finbert_s2,10,2024Q2,9,500,0.33893636367070484,-1.3262109952817587,0.1911787780390004,-2.009660776724349,0.04500494487680957,3.369607740348231,-1.546170304337908,0.12877101296197074,-0.9950399799766616,0.32019907919682034
long_form,C2_finbert_s2,10,2024Q3,10,492,0.7258975184742176,-2.5550836285828478,0.013642467003475081,-3.6853829396232087,0.00025378224839164105,10.148996043093767,-1.1243194945366457,0.26614162478997067,-3.174563884641964,0.0015948452580993636
long_form,C2_finbert_s2,10,2024Q4,11,500,0.779464381590497,-4.1441835690409645,0.00012595198430786648,-5.130891481387813,4.1366421989566335e-07,13.943109230834388,-3.1350434166874965,0.002824691278954951,-5.759573603963109,1.4760141905418452e-08
long_form,C2_finbert_s2,10,2025Q1,12,503,0.2999424455313393,0.25012145924125984,0.803498241575814,-1.6477474810230275,0.10003022629726989,-13.146174811421298,1.2933030617906738,0.20173379093522342,3.7832345920363446,0.00017347258055102737
long_form,C2_finbert_s2,10,2025Q2,13,504,0.48423045352173294,-2.489272931049062,0.016172664069125525,-3.3675948248086125,0.0008163797339167977,1.0229009403214273,-1.0913637062003907,0.2803441185686669,-0.2723620426153219,0.7854554224127512
long_form,C2_finbert_s2,10,2025Q3,14,494,0.5222384500301671,-2.0835643561279835,0.04233176052102668,-3.4612247616507785,0.0005844517368825573,8.797454379579131,-1.1471840402035522,0.2567654240786338,-2.9470934123987287,0.003359738536611154
long_form,C2_finbert_s2,10,2025Q4,15,484,0.4587892374803619,-4.24112502956937,0.00010624867281913239,-2.734205512296176,0.006482814939652443,2.290341302544149,-0.2112224576021066,0.8336466819752082,-0.733407048094364,0.463666017287829
long_form,C2_finbert_s2,20,2022Q1,0,500,1.7448975016263162,-2.1857374713671818,0.03345137468409883,-2.0431716279589835,0.04156022068350288,-25.73005905390583,1.6568549050216947,0.1036890652833517,6.981946869755617,9.327881887162808e-12
long_form,C2_finbert_s2,20,2022Q2,1,491,6.258956796962335,-1.7507356732684995,0.0861250779127218,-4.553582874515711,6.662567027136393e-06,-9.584467968145045,1.3526166701389344,0.18226370053999566,2.2994750123922283,0.021897629385806965
long_form,C2_finbert_s2,20,2022Q3,2,488,4.151189289209766,-2.1923011357104185,0.03369178024455852,-4.629621549885425,4.705199359985915e-06,11.369678379335822,0.0433677469976002,0.9656046016349864,-2.329880263500685,0.020220266077539118
long_form,C2_finbert_s2,20,2022Q4,3,496,5.5235230180339325,-4.4669229612028944,4.306942880650074e-05,-7.112822487339369,4.004553405115165e-12,-5.280723251739901,-0.16081305258410575,0.8728637793043816,1.204332954205886,0.2290364486824509
long_form,C2_finbert_s2,20,2023Q1,4,498,2.6027246030753264,-3.12524729770314,0.003012556822189685,-3.7170921050925965,0.00022444133410804044,-0.6761818937824022,-1.441113286786475,0.15604485863316006,0.2124827851630154,0.8318175247351729
long_form,C2_finbert_s2,20,2023Q2,5,496,0.7415659897988215,-0.6703133776477951,0.5057424207321232,-0.9731673438023865,0.33094544589953795,8.77166933417133,-1.3463472476215024,0.18426269989683158,-2.2454028716530674,0.02518282539709897
long_form,C2_finbert_s2,20,2023Q3,6,489,-1.6392274447524622,1.5279129233312407,0.13323676418756175,2.038628630944656,0.042025562306944625,0.6514464311622146,-0.794806355428945,0.4307215404551569,-0.15512413307718198,0.8767875968508979
long_form,C2_finbert_s2,20,2023Q4,7,496,0.41461969531278225,-0.7527284698377045,0.45507365659082566,-0.5840409924371225,0.5594587830779958,4.104872012225762,-0.8810829085451739,0.3824064663405361,-0.9178760270438626,0.3591307797998034
long_form,C2_finbert_s2,20,2024Q1,8,495,1.3394557663391466,-1.4760920940904865,0.14644972471576956,-2.656178595949996,0.008158719512686182,4.940231799787866,-1.7550942476626816,0.08562413732874367,-1.4848124980562216,0.13823130554402635
long_form,C2_finbert_s2,20,2024Q2,9,500,-1.4597509349434066,-0.06828909297899717,0.945845207924091,1.8365335152089075,0.06687344494871593,4.6370602216029955,-0.9203277004650492,0.3621013064470481,-1.1034835750639898,0.27034908209056413
long_form,C2_finbert_s2,20,2024Q3,10,492,1.8413951177460102,-1.9464674650039382,0.057117362688752484,-2.3494380787339124,0.01919699408317965,12.276333250727083,-0.9055938015444984,0.36940944703910894,-3.2829355086262937,0.0011005603135071484
long_form,C2_finbert_s2,20,2024Q4,11,499,3.2861514408402264,-1.8966650981705693,0.06343318084558251,-3.5263008019689748,0.0004603502893325882,16.225141714613656,-1.0921374159207593,0.27980695968480046,-3.936384390357484,9.449281523949575e-05
long_form,C2_finbert_s2,20,2025Q1,12,500,3.1233565039383704,-0.23784510745884774,0.8129542085689773,-5.030404965422811,6.840214243274439e-07,-9.693341562505259,0.9780832960416952,0.33265008212179775,2.505733657291063,0.01253708818615012
long_form,C2_finbert_s2,20,2025Q2,13,503,0.49802239357151645,-0.4375632388268833,0.6635872546588901,-0.8099048181923888,0.41837862116103297,2.6276341419044034,-1.367947225290462,0.17744540233498485,-0.7720306231759486,0.44045957635961414
long_form,C2_finbert_s2,20,2025Q3,14,494,1.649738076335275,-1.2857258728492722,0.20446167100373847,-2.624069218889101,0.008958046139113177,12.887113114063757,-0.852959659347054,0.3977493138670263,-3.5576528617666963,0.0004103404974036825
long_form,C2_finbert_s2,20,2025Q4,15,465,0.752014823548839,-0.325079342621375,0.7469520993723351,-0.9239714288400964,0.3559814341902547,0.6650689535643481,0.14582757724692305,0.8848490924147989,-0.14820427752953846,0.8822459389372576
long_form,C2_finbert_s3,5,2022Q1,0,501,-5.725437510353859,1.169156736353597,0.24777607533526252,4.447615425080288,1.0708493678826251e-05,-49.39133368961044,4.466218874994887,4.4341721983115804e-05,11.498121016468538,2.6093993886879923e-27
long_form,C2_finbert_s3,5,2022Q2,1,491,4.571297192330565,-2.4418576130364364,0.01819190902459684,-2.884852798001818,0.00408849995264672,-21.67261875186246,4.574875954996459,3.167936801902102e-05,6.3311388285932235,5.506092163940744e-10
long_form,C2_finbert_s3,5,2022Q3,2,489,3.7803832258145347,-0.7825829479466476,0.43797102663491433,-3.423044556021633,0.0006713472368016777,-2.5513305356994374,1.7349648683604815,0.0895921665748187,0.6361969816555633,0.5249463052914026
long_form,C2_finbert_s3,5,2022Q4,3,496,6.396646555335878,-0.7434192173408262,0.46057374429132913,-4.775865528953536,2.360698198570658e-06,-4.968429876025095,1.4845455685831694,0.14370127996130705,1.5133596912377196,0.13082651587908534
long_form,C2_finbert_s3,5,2023Q1,4,500,4.479437808357421,-3.2884090628194422,0.0018904713262894999,-4.463091433250891,9.99491856148275e-06,-1.9593540564268832,-0.3200048181990485,0.750353496423764,0.5724024026174398,0.5673071815128724
long_form,C2_finbert_s3,5,2023Q2,5,496,3.7679737622928977,-2.9003966094711853,0.005525687076697138,-4.16601265332259,3.657830934811613e-05,5.015284872956471,-0.17904177672955784,0.8586284481993911,-1.8756619889764599,0.0612900452260173
long_form,C2_finbert_s3,5,2023Q3,6,490,0.6074257226000757,-1.085442770612021,0.28326177247443707,-0.6128477106899965,0.5402619453614492,6.16377364073037,-1.556948446279923,0.12619154005571218,-2.118097586980445,0.03467065733690266
long_form,C2_finbert_s3,5,2023Q4,7,496,2.6011589823236223,-1.3162281776557754,0.19398272669903469,-1.9643668342242393,0.05004661380712187,5.15615395122948,0.10458323948569787,0.9171167393644538,-1.387381729902919,0.16594968158632387
long_form,C2_finbert_s3,5,2024Q1,8,498,4.061465403055818,-3.8865749551118878,0.0003114680866956387,-4.147852173868356,3.947160121147203e-05,3.1067348490168927,-1.2865580321588745,0.2044190912712155,-0.9595179824852744,0.33776441295961185
long_form,C2_finbert_s3,5,2024Q2,9,500,0.947448340543822,-1.953916667259788,0.05667653597714737,-0.9140304500929941,0.36114227712145874,3.024788476391212,-2.082228635171631,0.042790875620778934,-1.1752086333169816,0.24047170545097715
long_form,C2_finbert_s3,5,2024Q3,10,492,2.708430422604419,0.00370592223218822,0.9970575669414979,-2.370694236481491,0.018139911915866547,-2.5000186005668494,1.5820485376613476,0.1198209808196348,0.8497036225316661,0.39590400103475304
long_form,C2_finbert_s3,5,2024Q4,11,500,6.204520893410219,-2.121010949348977,0.038708085946703046,-4.616505559894826,4.970201698602418e-06,15.482562742272643,-1.4625332660497283,0.14961318434964918,-5.109395167446109,4.609744179619731e-07
long_form,C2_finbert_s3,5,2025Q1,12,503,2.725586224097682,-0.09156148390098015,0.9274051533771007,-2.5262426405662346,0.011835346213418793,-14.496058914466726,1.9111794285784958,0.06160944806673122,3.528068393323019,0.0004570445971461252
long_form,C2_finbert_s3,5,2025Q2,13,504,1.7586943758048148,-1.248596463585324,0.21762748652346878,-1.9998261605327945,0.04605629630384248,-2.410730684921881,0.8276884778506505,0.4117800772296095,0.5723374961213578,0.5673490615311841
long_form,C2_finbert_s3,5,2025Q3,14,494,3.25223796956701,-1.4538533776700784,0.1522354940823853,-3.311516463211473,0.000996002699580401,4.376957391284141,0.3155815483128246,0.7536336364973,-1.5243044192523505,0.12807388590951813
long_form,C2_finbert_s3,5,2025Q4,15,501,2.3546228681997623,-1.0254146851837376,0.31000678405070053,-2.1831296165305667,0.02949056640999604,5.270310494135895,0.42110984637741444,0.6754443306187847,-1.7785847210647174,0.07591539703947923
long_form,C2_finbert_s3,10,2022Q1,0,501,-3.5443504864268407,-0.26805198088249654,0.7897405212058413,2.4321164017650267,0.015360840950975547,-71.82182802232651,2.957400285265158,0.004691740773366427,10.651450093807231,5.1534221780937535e-24
long_form,C2_finbert_s3,10,2022Q2,1,491,10.221318817610902,-3.3345429508360414,0.0016155713883313208,-5.122130825189018,4.3510839982462305e-07,-28.361847816202502,4.548206635128586,3.464833154197947e-05,5.7876329740590435,1.2753414960650037e-08
long_form,C2_finbert_s3,10,2022Q3,2,488,4.976360909052596,-3.1668765872379394,0.002798580700663003,-2.7392926921136613,0.006382992096843611,2.2632985279727507,1.1876226986651681,0.24135386012081517,-0.2636014899151011,0.7921985084732539
long_form,C2_finbert_s3,10,2022Q4,3,496,2.04476241071642,-1.9562715770795913,0.05581407471456766,-1.3637827502473918,0.1732557890691282,-71.92765619001642,2.4766700861148485,0.016551626732582522,9.147035206004025,1.5232612310881482e-18
long_form,C2_finbert_s3,10,2023Q1,4,500,3.5770119075656948,-2.412404482197969,0.01971818170009761,-3.9259229862190743,9.854046536154814e-05,-11.235467110587006,-0.282778582607462,0.7785624778029712,1.7630821838263344,0.07849865746221318
long_form,C2_finbert_s3,10,2023Q2,5,496,0.5503176771584624,-1.4673894063061714,0.1485326409534611,-0.31905051332348255,0.7498227982088241,2.4382196906509237,-0.4756232986258461,0.6364142456843941,-0.43427295084842515,0.6642794736432236
long_form,C2_finbert_s3,10,2023Q3,6,490,-2.431460387211095,-0.334859706093957,0.7392208309346188,1.9427916626338289,0.05261494458198169,-2.878094839537519,-0.2831074147933995,0.7783377380321638,0.5654045093635406,0.5720579776489132
long_form,C2_finbert_s3,10,2023Q4,7,496,5.551079785960587,-3.595433782368089,0.0007298833982199993,-4.384300498110149,1.4220805810430116e-05,-18.61305869927185,1.6197257869274013,0.11145915479579496,3.002843301531328,0.0028099857343901334
long_form,C2_finbert_s3,10,2024Q1,8,498,4.760718113875803,-2.2486271406776814,0.029163238437728597,-4.439568184455741,1.1114566894906593e-05,5.774071354999221,-0.7662103308516838,0.4473029990553289,-1.246481042889567,0.2131750130594555
long_form,C2_finbert_s3,10,2024Q2,9,500,-4.020992123588249,-0.6836217383497262,0.4975706799817256,2.7880659990883916,0.005504754408653986,-10.363786847432847,-0.9790596575522331,0.33256338964455845,2.0415464512260026,0.04172195761546547
long_form,C2_finbert_s3,10,2024Q3,10,492,3.7257690921727535,-0.39208574225673615,0.6966285987819123,-2.3885847966314158,0.017290184174308353,6.094758699463729,1.3026687660939984,0.19853956439892367,-1.1877126696050277,0.2355208619093591
long_form,C2_finbert_s3,10,2024Q4,11,500,4.0300929261015295,-3.6899636869219608,0.0005376475621637838,-4.193115924990347,3.255828766802184e-05,0.4781043801483648,-0.9759775749363822,0.33359423501271884,-0.15027680109130845,0.8806069584854126
long_form,C2_finbert_s3,10,2025Q1,12,503,1.990190490444847,0.58867813127745,0.558675573630624,-1.1821823088015677,0.2376930271088462,-32.00527753123473,1.5033136304955113,0.13892578999999342,3.6329513787517476,0.00030902645537342306
long_form,C2_finbert_s3,10,2025Q2,13,504,-0.5489968954396246,-0.9539016913731089,0.34472251289885103,0.49398849609644035,0.6215299470435756,-4.438158236899948,0.38654982906074087,0.7007297060921219,0.6608272015697432,0.509025674304672
long_form,C2_finbert_s3,10,2025Q3,14,494,3.1069188291933894,-1.5747303169533882,0.1216256783474662,-2.8664553450214223,0.0043285003693326555,9.395375556151539,0.4134338639767902,0.6810566547116385,-2.0018053484763403,0.04585308116398593
long_form,C2_finbert_s3,10,2025Q4,15,484,4.633151084040467,-3.1001639769061367,0.003297314428101831,-3.4934973943823726,0.0005205880510103299,-18.555326572632964,2.362805565043876,0.022421344173291877,3.1835127413968256,0.0015488900574597187
long_form,C2_finbert_s3,20,2022Q1,0,500,6.912730798125458,-3.889964607188399,0.0002914454108056506,-4.296785534534352,2.084028211811529e-05,-32.471185974308874,3.0529652906245524,0.0035948447310178654,9.700105347311325,1.6986249526249428e-20
long_form,C2_finbert_s3,20,2022Q2,1,491,14.149487054066116,-1.8278385898739868,0.07354360812905951,-5.131320871031016,4.1542128174710936e-07,-7.653207347814731,1.3193798274883577,0.19305221423736627,1.762253287748826,0.07864995511626072
long_form,C2_finbert_s3,20,2022Q3,2,488,-2.619015616025373,-0.4184281189864343,0.6776694829724621,1.275847534787973,0.2026176025082878,14.255493321878065,0.0928037226888098,0.9264807721796765,-2.238803190516815,0.025619620591755054
long_form,C2_finbert_s3,20,2022Q4,3,496,7.783908574206029,-3.159945865878851,0.002630063050114678,-5.447440625192441,8.065816237435566e-08,-22.751378946154787,0.4165828469211872,0.67869816394075,3.6053137686476453,0.0003433684596393427
long_form,C2_finbert_s3,20,2023Q1,4,498,6.691261931213792,-1.5986229493667026,0.11646714399981956,-3.124397463631074,0.001885777584462082,9.331001658568306,-1.975082319706146,0.05402508285241655,-2.5889119495529718,0.009910096162006315
long_form,C2_finbert_s3,20,2023Q2,5,496,-9.818773888243824,1.6910078902651626,0.09706051591966804,5.515156074491317,5.622456087692013e-08,15.453673705906176,-1.5718577264421127,0.12229085463217845,-3.588042468895457,0.0003663059648045513
long_form,C2_finbert_s3,20,2023Q3,6,489,-18.93511978501834,4.3329720815234145,7.68747051406554e-05,11.14980635350448,7.11749581196749e-26,-18.027857615661848,0.2677960871261826,0.7900280551938008,3.3641646084239274,0.0008282094819752287
long_form,C2_finbert_s3,20,2023Q4,7,496,-5.331686562147851,0.2159326953718331,0.8299015373600452,3.4653035361849116,0.00057567574966728,5.772533083028521,-1.0759770262141717,0.28700135728147846,-1.1504151020226712,0.25052839196501964
long_form,C2_finbert_s3,20,2024Q1,8,495,-3.995165992228959,0.1645616390417042,0.8699800755479125,3.4466559898286455,0.0006159981468036805,7.343286081772977,-1.647359646260613,0.10601615366563587,-1.9897356195175817,0.047170929776310905
long_form,C2_finbert_s3,20,2024Q2,9,500,-18.195288782016018,0.8283957549450056,0.4116334340129192,7.879324224238759,2.0780948367286327e-14,-3.430037583252868,-0.5740963866439205,0.5686400786067309,0.5296280078567625,0.5966054211209565
long_form,C2_finbert_s3,20,2024Q3,10,492,-8.771340978503412,2.1311155696511466,0.03792129081224695,4.614339439921462,5.039406241976986e-06,11.660340834672427,-0.5019477162034048,0.6178645425422881,-2.831064613648376,0.004829688130806671
long_form,C2_finbert_s3,20,2024Q4,11,499,4.067543838008381,0.29780643312817484,0.7670375297558389,-1.8499938309880326,0.06490661709892852,23.52756553225414,-2.1219436618628897,0.03862599993096775,-5.198960151214408,2.9306396281872577e-07
long_form,C2_finbert_s3,20,2025Q1,12,500,6.020045142342876,-0.1699014400907885,0.8657598270059403,-2.904918562451696,0.0038364962608416838,-5.126219640172985,0.9082356536316687,0.3680256632655705,1.0664939078279754,0.2867161512807169
long_form,C2_finbert_s3,20,2025Q2,13,503,-10.178125146424716,1.3795064751636468,0.1738774782317152,7.00024693126254,8.228365533451517e-12,2.215146051994764,-1.8939746883570447,0.06402065264353217,-0.5419705463103188,0.5880792735579394
long_form,C2_finbert_s3,20,2025Q3,14,494,-10.447931689623205,2.0082932339537325,0.05002918911608949,6.96443600739347,1.0587359999303492e-11,11.351393066528807,-1.3147934102712873,0.19457814447110267,-2.6814701738328766,0.007575717801080436
long_form,C2_finbert_s3,20,2025Q4,15,465,-3.334442908387068,1.3027497500918113,0.20071044078162303,2.082648918024067,0.03783036744611064,4.2015686580863845,-0.006968398455961171,0.9944775046059495,-0.9158196573276391,0.3602372016575063
long_form,C2_finbert_s4,5,2022Q1,0,501,-8.990523841354115,2.1769973036563814,0.03413387015653566,7.667360053999699,9.221435477149012e-14,-70.24652821809447,4.499054459374689,3.971234613318259e-05,13.235443588832464,1.701646794456853e-34
long_form,C2_finbert_s4,5,2022Q2,1,491,-0.12359996802067653,-0.8903719513666895,0.37753052607017135,0.13221892401076585,0.8948654078177943,-32.22500884721636,4.8265596345318915,1.3491269173638675e-05,10.681431719727794,4.389767805378284e-24
long_form,C2_finbert_s4,5,2022Q3,2,489,3.5261792880201104,-0.4671685169305027,0.6426335773059935,-4.428417600531771,1.1725415169985534e-05,-11.519262725992157,2.2781217438791423,0.027518503384468533,2.9535558894811302,0.003292954385761498
long_form,C2_finbert_s4,5,2022Q4,3,496,1.0280578942473064,-1.239078857233172,0.2208800440422634,-1.0532142041422536,0.29275666338710415,-22.638701791619898,2.5612971999110994,0.01336827269451979,5.453674738105764,7.803456084130916e-08
long_form,C2_finbert_s4,5,2023Q1,4,500,3.7427920549323104,-2.5747401545561868,0.013170441969937694,-4.365949772582562,1.539656071996537e-05,-13.143941358248828,1.8946629513389424,0.06416962241448995,3.393631994738938,0.0007446063184367542
long_form,C2_finbert_s4,5,2023Q2,5,496,2.657750998896586,-2.117528283583452,0.03921063183010173,-3.6484004580984513,0.00029188390633841556,-2.4932047047497,0.5989630945604588,0.5519017441849606,0.7175661703474392,0.47336330997667336
long_form,C2_finbert_s4,5,2023Q3,6,490,2.414677748906097,-2.5039880269216988,0.015809427983754995,-3.7588981109525545,0.0001912828344624454,5.226046749199832,-0.5148970047780603,0.6090381649516421,-2.1413055113375195,0.032743026347725745
long_form,C2_finbert_s4,5,2023Q4,7,496,2.402208179214055,-1.8570739395866098,0.06908002775773121,-2.872610224073579,0.0042457341339977505,-4.878643112699395,0.6764933062295821,0.5017842082674219,1.4302007679474409,0.15329029756162546
long_form,C2_finbert_s4,5,2024Q1,8,498,4.483740930898398,-4.903657500930829,1.1183737774209605e-05,-6.5269916064311495,1.65808666956535e-10,-1.7346294960453996,0.6831149903113802,0.49781831560272594,0.5803697044632462,0.5619283674458587
long_form,C2_finbert_s4,5,2024Q2,9,500,2.3594280668297154,-3.129428918364632,0.003007172870365496,-4.364618964887813,1.5487104581976335e-05,2.5400888370088497,-1.0205637944609967,0.31268581086573904,-1.255103528845977,0.2100286457586498
long_form,C2_finbert_s4,5,2024Q3,10,492,1.2787942268967023,-1.0773620333683165,0.2863883294374088,-1.4680979288452203,0.14271792735554822,-9.650023829390394,1.5948648519668516,0.11692156316521114,3.1654752850997574,0.0016444749706268475
long_form,C2_finbert_s4,5,2024Q4,11,500,0.7866619147451368,-1.3701784718551469,0.1765180735446615,-1.0242405496730864,0.3062179363290572,-3.046838640595273,0.5277321542249147,0.5999300036210605,1.1961939407652082,0.23218895075558607
long_form,C2_finbert_s4,5,2025Q1,12,503,0.667842598169891,0.05373981270743473,0.9573524231520802,-0.6759557287255235,0.4993800334251488,-23.394245491821813,2.3116670321451407,0.024871424535226457,5.844917286732848,9.130684623172472e-09
long_form,C2_finbert_s4,5,2025Q2,13,504,2.681857225904519,-2.0812007562709027,0.042556810012670934,-3.9213079480194946,0.00010028688465040147,-1.6214395115443463,0.8250346400612278,0.41327086851284117,0.4567919756330608,0.6480177689183898
long_form,C2_finbert_s4,5,2025Q3,14,494,2.8769173458193733,-1.386717233480286,0.17167989786634483,-3.8310583855983817,0.000144071159551442,-0.6130359763962172,0.749542760995283,0.4570423881803075,0.2252702017810828,0.82186242656175
long_form,C2_finbert_s4,5,2025Q4,15,501,2.6684696676884387,-1.2720320418381943,0.20913144037917636,-3.5535043629046017,0.00041617448723007156,-2.9330801086615494,0.9692164180799857,0.3370114051893181,1.1022661100475522,0.27087628073383835
long_form,C2_finbert_s4,10,2022Q1,0,501,-0.9432060996712036,-0.016503286644177162,0.9868972743958235,4.109667218788872,4.630157652794049e-05,-73.20708000621468,3.40622404618929,0.0012922142951006521,9.829565250312953,5.769922951601616e-21
long_form,C2_finbert_s4,10,2022Q2,1,491,1.242703149934515,-3.3145764823465402,0.0017129319497844926,-5.611571196001051,3.3588789739128546e-08,-10.56427050683125,1.3743941884496715,0.1754485899850312,2.4195159564052573,0.01590420027036409
long_form,C2_finbert_s4,10,2022Q3,2,488,0.9065627345314833,-2.6694915523161673,0.010600849426378242,-5.637862121227721,2.9202429703140592e-08,3.949215995629626,1.1678911953743367,0.2491402993670102,-0.6065785825760971,0.5444132708073662
long_form,C2_finbert_s4,10,2022Q4,3,496,0.496609063637342,-2.9329718404200618,0.004983386216763792,-3.2300903715823366,0.0013197891002700132,-35.316329502066594,1.7347160578563092,0.08871556346594359,5.81486320232125,1.0893001587188062e-08
long_form,C2_finbert_s4,10,2023Q1,4,500,0.3172932707559092,-2.458099371926081,0.017628019777683038,-2.139897491251454,0.03284737369814865,-17.028493593580006,0.15638075020914977,0.8763887887980978,2.5205022139435527,0.012029506077002624
long_form,C2_finbert_s4,10,2023Q2,5,496,0.22406823694333133,-2.6082574246997705,0.011968500266515757,-1.170879704840166,0.24221048032185566,-0.9200223738235411,-1.8647875984860192,0.06808576580660104,0.18132415645202937,0.8561873673479151
long_form,C2_finbert_s4,10,2023Q3,6,490,-0.012539116061093595,-0.5720879655902282,0.5699887374033961,0.10509243810709194,0.9163455521739501,-6.231864548298707,-0.5377886589095938,0.5932604842071564,1.5229906452376598,0.12840744746194765
long_form,C2_finbert_s4,10,2023Q4,7,496,0.5681834629574581,-3.165288215184964,0.0026133527169397344,-4.095402845307393,4.9222403748762854e-05,-2.5837090117787165,-0.8086458463768785,0.4224751951854661,0.5071059267367499,0.6123063285850971
long_form,C2_finbert_s4,10,2024Q1,8,498,0.8278269931763128,-5.927967486225496,3.229495192905224e-07,-7.1546746266552415,3.02447302388054e-12,3.963715208542715,-1.6652068849608266,0.10238623854465952,-0.8572519454456047,0.3917188310243962
long_form,C2_finbert_s4,10,2024Q2,9,500,-0.1642888223898808,-0.9238831764979654,0.3602662508931001,1.0638876754031807,0.2878941370800708,-13.327157238782165,-1.0010707434914672,0.321918901307957,2.3294838252071592,0.020231581588046797
long_form,C2_finbert_s4,10,2024Q3,10,492,0.6980150318786426,-1.8844367845261987,0.06521122296795592,-4.378915277506266,1.4586371274737888e-05,8.147789299232976,-0.26310714857379863,0.793528059144986,-1.7115922845595228,0.08760333449722851
long_form,C2_finbert_s4,10,2024Q4,11,500,0.571952167371758,-4.79877950001927,1.3865932339495489e-05,-4.221212217181291,2.887642033727571e-05,12.641301259977107,-2.9693720685019,0.004505962804741395,-3.4374180109118533,0.0006363747193730635
long_form,C2_finbert_s4,10,2025Q1,12,503,0.16677702547351284,0.2930905696759627,0.7706422109943236,-0.977637001377728,0.3287247762566971,-32.06486653930251,1.6303646964748406,0.10918580757188175,5.048458770634386,6.24081093670806e-07
long_form,C2_finbert_s4,10,2025Q2,13,504,0.08767812168128238,-0.6528234503122613,0.5168606420491229,-0.8231283858215598,0.4108250563972305,-8.925240422125066,0.8372985662779415,0.4064091780454559,1.722024404896402,0.08567985243229055
long_form,C2_finbert_s4,10,2025Q3,14,494,0.6222533774762452,-3.5284909990717828,0.0009068000997105429,-4.991527879134218,8.32275960253045e-07,10.050284299232757,-1.2508014509595262,0.21682847048090056,-2.4005672094863755,0.016739324967559328
long_form,C2_finbert_s4,10,2025Q4,15,484,0.4825454218198464,-3.723905854836289,0.0005341514517864806,-2.9912156221570725,0.0029207126822069327,-6.0796027105791675,1.3196506856196717,0.19348206208306667,1.0931974360973113,0.2748520478685819
long_form,C2_finbert_s4,20,2022Q1,0,500,1.4868482355737154,-1.6002037116703403,0.11573061545152243,-1.5791034629839595,0.11494598981741808,-39.499295544761125,3.4180063933551867,0.0012476194191592494,9.929332286040824,2.528321735404232e-21
long_form,C2_finbert_s4,20,2022Q2,1,491,4.321918589014997,-1.0724301071077664,0.28867588047089754,-3.1601510515478477,0.0016744090366979795,-38.84322712052505,1.725115132656982,0.09068357731105599,6.184898789688543,1.3116463002615599e-09
long_form,C2_finbert_s4,20,2022Q3,2,488,3.243837188030932,-1.9159050724243152,0.06188887683478689,-4.459481428444747,1.0210033368916448e-05,11.410290881235461,0.4139839475850242,0.6808969956337539,-1.7801904025213275,0.07566819019999091
long_form,C2_finbert_s4,20,2022Q4,3,496,5.463216966994914,-2.3848417802767354,0.02076737718818261,-6.79475959925356,3.1256298176184804e-11,-32.2657343081818,0.45564543462258,0.6505420350258317,4.044726095545201,6.0751795784445543e-05
long_form,C2_finbert_s4,20,2023Q1,4,498,3.9760335413704917,-2.1058191017231436,0.040476151466026226,-5.8003335208649975,1.1788200047587411e-08,7.215850434430957,-1.4005897601756343,0.16776836443848706,-1.9223638014549949,0.05513126445937064
long_form,C2_finbert_s4,20,2023Q2,5,496,4.46234146437507,-2.3162897456611073,0.024680920133545357,-5.765745816485558,1.4324706145740914e-08,11.675826340693506,-1.1552352496480605,0.25348510745028846,-1.9253021096773026,0.0547641715648851
long_form,C2_finbert_s4,20,2023Q3,6,489,-0.27263702733059875,-0.36720499260137535,0.7151143865928241,0.45848044849353276,0.6468114146109213,-3.7544534881079774,-0.5993328281730066,0.5518292485065647,0.6817672918009032,0.49570953898223963
long_form,C2_finbert_s4,20,2023Q4,7,496,3.1493717396831906,-2.7617546659066017,0.007972803838343796,-5.084484528892437,5.237838576052757e-07,5.330629417585311,-1.0282449363517232,0.30868679065136717,-0.8993480552274234,0.3689045808161698
long_form,C2_finbert_s4,20,2024Q1,8,495,2.872247497269028,-2.1735806021818553,0.03470085090106573,-5.3725050360443,1.1983261502275956e-07,8.462237391860823,-1.8188797011487063,0.07517121660949214,-1.9614424484562296,0.05038866214254602
long_form,C2_finbert_s4,20,2024Q2,9,500,2.823638566915661,-1.5329412790527615,0.1319946554165952,-4.116332898861528,4.503985897857189e-05,7.830855744977023,-1.490216737035789,0.14284819913616162,-1.3151378913733167,0.18906757636216398
long_form,C2_finbert_s4,20,2024Q3,10,492,2.2750908168145543,-3.1235523042350715,0.0029442137784589577,-4.517114412964575,7.860641448471092e-06,12.721638115951817,-0.6037431184995785,0.5486905690600037,-3.127838376126076,0.0018655489828986157
long_form,C2_finbert_s4,20,2024Q4,11,499,4.278625423606456,-3.8277423195113482,0.0003489812093656462,-6.644443409803482,7.999105968823165e-11,22.037189140568238,-2.307480218552803,0.025041025058360384,-4.5599426990488725,6.4481853802699285e-06
long_form,C2_finbert_s4,20,2025Q1,12,500,2.90047848146318,0.18046025122552617,0.8575064472360521,-3.70326235461134,0.00023659330704698257,-18.17639057512364,0.9792094863642751,0.33209884404591045,2.1889899976549794,0.029060175554468888
long_form,C2_finbert_s4,20,2025Q2,13,503,4.077239652926952,-2.774279486826936,0.007758394316380293,-6.835712216855784,2.374963684433054e-11,8.92298714308615,-0.9202260641754684,0.36187324577703506,-1.736051308141054,0.08316831482018906
long_form,C2_finbert_s4,20,2025Q3,14,494,2.160663756898433,-2.0701547128075024,0.04362242610451965,-3.924576142348802,9.923203350630018e-05,14.209675403257407,-0.4404542922130529,0.6615065077010179,-2.8567248658594044,0.0044611608928737225
long_form,C2_finbert_s4,20,2025Q4,15,465,3.0322611696641655,-1.848540817651312,0.07252801924580636,-4.557288714573428,6.635001696694564e-06,0.03828718259719331,0.04776680117426109,0.9621590031698077,-0.006927071848234239,0.9944760177004583
long_form,C3_roberta_s1,5,2022Q1,0,501,-0.6101341826564304,0.2723809552093141,0.7864288955470905,4.452714134587526,1.0466747063159282e-05,-47.03808398563727,3.885286545232873,0.0002958019222578132,10.966099582012397,3.197557111651837e-25
long_form,C3_roberta_s1,5,2022Q2,1,491,0.18975660795167273,-1.8723826608274146,0.06700743259539077,-1.575759464469358,0.11572662599330236,-24.332545782026756,3.3325208195382015,0.0016251877160791855,9.121831321670868,1.9152199432360756e-18
long_form,C3_roberta_s1,5,2022Q3,2,489,0.4482410548001056,-2.507571068364548,0.015832779181975475,-3.8312715495855163,0.00014412588141060647,4.215699162231726,1.0488706753447445,0.2998383911946259,-1.279539415305574,0.20131517272148355
long_form,C3_roberta_s1,5,2022Q4,3,496,0.6127261566451899,-0.9503226487608822,0.3463445291483603,-5.563781374564389,4.329113741662e-08,-5.070180233135257,1.388472586205332,0.17091258513298374,1.9198564492834653,0.05545044222547529
long_form,C3_roberta_s1,5,2023Q1,4,500,0.4600496857768166,-2.8217026110965944,0.0069289181237270165,-4.804455368776826,2.0556594555063835e-06,-3.370630049469317,-0.0384109644631575,0.9695193320012944,1.1273748702622535,0.2601258203326217
long_form,C3_roberta_s1,5,2023Q2,5,496,0.35643945691516793,-3.0602320883288026,0.003551605343210306,-3.7074171925383537,0.00023304578574050047,3.458910200249074,-0.09072267060328389,0.9280754317011204,-1.1584819019301413,0.24722603391672912
long_form,C3_roberta_s1,5,2023Q3,6,490,0.04704993317178609,-1.036472569556329,0.30528512575230815,-0.508142315057431,0.6115826818476259,4.755061974230459,-1.746266012806659,0.08729827034573537,-1.944947839066065,0.05235410949977675
long_form,C3_roberta_s1,5,2023Q4,7,496,0.34637233066825185,-1.2554807692886376,0.21502622388203793,-2.917651653509086,0.0036871260476516927,4.908779407610793,-0.3959593816357879,0.6937867006501324,-1.568290182132285,0.117452424752321
long_form,C3_roberta_s1,5,2024Q1,8,498,0.4097862812547997,-0.7215576290787441,0.4740667976564405,-4.5299301465550785,7.396685278506483e-06,0.7848536470098428,0.4399104488133133,0.6619764554757531,-0.2521808544470053,0.8010055287090603
long_form,C3_roberta_s1,5,2024Q2,9,500,0.2802112745362651,-2.9454282483891183,0.0050027469596601775,-3.4124810024713117,0.0006960669329555794,3.4538864530597393,-2.9992032985288013,0.004318556218617294,-1.5103975219973564,0.13157497158623566
long_form,C3_roberta_s1,5,2024Q3,10,492,0.27557917101716606,-1.1380819055197555,0.2604045620538361,-3.0121842742057425,0.0027275604226959372,-2.9473885887051567,0.9546060356402247,0.3442799717631272,1.2731295003593668,0.20357453325743985
long_form,C3_roberta_s1,5,2024Q4,11,500,0.5215450231289266,-1.2213347248118576,0.2274678291366876,-4.721158908062254,3.051156044017534e-06,12.972337784851499,-0.6605288809628861,0.5118301384306845,-4.80209625702949,2.078946890668443e-06
long_form,C3_roberta_s1,5,2025Q1,12,503,0.3593039613832618,0.1144389878707222,0.9093391642633599,-3.054990693220719,0.002370334007118892,-12.15450761191387,1.8641541382443068,0.06806079323303563,3.0896105508972536,0.0021153262492318568
long_form,C3_roberta_s1,5,2025Q2,13,504,0.23122644933696573,-2.337900341552795,0.02343459379970343,-3.0362880321030907,0.0025193094936353947,1.298506882153221,-0.13271918583349263,0.8949481595483416,-0.3930547110544404,0.6944456003784665
long_form,C3_roberta_s1,5,2025Q3,14,494,0.4208274739129984,-1.515095409420864,0.13604499401677903,-3.6169639949167847,0.00032879296296730107,12.286198832711843,-1.3210180591766671,0.19250936494611187,-4.2424588641240035,2.6414645606504612e-05
long_form,C3_roberta_s1,5,2025Q4,15,501,0.33224375805950757,-1.1278982559163835,0.2646412161055,-3.44863488595657,0.0006110151825662026,5.934741758723488,0.28923075428550227,0.7735773161269237,-2.5261050394375246,0.011841155384647325
long_form,C3_roberta_s1,10,2022Q1,0,501,-1.257960831230002,-0.7668088146734692,0.44673040490272803,1.1889462790579919,0.2350251523668929,-2.1612526526896167,-0.3806345983672812,0.7050552760662688,1.060535632775723,0.28941300214859644
long_form,C3_roberta_s1,10,2022Q2,1,491,2.718771765386151,-1.105908778463175,0.27405887171972604,-2.94954044617077,0.003334647454554992,1.9203015133332018,0.4115936172356929,0.6823963877935124,-1.1131600284118839,0.2661854798178603
long_form,C3_roberta_s1,10,2022Q3,2,488,4.227670906396044,-2.0311800621411917,0.04830488427674314,-5.3598427204210815,1.2881061849053702e-07,10.131963599162985,-2.135448284587833,0.03832881313043893,-3.336953470145715,0.0009118143475185657
long_form,C3_roberta_s1,10,2022Q4,3,496,2.915023480375133,-2.5061562608505445,0.015371963251678111,-4.032281408539369,6.395241573402267e-05,3.8582678316093664,-1.0838830733162352,0.2834167148045719,-1.858585560052475,0.06367924244820543
long_form,C3_roberta_s1,10,2023Q1,4,500,1.2831876595390237,-2.4467809788491914,0.018126200250340146,-1.772247887698384,0.07696352926560067,3.149656757767841,-2.4288807276063737,0.018940076539115547,-1.770965100415158,0.07717688975559157
long_form,C3_roberta_s1,10,2023Q2,5,496,2.2817316206285745,-1.9907510683123408,0.051987824116965904,-2.810994433906173,0.005134683862233957,3.0983115428679144,-0.7206070539059168,0.4745070156894967,-1.1516635204967092,0.2500153081838831
long_form,C3_roberta_s1,10,2023Q3,6,490,1.0283758521207869,0.23430119210258538,0.8157688433573105,-1.2165909359069327,0.22434676950764448,-0.33293156832261256,0.02159179082316626,0.9828649900478875,0.1294202561227441,0.8970783358523579
long_form,C3_roberta_s1,10,2023Q4,7,496,0.42349052385444447,-0.9088888535340091,0.3676840347136156,-0.5369101312090941,0.5915709306043384,2.188725681400528,-0.822146130664545,0.41482101320741094,-0.7645405429684238,0.44490949322926127
long_form,C3_roberta_s1,10,2024Q1,8,498,0.8872415591239,0.531829116846063,0.5972973598133229,-1.3421945105842776,0.1801457325264514,-1.0895786390980007,0.6893353480586412,0.493931302977875,0.5078793978468341,0.6117632423688595
long_form,C3_roberta_s1,10,2024Q2,9,500,3.3845495587897148,-2.2419659132061303,0.029722272397616923,-5.065514710147009,5.743337546632534e-07,4.579142733806914,-2.1924850892004084,0.033330728290369156,-2.0058191833428007,0.04541484620791592
long_form,C3_roberta_s1,10,2024Q3,10,492,2.6356740023003873,-2.8634382906277085,0.006067914083166633,-3.2254527021626664,0.0013415962905670763,3.985829604285263,-1.7117198034407564,0.09302402913309045,-2.0922501718435056,0.03692907403392647
long_form,C3_roberta_s1,10,2024Q4,11,500,2.141577455095199,-1.0789050193456429,0.28560932323153243,-3.039622089811078,0.002493095779241056,11.930914345844382,-0.5385257744436195,0.5925120645311384,-5.073544998003635,5.517486207925443e-07
long_form,C3_roberta_s1,10,2025Q1,12,503,1.8941662680401077,-0.11047592964930493,0.912465544370294,-2.5970609971412237,0.00967837659030373,0.8123770869747817,0.9029680347232041,0.37078810125796946,-0.4152107593937544,0.6781650255223542
long_form,C3_roberta_s1,10,2025Q2,13,504,2.1390454338541085,-1.4884163251143652,0.142921587506871,-3.006046021648304,0.0027789233550842506,-0.5262279216517484,-1.0633271458823896,0.29274227362226724,0.18145479400571413,0.8560837084792996
long_form,C3_roberta_s1,10,2025Q3,14,494,2.4386884473542345,-0.8354564171180362,0.4074353707163275,-3.489694697356877,0.000526942277290262,6.8869829213623515,-0.5508512400199921,0.5841887306476938,-2.9873980669916143,0.0029538165180431853
long_form,C3_roberta_s1,10,2025Q4,15,484,1.0850426201209753,0.05150086441455246,0.9591494082214244,-1.193249044422457,0.23335764341557394,5.593947440245105,-0.06875308034797459,0.9454841677576017,-2.1065110389462847,0.035675211840911394
long_form,C3_roberta_s1,20,2022Q1,0,500,0.019953861580049432,-1.7056892540551747,0.09415010038810821,-1.5041514617695044,0.13317501252534455,-55.01020706473176,3.5112677996242065,0.0009428129633504788,10.563331394609753,1.1234641714800958e-23
long_form,C3_roberta_s1,20,2022Q2,1,491,0.0313607567943874,-0.8048507072988513,0.42471655904375144,-1.6628667152701748,0.09697857751029162,-66.96264953941049,3.0803444901851758,0.003356401346864982,10.350161446397763,7.7207652252836e-23
long_form,C3_roberta_s1,20,2022Q3,2,488,0.045123183774255386,-1.7320593114803438,0.09026901003211608,-3.8522242893614522,0.00013269844623233819,4.2444951869010685,0.3987515607076896,0.6920049030498256,-0.657817586379946,0.5109661606336902
long_form,C3_roberta_s1,20,2022Q4,3,496,0.0601810724976226,-2.2420857324215278,0.029247095911091592,-5.429488996431302,8.870066219028288e-08,-46.71027725605475,0.46675964887289234,0.6426216169433483,5.847352568887697,9.078616622283053e-09
long_form,C3_roberta_s1,20,2023Q1,4,498,0.040353613732864536,-2.915809204333487,0.005378538685004761,-4.783163216925337,2.2777293209304105e-06,-7.1404318927491595,-0.37677011112336983,0.7080049694656889,1.9668986324901836,0.04975078712567201
long_form,C3_roberta_s1,20,2023Q2,5,496,0.03707344784546372,-1.0569064228937115,0.2956342040910622,-3.026126823680218,0.0026060249481567057,3.269764391137364,-0.7895742455885366,0.43350495541083667,-0.5658931947784055,0.5717228231918005
long_form,C3_roberta_s1,20,2023Q3,6,489,-0.09357142174271335,4.153595618368648,0.00013691671634720256,7.699609367944139,7.649978712361355e-14,-33.2753620514502,0.7118549236363257,0.4800732889886406,4.73487234688192,2.876938546491093e-06
long_form,C3_roberta_s1,20,2023Q4,7,496,-0.005482229860040151,-0.2525539475795955,0.801628057625584,0.7005648914264402,0.48390374934570374,-0.8417573712312447,-0.8034756842156003,0.42542891693135454,0.21019333134355192,0.8336032734178094
long_form,C3_roberta_s1,20,2024Q1,8,495,-0.016378417718023487,-0.27075012188702374,0.7877441066391743,1.7541433560420052,0.08002598400363965,-5.513481973255012,-0.24050726768397498,0.8109613081037564,1.5581960637220968,0.11982716174120374
long_form,C3_roberta_s1,20,2024Q2,9,500,0.06687311410587914,-2.0850940201095534,0.042518048487522,-6.158222483946777,1.5147086389503626e-09,7.128164120184041,-1.462738580592191,0.15019436758916135,-1.2923588336036689,0.19683103924738127
long_form,C3_roberta_s1,20,2024Q3,10,492,0.03198732583027881,-4.017291402667348,0.00019403428456135578,-4.051836912072062,5.9062109911208605e-05,7.155075214548151,-0.8207340001659096,0.4156176671380023,-1.9690399696552918,0.049510408903482614
long_form,C3_roberta_s1,20,2024Q4,11,499,0.0499410849142543,-3.718869921886049,0.0004913453753104789,-6.580116468893264,1.1928023074182906e-10,0.5057628328004912,-0.18077570918184535,0.8572463658796502,-0.1320056897814774,0.8950331065947602
long_form,C3_roberta_s1,20,2025Q1,12,500,0.0447779855892866,0.4971775640024117,0.621200523146073,-2.6569821767259616,0.008137001599914411,-30.28186719471297,1.3385286868134532,0.1866608986243981,3.9177332080510476,0.00010184396111055282
long_form,C3_roberta_s1,20,2025Q2,13,503,0.04630377690214148,-0.9939801985871534,0.3250186677450036,-5.079715904688333,5.339054960697126e-07,10.512802292821448,-1.4027166902126458,0.16688037868890584,-2.7752824696669522,0.0057211386272611724
long_form,C3_roberta_s1,20,2025Q3,14,494,-0.00875994829082293,-0.0348398361137205,0.972346173785774,0.8276961965862957,0.40824304436594144,8.658628494408598,-0.4554640492258389,0.6507472522758097,-1.8391673152927444,0.06649176051562085
long_form,C3_roberta_s1,20,2025Q4,15,465,0.025839327494388813,-2.2529171518600775,0.030281544084643675,-2.7562511690618687,0.0060771070285636445,-5.128294591552981,0.5940073217774048,0.5561218838882107,1.2053618148606426,0.228678003638735
long_form,C4_longformer,5,2022Q1,0,501,-0.4364910568599033,-1.0365602398203768,0.30483079996611917,0.6233479266897055,0.5333401453250524,-14.221107027504425,1.6067534741829825,0.11428298143332402,4.57313951224822,6.0647863731627315e-06
long_form,C4_longformer,5,2022Q2,1,491,2.5930857223505264,-2.2408421213567142,0.029508336931290183,-3.339316971754882,0.0009038615463000221,-4.440488308337091,0.19700273461966267,0.84462403018871,1.512148267256035,0.1311408014419145
long_form,C4_longformer,5,2022Q3,2,489,1.5702025229314291,-1.0647235211926862,0.2926809437663319,-2.766186043706015,0.005886737825693592,5.483200976170068,0.42532399927110226,0.6726276519340154,-1.8627164747489187,0.06310281162589544
long_form,C4_longformer,5,2022Q4,3,496,2.9695447747057053,-0.3522663210098068,0.7260622706843765,-4.761158641348298,2.5312952653381964e-06,2.7698252901467497,0.9474474013383585,0.34779315912453423,-1.0418418041069353,0.2979935968851973
long_form,C4_longformer,5,2023Q1,4,500,2.305299734122317,-2.978771418854279,0.004528700987739238,-3.5376286292145167,0.0004414345881613181,7.813567503780644,-2.5850720036821713,0.012829904465446953,-2.3708007212367543,0.018128551418604897
long_form,C4_longformer,5,2023Q2,5,496,1.3100728001126267,-2.354032438759583,0.022541222462786857,-2.645075610221514,0.008426858276996884,4.3035933609987325,-2.3942335776543673,0.020446227985071282,-1.6750242100795714,0.09456105327604353
long_form,C4_longformer,5,2023Q3,6,490,-0.6250125017600217,-0.44135728570855765,0.6609782163647445,1.2890068799422876,0.19800512776493023,1.1495604926126224,-1.2409541178665096,0.2207812119578681,-0.4160648422851566,0.6775450932289991
long_form,C4_longformer,5,2023Q4,7,496,1.3723541405337196,-1.1901260968882297,0.23950748955465007,-2.1520677861223,0.03187489321356249,6.7866066837526136,-0.6228471741908462,0.5361602784379,-2.0878040559130313,0.037326168745818095
long_form,C4_longformer,5,2024Q1,8,498,1.7030434469150715,-3.013359921799685,0.004116962073753735,-3.0695139058788903,0.002261285779104833,4.843388817596207,-2.2693725754886644,0.027777739583253927,-1.5788784685339976,0.11500015282026885
long_form,C4_longformer,5,2024Q2,9,500,1.4139086549706055,-2.508634796447076,0.015627760155597508,-2.660800866221335,0.008046597101634223,3.91226971959446,-2.1788718438587185,0.034389075404160536,-1.3351160949093874,0.1824471078724876
long_form,C4_longformer,5,2024Q3,10,492,0.09700570346417307,0.3442863982081771,0.7320465268952692,-0.14289229715126203,0.8864338612626563,-3.7386073155440065,1.7510109401107739,0.08595690251238199,1.2451461216951965,0.2136719598758047
long_form,C4_longformer,5,2024Q4,11,500,2.2975255211582115,-2.5734261494893973,0.012960714676261288,-4.188274504736052,3.323630378365225e-05,12.328290525109622,-1.566855795089939,0.12321426977048297,-4.218308975421639,2.923764550159452e-05
long_form,C4_longformer,5,2025Q1,12,503,2.1314657189085446,-0.8172832826955393,0.417568301287101,-3.608081667156628,0.0003393694250326917,-2.495798487990053,0.8391709265604396,0.4052898065411623,0.6234098062032503,0.5332983922140185
long_form,C4_longformer,5,2025Q2,13,504,1.239633884272042,-1.8920418047048582,0.06428332920774285,-2.894120624922039,0.003967305156068592,0.0590839180076893,-1.025859496126848,0.3098954037382153,-0.018681117103178373,0.9851028996800418
long_form,C4_longformer,5,2025Q3,14,494,1.9244327898867815,-1.9856740021837482,0.05256688259224437,-3.5443857405898114,0.0004310090367962192,9.375786573415839,-1.4777929376784087,0.14573514957301142,-3.116267656893075,0.0019383869144637465
long_form,C4_longformer,5,2025Q4,15,501,0.9895003283049817,-1.0192684858044583,0.3128864936484309,-1.72495651208491,0.08515325884339826,3.2511835599956496,-0.07391749900475586,0.9413651939739898,-1.075062637885377,0.28286518392831067
long_form,C4_longformer,10,2022Q1,0,501,0.7873826972890376,1.3393244160071123,0.18640357760542708,-1.1010134675924643,0.27142054624975925,-33.109461417664136,2.5174209626691653,0.015005632573744905,8.316603854730083,8.642711793263186e-16
long_form,C4_longformer,10,2022Q2,1,491,-4.3446481958405005,2.11597160709905,0.039349156841386,4.569009069915791,6.209179807633641e-06,-11.501974731451554,1.12919768922544,0.26420301371147525,3.037857756597626,0.002509792477092087
long_form,C4_longformer,10,2022Q3,2,488,0.22345864758724765,0.99522235486087,0.3250700139205158,-0.19991692482439757,0.8416290035631709,-2.3598842331557326,-0.6942894163376003,0.4911505226290146,0.2928622671506178,0.7697521720078835
long_form,C4_longformer,10,2022Q4,3,496,-4.358990097885215,3.222258643542615,0.0021968781712841225,7.029052860886018,6.929234144107742e-12,-2.3440977972512327,0.234934727850528,0.8151820906841444,0.705923003651008,0.480568115126465
long_form,C4_longformer,10,2023Q1,4,500,-2.5491006251310715,3.514305724666866,0.0009727896408289806,5.572240584332906,4.1200295483721276e-08,2.844823654867135,-2.3398469709037584,0.023498176092871362,-0.654579945943076,0.5130398280455228
long_form,C4_longformer,10,2023Q2,5,496,-3.506668158925015,4.321128171815281,7.374050646098378e-05,4.974541807489634,9.036948924437349e-07,4.8739003769348335,-1.3818660261947329,0.17315600099551803,-1.162430346894605,0.24562082763952048
long_form,C4_longformer,10,2023Q3,6,490,1.1533374144577895,0.3187971512561465,0.7512928233380437,-1.8479339686263037,0.06521555825732529,-17.080847997108478,0.10363702085501,0.9178983775209567,3.676048121850846,0.00026309619261876647
long_form,C4_longformer,10,2023Q4,7,496,-2.4190107457392607,3.126546434619944,0.0029192251096876896,3.498742561642202,0.000509627119240635,3.8736494892385043,-1.3357853206432655,0.18755011355816015,-0.8469857805343408,0.39741235218504845
long_form,C4_longformer,10,2024Q1,8,498,-5.16749580486934,4.083650233761975,0.0001671350502040691,8.90163287393781,1.0324502651334733e-17,7.937175891870974,-1.836640377230488,0.07245949211899812,-2.0172332279726155,0.044208271178815525
long_form,C4_longformer,10,2024Q2,9,500,-4.976672627301394,3.0825213627735057,0.0034290772989518906,8.61490337852496,9.257613664955723e-17,10.478624887955606,-2.6074082808630847,0.012188459272182829,-2.4766280888266357,0.013593400277547248
long_form,C4_longformer,10,2024Q3,10,492,-2.7721595520035573,2.6587312752642975,0.010452439849297312,3.8804854503213875,0.00011847412946600028,-0.9987795547082543,0.8198983409572015,0.41608954247740676,0.2746653897145056,0.783688852519169
long_form,C4_longformer,10,2024Q4,11,500,-3.2799358901876356,5.025016687095948,6.309731877666649e-06,6.142510407669522,1.660807313463666e-09,17.981389408469486,-2.8252748746265635,0.0066854572061014065,-5.112130042835968,4.546767246602839e-07
long_form,C4_longformer,10,2025Q1,12,503,-2.7343925139797074,1.70233428618547,0.09478142224386095,3.9730276092805807,8.135985406237337e-05,-24.08078624346537,1.5645941709452422,0.12386260178492796,4.0309530490403,6.417498293742664e-05
long_form,C4_longformer,10,2025Q2,13,504,-4.891499350049413,2.4115170897892804,0.019600588861725554,7.229021754424803,1.8194590857208354e-12,0.7787903789996881,-0.7954070305857732,0.43013669337621757,-0.12999239933978368,0.8966244072309835
long_form,C4_longformer,10,2025Q3,14,494,-3.835831702066323,1.719457794568037,0.09171665383007765,7.061978376143284,5.6153441840303e-12,12.32657015401699,-0.0866849051138259,0.9312681963000466,-3.131870632041687,0.0018401901037850283
long_form,C4_longformer,10,2025Q4,15,484,-2.686440999467309,4.570959412256926,3.650582151620236e-05,4.095655761159678,4.9356370955797194e-05,0.8114858048106013,-0.02288813633366261,0.9818385030825645,-0.20440564149026363,0.8381226240598665
long_form,C4_longformer,20,2022Q1,0,500,2.5864399730795022,-3.545082793724029,0.0008509717103261801,-5.219562302458757,2.635822930389185e-07,-34.2335265075022,2.259036806807358,0.028185224775635533,8.603925073689323,1.0062516282519655e-16
long_form,C4_longformer,20,2022Q2,1,491,3.0169720876150334,-1.9541119215911393,0.056292650143547195,-5.005702259755336,7.775836459895983e-07,-32.30007247406688,1.412442448965538,0.1640140151126731,6.307493327700111,6.342743635136143e-10
long_form,C4_longformer,20,2022Q3,2,488,1.18408393033843,-3.3253582928394794,0.001788029974098333,-3.7521801861603783,0.00019642455344597107,11.452224805540114,0.0649824324191574,0.9484823365959711,-2.5876750295369364,0.009951103103293758
long_form,C4_longformer,20,2022Q4,3,496,2.3840217038493563,-4.289848228123337,7.790345142652957e-05,-6.351258722799272,4.841514535119075e-10,-14.662440695284747,0.17678857821159435,0.8603612397367995,2.847422169365967,0.004590683070385555
long_form,C4_longformer,20,2023Q1,4,498,2.9641946479677177,-2.538813772357699,0.014419701637646252,-5.770322165279662,1.3934376365183637e-08,8.440522701931295,-1.840851319479497,0.07182881235019789,-2.586491722143973,0.009979012002391015
long_form,C4_longformer,20,2023Q2,5,496,1.5802185130319493,-0.8004783356789769,0.4272209243563518,-3.8900080472721537,0.00011393743285358837,3.3899383507752225,-1.157220379501114,0.2526809427533815,-0.7476361639861804,0.45503466160527606
long_form,C4_longformer,20,2023Q3,6,489,-2.4336213873747674,3.8812740811271866,0.00032300543580110106,5.924228601810519,5.930464271911498e-09,-9.160079570328735,0.2272736225608223,0.8211967101371302,1.708065164872271,0.08826019990722017
long_form,C4_longformer,20,2023Q4,7,496,-0.7708487871635223,-0.22020585290674669,0.826589951250614,2.0943420690475416,0.03673741539935907,2.732068133922907,-1.0938709115504464,0.279151313616623,-0.5453931355885003,0.5857288255285178
long_form,C4_longformer,20,2024Q1,8,495,0.3572555949558719,-1.0283030840289322,0.3089613628162452,-1.1928487332469595,0.23350123037915285,5.195467947974692,-1.6721869950471218,0.1009945947391496,-1.437039579122851,0.1513397955250283
long_form,C4_longformer,20,2024Q2,9,500,0.16292782421517793,-0.5910623192040393,0.5573106657728906,-0.42270708557933295,0.6726910764718589,9.440855838162298,-2.012322517460268,0.049936414267372366,-1.8272006552066977,0.0682667163942486
long_form,C4_longformer,20,2024Q3,10,492,0.1396721698317541,-1.3126757512665412,0.19516886038972234,-0.42208907775086013,0.6731447528852458,8.381236247239716,-1.2140667976847734,0.23031435320214216,-2.677507565744011,0.007665604306188629
long_form,C4_longformer,20,2024Q4,11,499,2.2130439037579133,-1.1961417869708606,0.23706697180154634,-4.407581632020022,1.2811607484805008e-05,18.13441395388379,-1.7236391901274857,0.09071465157424129,-4.346225454737026,1.6798223325401473e-05
long_form,C4_longformer,20,2025Q1,12,500,2.9244700322924793,-1.5716270644250867,0.12222112115640589,-6.245400845157333,9.056068540557807e-10,-12.320397649409575,1.00923157449563,0.31762801895300175,2.190532323643585,0.028947569858290577
long_form,C4_longformer,20,2025Q2,13,503,1.0727941786647535,-0.5277931639478963,0.5999774606572713,-3.1913907069385705,0.0015045705582482632,11.825300948203253,-2.3849633221918136,0.02091317799020666,-2.9077452816101177,0.003801591716541314
long_form,C4_longformer,20,2025Q3,14,494,-0.2948461605183194,-0.5531762707543892,0.5826078106768284,0.9873522016021954,0.32395433082825104,11.109066802649732,-0.5326441886434702,0.5966392912519476,-3.172560071990913,0.0016052763973057175
long_form,C4_longformer,20,2025Q4,15,465,0.04301694158719278,-0.296057755931183,0.7688413360984768,-0.14110502753748527,0.8878482104447586,-3.8267323058229823,-0.3098127822655957,0.7584415725691243,0.9516101193446982,0.341790172451148
long_form,C6_llmtext,5,2022Q1,0,501,-1.0842169657577745,-0.6518003480329865,0.5174567187933645,1.5986540810402923,0.11052918486507869,-1.0842169657577274,-0.6518003480330107,0.5174567187933491,1.5986540810402081,0.1105291848650975
long_form,C6_llmtext,5,2022Q2,1,491,-1.138726531927679,-1.7901149282527598,0.07949154330842564,1.3999460902795438,0.162162275681635,-0.6761949859549117,-1.9988208919217072,0.05107874279677392,0.8965578486328166,0.37039515307983867
long_form,C6_llmtext,5,2022Q3,2,489,3.5481260236361756,-1.7438308118076327,0.08801713795570638,-4.815803526576258,1.9592249053583083e-06,3.107034224400512,-1.941211672639044,0.058510854601036125,-4.993085865917021,8.286098375895124e-07
long_form,C6_llmtext,5,2022Q4,3,496,0.42515433243639805,-1.7673237333433331,0.08304180891333003,-0.5042248340306741,0.6143277461523965,0.9887709453123387,-1.9147066875082581,0.06103875679160934,-1.1602990171412533,0.24648638845071105
long_form,C6_llmtext,5,2023Q1,4,500,2.359838951807077,-2.8407585236037263,0.006584937796341642,-4.516138409705045,7.867650921497939e-06,2.1166999547938077,-2.7698774070145205,0.007950372562670198,-3.6882865524904926,0.0002505635720502826
long_form,C6_llmtext,5,2023Q2,5,496,1.599103747719734,-3.0314661537960537,0.003849347970393901,-2.5509135500506006,0.011043893988999716,1.611873601759436,-3.192779590061066,0.00243809244957799,-2.193514898708631,0.028734609073142237
long_form,C6_llmtext,5,2023Q3,6,490,1.9608695035019155,-2.4169149354386104,0.019587291836206343,-3.5193632005230224,0.00047300701755550534,1.7625314423779885,-1.8838748280613171,0.0657763934794333,-2.4024652099080286,0.016656765497885823
long_form,C6_llmtext,5,2023Q4,7,496,1.3185245266079069,-1.1769572524261007,0.2446764754947061,-1.8997970762415994,0.058040656382845154,1.2972503515658549,-0.868175559404582,0.3893652898387643,-1.353219661590759,0.17660312812893403
long_form,C6_llmtext,5,2024Q1,8,498,2.2987196072655407,-1.551354245140949,0.12738590190095023,-3.5292549692125608,0.00045544633606201646,2.6648962441336965,-1.4183470853014581,0.16254971083356134,-2.7601490384773646,0.005990928318856679
long_form,C6_llmtext,5,2024Q2,9,500,2.298572740738495,-4.804468489973712,1.624153031882505e-05,-3.4663980645878785,0.0005730152142306325,2.6636770185723235,-3.709085860103722,0.0005488723432130136,-2.5936441675261683,0.009775444744867513
long_form,C6_llmtext,5,2024Q3,10,492,1.8694290561696056,-0.7983794893250646,0.42835249687507004,-3.3185702751945962,0.0009720021813228638,1.9331937333301663,-0.17349020522220618,0.8629529001498404,-2.3589274447781565,0.018718585266419206
long_form,C6_llmtext,5,2024Q4,11,500,2.3725411515100405,-4.837541354072915,1.2125593872449264e-05,-3.4486226326697427,0.0006111400549210239,3.110039494585303,-3.360448062036778,0.0014642123570213763,-3.0345003753030593,0.0025350273261257024
long_form,C6_llmtext,5,2025Q1,12,503,1.5373153021012858,-0.9154744539422025,0.36425108380488624,-2.3912754155113736,0.017157208898266153,2.24625306381155,-0.7012525853711534,0.4863329938976993,-1.8610901011591452,0.06331580470486577
long_form,C6_llmtext,5,2025Q2,13,504,3.5032560644133444,-1.4153143566297182,0.16317495886516206,-4.947175956392665,1.0284589117329998e-06,3.2262927929240046,-0.6561886168316294,0.5147113384359309,-2.7774521738394644,0.005683254576146654
long_form,C6_llmtext,5,2025Q3,14,494,3.3805784988439376,-2.022393951210495,0.04850131932745677,-6.110465390334597,2.0190833129085723e-09,4.129778162710029,-1.0291256360986367,0.30837344886273155,-4.029197391099123,6.480758240591347e-05
long_form,C6_llmtext,5,2025Q4,15,501,2.5855925387480543,-0.5331633037076061,0.5962364206578529,-3.7806036402010994,0.00017534271214917247,3.24544047304852,0.20360512099057831,0.8394723316101702,-2.4135750410572596,0.01615533511883444
long_form,C6_llmtext,10,2022Q1,0,501,-0.43408609514067026,-1.148456269608104,0.2561384813956888,0.5985309519738986,0.5497567531179276,-0.434086095140749,-1.148456269608049,0.25613848139571127,0.5985309519740156,0.5497567531178496
long_form,C6_llmtext,10,2022Q2,1,491,-1.685692267650649,-1.0355144326104018,0.3054111462355302,1.5802424667165187,0.11469661701161057,-1.2495006992030455,-1.2185459808907189,0.2287349571868851,1.2132643361721784,0.2256133054038675
long_form,C6_llmtext,10,2022Q3,2,488,3.6306273868883068,-2.1457700569159246,0.03744739842789939,-3.4955337155014043,0.0005163616652181283,2.9421241838906567,-2.2409992984713405,0.030121822236984494,-3.41493391215556,0.0006912849426025904
long_form,C6_llmtext,10,2022Q4,3,496,-0.15080125154240914,-2.4935349354349072,0.01586726407473358,0.16660350584067274,0.867750066474684,0.26557411876521625,-2.634857147592425,0.01106501599431443,-0.30652599666581964,0.7593330801431155
long_form,C6_llmtext,10,2023Q1,4,500,4.268515550256517,-2.281364938055734,0.027003797748991386,-1.3045098661355194,0.19266112895391632,4.342802008471239,-2.0629081173553514,0.044553731208627795,-1.2047981141875352,0.2288523330523565
long_form,C6_llmtext,10,2023Q2,5,496,1.7997633913917859,-2.1614442204538915,0.03547460009440969,-3.6447484268226793,0.0002959491708588272,1.6346262713767106,-2.0410327376887634,0.046543792068752046,-3.089724297034226,0.002116126637418352
long_form,C6_llmtext,10,2023Q3,6,490,2.324239212192679,-4.472886347077776,4.872232202398058e-05,-3.952303073229789,8.881554172598354e-05,2.0210511231175503,-3.7776682744604404,0.00044493347899271437,-2.820703072219119,0.004986641427908936
long_form,C6_llmtext,10,2023Q4,7,496,2.2585494976297045,-2.280613829289706,0.02678195629000395,-4.042089467730169,6.14169340449896e-05,1.9966863465044602,-1.569679740503412,0.12267386552537873,-2.6398999742885088,0.00855478392332817
long_form,C6_llmtext,10,2024Q1,8,498,1.3904959793882108,-1.3334221554105112,0.18868699395840102,-2.437687780592535,0.0151310523359487,0.9259745205621205,-1.0496815843904508,0.29912096725354337,-1.0709442734666015,0.28471427754827494
long_form,C6_llmtext,10,2024Q2,9,500,3.0487057664319814,-5.4273053878707485,1.957478519690484e-06,-6.128521138936491,1.8024144765790344e-09,3.629590603946562,-4.551500175682996,3.7631362935140545e-05,-4.635719841654222,4.547440156654045e-06
long_form,C6_llmtext,10,2024Q3,10,492,2.7458053046992847,-2.997223385415163,0.004201326032492305,-5.010603134649048,7.584790934411936e-07,2.404754490730832,-2.1423468347805295,0.03696164366254678,-3.1463780209891623,0.0017534359589630722
long_form,C6_llmtext,10,2024Q4,11,500,2.576910667889021,-4.1477471937594474,0.00012449031779883827,-3.848923840531767,0.00013404883126282903,2.750208011437683,-3.5922873095664203,0.0007270550455120401,-2.610759627536863,0.00930587639927361
long_form,C6_llmtext,10,2025Q1,12,503,0.2057430156626073,-0.049064991277164856,0.9610591530820908,-0.25046807417323463,0.8023278659505183,-1.2255895942408803,0.13654644886832118,0.8919269074154419,0.95828572050313,0.3383799897541968
long_form,C6_llmtext,10,2025Q2,13,504,5.179306619814936,-2.5392119061609937,0.0142673351767731,-6.513578226096061,1.782274050211785e-10,4.680233905891216,-1.5581367115218967,0.1255085904376399,-3.589108066827797,0.00036430870033055725
long_form,C6_llmtext,10,2025Q3,14,494,3.697200089660595,-3.3033574238314443,0.0017700509942816438,-5.567218758317731,4.257764698590775e-08,2.9846408783915797,-2.093796524643038,0.041369429318758276,-2.579896546371349,0.010171321455070326
long_form,C6_llmtext,10,2025Q4,15,484,4.059148260579154,-1.4575574919472267,0.15175612037701974,-5.195120338718819,3.022732965105283e-07,4.38349870438641,-0.3219832677841213,0.7489240931192257,-3.019940253326741,0.0026621408467850044
long_form,C6_llmtext,20,2022Q1,0,500,-0.5884566847369257,0.8434663718528436,0.40290648471538976,1.9009878426613442,0.05787947307037922,-0.5884566847369257,0.8434663718528436,0.40290648471538976,1.9009878426613442,0.05787947307037922
long_form,C6_llmtext,20,2022Q2,1,491,-0.7495040952799485,1.3974148601871221,0.1684591810176013,1.8850980098788461,0.060008063963452624,-0.45355943617420014,1.3031437332774818,0.19849503091047677,1.7575431640192845,0.07944968358474433
long_form,C6_llmtext,20,2022Q3,2,488,-0.14946586254549624,-0.01834314227332059,0.9854480391182565,0.5287113322895514,0.5972465831082888,-0.018661194033403307,-0.04022076524911991,0.9680990746824131,0.3248324365520706,0.7454473833672973
long_form,C6_llmtext,20,2022Q4,3,496,-0.15387085332777367,-2.1920377748108066,0.03287706951503214,0.5198275273646042,0.6034161704859147,-0.01381678864074836,-2.32508896188006,0.024004665941004873,0.4322056157724906,0.6657801920348941
long_form,C6_llmtext,20,2023Q1,4,498,0.44029196891463834,-0.5346276248983567,0.5953753200461809,-1.7476179166708572,0.08114777712733294,-0.0012252900092111526,0.5510034465814384,0.5841870608018478,1.65457651841143,0.09864177083384316
long_form,C6_llmtext,20,2023Q2,5,496,-0.3139077726383658,0.41820807856938935,0.6775857781233643,1.826667931155408,0.06835178935488814,-0.041492244413350324,0.7668669180083609,0.44676657948893583,1.7576661259117032,0.07942241466593783
long_form,C6_llmtext,20,2023Q3,6,489,0.4389183353127799,-1.7278987942011041,0.090572549755692,-1.922470961817473,0.05512829742444364,-0.013215982870603719,1.7777715439173227,0.08191165019138476,1.940250236919395,0.0529249599387162
long_form,C6_llmtext,20,2023Q4,7,496,0.48355220319341186,-1.7786255947219913,0.08126195091561425,-2.3982873281658637,0.01684114129779051,0.12631794912524097,-1.2989655097806427,0.19979800069612824,-1.9240556761355245,0.054920618867807504
long_form,C6_llmtext,20,2024Q1,8,495,0.28992988637394973,-0.7914324884956405,0.4325852536353066,-1.332814690052244,0.18320700559030517,0.07094626767878845,0.12147066614123687,0.9038253486389612,-0.5220393412046306,0.6018769336616042
long_form,C6_llmtext,20,2024Q2,9,500,0.5427388171382729,-0.2767172038459477,0.7832105926523744,-2.5818519704351814,0.010111177392572997,0.30880282067607734,0.08779280680073659,0.9304143551121867,-1.69246999117701,0.09118061977037634
long_form,C6_llmtext,20,2024Q3,10,492,0.3993294893918879,-1.8942869065636867,0.0638642978465516,-2.3473235989307595,0.019305045179995962,0.1506322752726384,-1.3605650736901145,0.1796341815851887,-0.8495743814793071,0.3959758068917755
long_form,C6_llmtext,20,2024Q4,11,499,0.3467676428267433,-0.5763860628776568,0.5668409090769184,-0.984794621475412,0.32520316722116316,-0.08642868532478654,-0.14318923866910457,0.8866941607069979,0.2571125661279618,0.7971980724382429
long_form,C6_llmtext,20,2025Q1,12,500,-0.19102196022062254,-0.17750709445578852,0.8598132323090685,0.4682759474299629,0.6397917405513402,-0.9640902143050538,0.06424952679317482,0.9490227179980167,2.362284433191625,0.018545604110484823
long_form,C6_llmtext,20,2025Q2,13,503,0.9633298859264849,-2.222276465679557,0.030817652093750997,-5.3748439482306285,1.1758481294821119e-07,0.521490817878769,-1.132447926134659,0.26284778607377585,-2.9113284816034435,0.0037589874320480875
long_form,C6_llmtext,20,2025Q3,14,494,0.6267183805722905,-1.2550788457077486,0.21528468553268862,-3.0700254529313264,0.0022584530435099527,0.06117743705556461,-0.5151444262480467,0.608722207791424,-0.21092134446033958,0.8330358013760514
long_form,C6_llmtext,20,2025Q4,15,465,0.7017264425671975,-1.1719299035670383,0.2487163437652218,-2.5994561555642006,0.009634660807071338,0.02461589049682771,0.028724646865872987,0.9772385795511764,-0.06893809549901111,0.9450685930558101
long_form,D1_concat_mlp,5,2022Q1,0,501,6.842716435983714,-1.6899734848771697,0.09713762137976803,-6.009391771357998,3.591244587427606e-09,5.839265703427195,-2.3488262429219597,0.022745598212994766,-4.676911389838513,3.7526032477470012e-06
long_form,D1_concat_mlp,5,2022Q2,1,491,-1.805601013879664,-0.7803209318014139,0.438880592075431,1.5969558728940334,0.11092020867681653,18.869762321609432,-0.9183508837951719,0.3628441951462744,-8.783697744553281,2.6654727831980684e-17
long_form,D1_concat_mlp,5,2022Q3,2,489,-1.3981103753417183,0.3237062611849359,0.7476601175596349,1.0299425716231352,0.3035471555896182,3.411992106426609,-1.2335107239733918,0.22378959599345985,-0.9752240701113085,0.3299322909956969
long_form,D1_concat_mlp,5,2022Q4,3,496,-2.5474008870994735,2.0234054694896892,0.04818523752435071,3.3368149363920505,0.0009111881605509481,14.24503937951425,-1.5091602271384321,0.1373104671848625,-6.656292393775721,7.470524039705418e-11
long_form,D1_concat_mlp,5,2023Q1,4,500,-3.3937211907260245,1.4328027650828412,0.15839536835480403,3.865133155403755,0.00012569354949079484,1.183831887380693,-0.1619147695963476,0.8720526278619403,-0.9460353731139316,0.3445884120047864
long_form,D1_concat_mlp,5,2023Q2,5,496,-0.37787095612899646,1.034755257369196,0.3057621326747912,0.49764815586548333,0.618953048427789,1.916746634646922,-1.9955415489671282,0.05144650009054322,-0.9111921293532064,0.3626376610169659
long_form,D1_concat_mlp,5,2023Q3,6,490,2.0107878690885967,-0.07297612298395958,0.9421348042828722,-2.5019562294430306,0.012676488115621004,-7.982729623630579,0.8416083671584407,0.4042691399104223,2.840336064367113,0.004694513937941264
long_form,D1_concat_mlp,5,2023Q4,7,496,-1.9355106226477334,1.8724013356593465,0.06688964334963908,3.0579898785941633,0.002348878911956864,7.172962346822334,-1.5941609530784664,0.11707931972536517,-3.644922277506692,0.000295754448943172
long_form,D1_concat_mlp,5,2024Q1,8,498,-4.155265642220496,1.7271554353312955,0.09057045035621163,5.787787438359916,1.2643052007618017e-08,2.62207386156567,-0.9801664848506677,0.33191857915302186,-1.68786199357577,0.09206509347617557
long_form,D1_concat_mlp,5,2024Q2,9,500,-1.0369196281482054,2.301642691028133,0.025834530871153796,1.637181482873426,0.10222299665973775,-2.0580789805534123,-0.5331068636617711,0.5964715837565768,0.9887822139084724,0.3232489112945956
long_form,D1_concat_mlp,5,2024Q3,10,492,-4.361155454559503,2.620617566477063,0.011536300608317552,3.325483153706249,0.0009487380397984445,15.512966665943964,-1.7270372845061892,0.09021379243089618,-4.571109365657257,6.1469002722194464e-06
long_form,D1_concat_mlp,5,2024Q4,11,500,0.10880546444423989,1.293121649668817,0.2016845570664033,-0.1571362347800968,0.8752010399737842,10.112004778707476,-1.2145380054631763,0.23002902961498564,-5.160865429489602,3.554649738188743e-07
long_form,D1_concat_mlp,5,2025Q1,12,503,-0.4916666847132737,0.08970827273133947,0.9288704229264086,0.4833624243497496,0.6290491752090562,2.3586995006812095,-1.0639962390040196,0.29234232680165323,-1.7585422689326626,0.07926457216502958
long_form,D1_concat_mlp,5,2025Q2,13,504,-1.637232588441732,-0.32592195009037894,0.7458435815558493,2.494232895372649,0.012942864224966011,-3.5233804560709556,0.5071154933186637,0.6143031971699145,2.2864026660203094,0.02264549047267796
long_form,D1_concat_mlp,5,2025Q3,14,494,-0.7800991722558779,0.8909936004737662,0.3772001704053593,0.7244363806620358,0.46914152160028233,4.702795899160107,-0.9792783578847658,0.3321571457649788,-1.7360555351995013,0.08317876750177261
long_form,D1_concat_mlp,5,2025Q4,15,501,-1.7585540959794552,1.135386758235492,0.2615210813865638,2.559679385897374,0.010769852488483429,5.397796665153579,-0.9786077061112688,0.33239332268819105,-2.888364650143427,0.004040426517850467
long_form,D1_concat_mlp,10,2022Q1,0,501,2.226585140701871,-0.29505738467539644,0.7691478897583974,-3.5714347918754297,0.0003893535904551181,-18.50891943623177,3.7865353468873555,0.0004038416465225919,7.212853394332462,2.041378547002906e-12
long_form,D1_concat_mlp,10,2022Q2,1,491,-3.8408775015524013,1.5635643392996166,0.12422771384135868,5.43364216356811,8.715952335210543e-08,8.138972934428832,0.6186463532475728,0.5389576890451397,-3.1715343293045994,0.0016114298124472605
long_form,D1_concat_mlp,10,2022Q3,2,488,-0.9655838773220803,1.8409231016697651,0.07238187140872858,2.3397829298185324,0.019698024526699043,2.1057305167580855,-1.0671286523303405,0.29173407299623727,-0.7663704018434468,0.44382725023457903
long_form,D1_concat_mlp,10,2022Q4,3,496,-2.9018274628049445,2.3099400157299117,0.024893898690687585,4.6076620101946455,5.187017150287713e-06,6.151081277051102,-1.569195129646272,0.12266819783926868,-2.4388428602450674,0.015084776733611362
long_form,D1_concat_mlp,10,2023Q1,4,500,-0.20766211510766944,1.7708755276607955,0.08293112652792738,0.4937561104685302,0.6216956865792754,-2.8562926256002266,-0.3868269020774921,0.7005940505069436,1.4505674978235812,0.14752861569366285
long_form,D1_concat_mlp,10,2023Q2,5,496,-0.39182918543833095,0.8602788411236181,0.3937417228343879,0.7613330855630026,0.44682068887790016,0.5733343766733943,-0.5142535238983051,0.6093403346890744,-0.18248002281454073,0.8552807396143319
long_form,D1_concat_mlp,10,2023Q3,6,490,1.0692471738651481,-0.9610073179777774,0.3414666612128929,-2.7935452250102246,0.0054179255497094035,-9.169684873880568,2.9447518850578933,0.0050119638382583485,3.8637698663519533,0.00012669125283054134
long_form,D1_concat_mlp,10,2023Q4,7,496,-0.5685154809549449,1.0406952354747836,0.3029256149508866,1.036329851664688,0.3005542732296592,2.9564089616235125,-0.7254127565263558,0.471514497488548,-0.9991627553805291,0.31820402853645996
long_form,D1_concat_mlp,10,2024Q1,8,498,-1.3335956449045383,1.0864043144461368,0.28272595224368446,3.4078303735600675,0.0007079793615689842,2.1682854881256564,-0.35273477818708077,0.7258315473181944,-0.9286182753254565,0.35353772023328034
long_form,D1_concat_mlp,10,2024Q2,9,500,0.7821217801614653,0.27028195371145086,0.7881266781273082,-1.959014515046165,0.05066754766545133,-9.423314587886402,0.029617725836280976,0.9764973395611571,3.2902057788018975,0.0010719384617827786
long_form,D1_concat_mlp,10,2024Q3,10,492,-0.7767328694740558,2.489340882951266,0.01610109913305591,1.401300269057849,0.16175604787446216,5.088797905203852,-2.3531277098149426,0.02251032044508097,-1.8115640343971118,0.07066444976330508
long_form,D1_concat_mlp,10,2024Q4,11,500,-0.5263794755909779,1.0242247741063821,0.31047038954818246,1.2006602836121874,0.23045264698664186,7.2704578545568195,-1.1078682380724245,0.27301694560612505,-3.4997693604869835,0.0005073694926024354
long_form,D1_concat_mlp,10,2025Q1,12,503,-0.5026589882762641,0.6349685859681689,0.5282874730874144,1.1523566946190782,0.24972298890428946,-6.503080896823063,0.9416783686033103,0.35079667349324506,2.5043333937856307,0.012584278104994398
long_form,D1_concat_mlp,10,2025Q2,13,504,0.2471083731663155,-1.5215341537688476,0.13442544162238876,-0.6578762455327162,0.510918612446572,-7.5805113860004845,1.6884119543134426,0.0975606402757203,2.620618810374881,0.009042503834247173
long_form,D1_concat_mlp,10,2025Q3,14,494,-0.1398495895460832,0.9992379521408947,0.3224909134544817,0.28750311616842555,0.7738479255903213,2.0669997160063236,-0.7662103093340452,0.44715356132729267,-0.7590850135709877,0.44816447838703144
long_form,D1_concat_mlp,10,2025Q4,15,484,-0.1508987732393149,-0.013395666998402337,0.9893700548560546,0.2613305439121671,0.7939490090092048,0.15132033237324538,0.05255705077412058,0.9583124189259823,-0.052786807377564866,0.9579235977598535
long_form,D1_concat_mlp,20,2022Q1,0,500,-0.28530831243484667,0.38248152990569106,0.703693598219284,3.5472207064205286,0.0004260520416352509,-29.574316633910144,3.0961294122251073,0.003182614395183765,8.83373847454434,1.7294651456385994e-17
long_form,D1_concat_mlp,20,2022Q2,1,491,0.029171099025498796,-0.0008420689558267695,0.9993314770235185,-0.5069742731405632,0.6124009373442344,-11.432241176957735,5.080427271311493,5.627202440360923e-06,5.191393831641785,3.0641056036634643e-07
long_form,D1_concat_mlp,20,2022Q3,2,488,0.12060454466900838,-1.1112373288098325,0.2725016801173017,-3.077520536673999,0.0022049303490722805,-1.2675023885922005,-0.017256148685286948,0.9863102813500841,0.4463248826995926,0.6555609689835638
long_form,D1_concat_mlp,20,2022Q4,3,496,0.21494792596250634,-1.7828589192459257,0.080446960389636,-3.9908975095847388,7.578640403734642e-05,-2.617203634726028,-0.36952749294883924,0.7132352071779566,0.9697126559808957,0.3326633151573064
long_form,D1_concat_mlp,20,2023Q1,4,498,-0.008210014796991738,-1.7472854246758984,0.08698341290979046,0.13904514145769548,0.8894708008682113,-12.586468715294721,0.6468332692949612,0.5208211380889622,4.484047531319036,9.103591717569205e-06
long_form,D1_concat_mlp,20,2023Q2,5,496,0.2095938752082523,-2.4703573203533495,0.01695255797653968,-5.447362609768288,8.069153158301675e-08,-1.3036929931264807,-0.7356509094306326,0.465380260478479,0.47764053675988216,0.6331169126439226
long_form,D1_concat_mlp,20,2023Q3,6,489,-0.017533922210248985,-1.1909558028905582,0.23965101929388552,0.5029533058318928,0.6152240139452174,-4.726403194920843,0.11021242485691704,0.9127101779212358,2.3166247714492787,0.02093742082559641
long_form,D1_concat_mlp,20,2023Q4,7,496,0.10577620167575767,-3.370399043680614,0.0014372949841201831,-4.101692656179816,4.794599538349855e-05,1.2226796420915542,-0.3327065458618155,0.7407195809352379,-0.805925787061933,0.42067263166543595
long_form,D1_concat_mlp,20,2024Q1,8,495,0.3527834938454811,-3.030211846904156,0.003929300859307793,-10.403551560059503,4.701149255302075e-23,4.656326967515287,-0.16991562172743377,0.8657906289182354,-2.0059932622843117,0.04540166698956033
long_form,D1_concat_mlp,20,2024Q2,9,500,0.2675274974552745,-3.8552451126483485,0.0003501879536060754,-8.395777534403313,4.818347464371879e-16,1.6057331782454245,-1.6793720766263127,0.09971639693772325,-0.7998065079405782,0.42420348319893575
long_form,D1_concat_mlp,20,2024Q3,10,492,0.10140783835460276,-1.601178913051037,0.11551413984443368,-3.091422572558737,0.002105218896188955,2.9303339894502174,-0.9881727862424073,0.32773324183225105,-1.672621111868352,0.09503892070275562
long_form,D1_concat_mlp,20,2024Q4,11,499,0.05502694833618355,-1.133246800167784,0.2623086413804268,-1.250526046473155,0.21169469064424268,-0.2503210262846148,-0.28431462413369424,0.7772984180937679,0.13981187259333255,0.8888651582677428
long_form,D1_concat_mlp,20,2025Q1,12,500,0.022659438758101825,0.14289346159843896,0.8869373896068625,-0.32888270532369757,0.7423823276741413,-19.033646014773716,1.2735620014636948,0.20859268538148248,6.5598973069887005,1.349193888122158e-10
long_form,D1_concat_mlp,20,2025Q2,13,503,0.42342530573413073,-1.995394127118859,0.0514630859934471,-12.28333517144734,1.659799283452414e-30,8.30922562259161,-0.8878858141284834,0.37885354035976204,-4.105822631628379,4.702436417417441e-05
long_form,D1_concat_mlp,20,2025Q3,14,494,0.0624264975140653,-2.0639703563791594,0.0442291125821998,-2.362306429709368,0.018549192203396094,0.6907451904473573,-0.837241809280414,0.4064407715059124,-0.40789649210747686,0.6835267474745249
long_form,D1_concat_mlp,20,2025Q4,15,465,0.07437868466905631,-0.9488716015614593,0.34884276384645724,-1.7038714990652448,0.08907462356570502,-4.231789713634109,0.7128171002192649,0.48043054745455277,2.0560884014228993,0.04033282781265075
long_form,D2_gated_fusion,5,2022Q1,0,501,-1.704900298097223,1.9295106421465489,0.05923967874583802,6.482247801667231,2.1703903707295135e-10,-18.04734980034519,4.414925611667437,5.26459658073232e-05,8.718163487130449,4.1897556639012596e-17
long_form,D2_gated_fusion,5,2022Q2,1,491,0.9030589513778011,0.4107771649807335,0.6829911105880666,-4.098305215117615,4.870509090364609e-05,5.967492981133178,1.2777689407909874,0.20723170096381477,-3.7203396001049933,0.00022198864001707
long_form,D2_gated_fusion,5,2022Q3,2,489,0.14697418363752948,-0.9173112001416064,0.36386996161817037,-0.7148733461686813,0.47502914833280785,2.4225454490892435,-0.42190476679804656,0.6751033767022828,-1.1983695259461684,0.23135484077856308
long_form,D2_gated_fusion,5,2022Q4,3,496,1.1558392803249868,-1.329096336372688,0.18961853546162255,-5.591341041495114,3.729829973444852e-08,7.636514570788206,-0.6247697086867376,0.5348541750321226,-4.848919126662323,1.664786276715004e-06
long_form,D2_gated_fusion,5,2023Q1,4,500,0.6017450404994675,-2.036806066609749,0.04720517042560645,-3.130262604032468,0.0018488285318221252,-2.606429494874629,1.509986165937981,0.13760230174306493,1.4368751686893173,0.15138015394012946
long_form,D2_gated_fusion,5,2023Q2,5,496,-0.05105999539946001,-1.2097272641758006,0.23207222116965048,0.3306918235983469,0.7410172065603221,1.3130383142541147,-0.5593467765153548,0.5784221385864491,-0.9410528471072017,0.3471367880826029
long_form,D2_gated_fusion,5,2023Q3,6,490,-0.24512332091142106,-0.48658891352816025,0.6288110933047917,1.8542886091165236,0.06429973893648135,0.43688864218214746,-0.5589136549435492,0.5788741352036818,-0.3260403614021946,0.7445332982495073
long_form,D2_gated_fusion,5,2023Q4,7,496,0.36408190460848466,-1.7276193836071785,0.09010839944915626,-2.24187125965501,0.02541186951393181,4.5481449736118424,-1.0427196493100082,0.30199585178886856,-3.058142062029153,0.002347708718262899
long_form,D2_gated_fusion,5,2024Q1,8,498,0.7451920089687446,-0.43548280058889716,0.6651640878657716,-4.725333974910517,2.994857469802101e-06,0.6906037243821223,1.4078474234232357,0.16561995198530322,-0.4824029657650534,0.6297321023785314
long_form,D2_gated_fusion,5,2024Q2,9,500,-0.001976136354793913,-2.0146037058482764,0.049687861440536885,0.013524138218490245,0.9892150331482494,0.6309297091703538,-1.0978360927671595,0.2778686749549996,-0.4450606407721679,0.6564689252425823
long_form,D2_gated_fusion,5,2024Q3,10,492,0.47560462088928945,-1.3640460504755056,0.1785429624861653,-2.9179209629762215,0.0036853182362897017,7.16973631740033,-1.7225329368601314,0.09103279241160289,-4.889064465271056,1.3747427354903322e-06
long_form,D2_gated_fusion,5,2024Q4,11,500,0.36013772626536866,-2.229303841663631,0.030138756830219864,-2.8499683912617537,0.004553214502107328,5.874516242260267,-2.3193938682726394,0.024335584772609543,-5.023365735347047,7.083289000935623e-07
long_form,D2_gated_fusion,5,2025Q1,12,503,-0.04702815015329968,0.516765658424426,0.6075535700669682,0.21823237504445028,0.8273367457709945,-8.499522136496632,2.4819230984332665,0.01640232283994648,4.4989488655932,8.493420019753502e-06
long_form,D2_gated_fusion,5,2025Q2,13,504,-0.33232968223010395,0.7000836621434493,0.4871198465617337,2.3768618673039574,0.01783376776715394,-4.366587887161976,1.0964811559745424,0.2781213479689877,2.9141403239399173,0.0037255399615663772
long_form,D2_gated_fusion,5,2025Q3,14,494,0.2003995106738794,-1.5156637607036718,0.13590141360686714,-1.0955877422866747,0.2737941475243592,4.37209350834034,-1.7160643241101097,0.09234099097242748,-2.6056343574714624,0.009447680932763592
long_form,D2_gated_fusion,5,2025Q4,15,501,0.28227646967252157,-0.6484555809910971,0.5195995218272302,-1.7150489836936174,0.08695583353796708,3.6862441791402616,0.6741885732975408,0.5032359892747411,-2.3232763902150557,0.020564520022856445
long_form,D2_gated_fusion,10,2022Q1,0,501,-0.07636411304840929,2.218187261432976,0.031021488654698982,3.155592759184112,0.0016982557860447652,-1.2513700253443318,1.7763339051867695,0.08164324912148495,0.7539681491657946,0.45122326120299777
long_form,D2_gated_fusion,10,2022Q2,1,491,0.16862881362876275,0.03034765909018066,0.9759106024361291,-5.115311494065658,4.502973680315733e-07,15.513446614602653,-0.38845945502850804,0.6993252508666483,-6.544459653043098,1.5076284677143242e-10
long_form,D2_gated_fusion,10,2022Q3,2,488,-0.057323151195907925,-0.04229654558266244,0.966453657733409,2.522563762520716,0.011967799855766556,-1.0607946690053847,-1.1869145964854941,0.24163019115210463,0.3665339088862175,0.7141259040148393
long_form,D2_gated_fusion,10,2022Q4,3,496,0.10297062536484156,0.3277392247356005,0.744424765062599,-3.5724510529252242,0.0003882392374307026,9.168485358508017,-0.510991076261858,0.6115201079688777,-4.047835160411024,5.997626579287982e-05
long_form,D2_gated_fusion,10,2023Q1,4,500,-0.04701108841675069,2.1595323388159215,0.03583476740983498,2.2543427804821192,0.024607512226399654,-2.3374769555049086,0.862694203357488,0.39259556343192625,1.3608485222117785,0.1741758480394524
long_form,D2_gated_fusion,10,2023Q2,5,496,-0.06671541571888512,-0.05875189421047533,0.9533839118269182,3.176235850975009,0.0015850955612411101,-3.087743157295849,-0.31952144294075974,0.7506623759331725,1.2833133993192947,0.19998277284865967
long_form,D2_gated_fusion,10,2023Q3,6,490,-0.107774429550384,2.3895204321809533,0.020934174275546207,5.8804925136779325,7.586575457968482e-09,-10.372937791189685,1.5587277649981346,0.1257697268652475,4.390593110649311,1.386383800578566e-05
long_form,D2_gated_fusion,10,2023Q4,7,496,-0.032242084734590566,0.20231920003213735,0.8404721215247082,1.7872757978684093,0.07450463885846847,2.508556106239239,-1.0562792873008664,0.29581868149562424,-1.283034828742548,0.2000802690032024
long_form,D2_gated_fusion,10,2024Q1,8,498,0.01862158052460997,0.3040570547081706,0.7623986705029876,-1.0666559977518826,0.28664507109958093,0.03577973485958439,-0.019097908618109394,0.9848421663623028,-0.01865007806274626,0.985127737882613
long_form,D2_gated_fusion,10,2024Q2,9,500,-0.05145873255317373,-0.7036688917366086,0.48511063260969917,2.905929229430887,0.003824335125613241,-6.865789395750114,-1.0060445257964858,0.3195457351181777,2.898146216805948,0.003918899866484405
long_form,D2_gated_fusion,10,2024Q3,10,492,-0.05658042405632358,0.1561731302383321,0.8765131163028773,1.7816837802559453,0.07541878403484473,4.817546080924425,-0.8948386271364424,0.3750772505119014,-1.501530994589658,0.13386107515876014
long_form,D2_gated_fusion,10,2024Q4,11,500,-0.02826156771517931,0.7602391015690994,0.4505450148276415,1.485531798431641,0.13803447614048378,6.305871832942965,-0.5027831299404547,0.6172396375107991,-3.745912234613328,0.00020071629352302848
long_form,D2_gated_fusion,10,2025Q1,12,503,-0.006390407323633141,-0.27932291936245895,0.7811266754553244,0.3106337968665313,0.7562079632699195,-0.6290838493707707,-0.4181644181695552,0.6775824816594843,0.3371751389437667,0.7361258028891179
long_form,D2_gated_fusion,10,2025Q2,13,504,-0.001208130768429691,1.0268860071840988,0.30941652065902814,0.06352524996123865,0.9493734894129637,-4.61029830672663,0.6124614270634208,0.5430080631535619,2.148039522997432,0.03218755206609907
long_form,D2_gated_fusion,10,2025Q3,14,494,-0.06544403321233747,0.13944884114125672,0.8896556731715016,2.449278934782656,0.014661259858603715,0.9313482093427339,-0.737835287954115,0.46406345470490434,-0.3417904123374008,0.7326542678957477
long_form,D2_gated_fusion,10,2025Q4,15,484,-0.060616703642300866,1.604797499182955,0.11538290629194019,2.594802169550786,0.009752301025943775,-1.0200252674787769,0.45735950493289157,0.6495655051317332,0.42061573537097585,0.6742227771107999
long_form,D2_gated_fusion,20,2022Q1,0,500,-1.1985290459062001,1.5249331237175772,0.13345362578538345,0.6497845513280376,0.5161304020357393,-34.17192123389355,3.22408388577054,0.002206198386803465,12.24423245616705,2.5245518752082313e-30
long_form,D2_gated_fusion,20,2022Q2,1,491,-8.612444421053171,1.4277920997639484,0.15956812832617615,4.257174213438945,2.481962352770862e-05,-15.923055389677451,2.7934057658454097,0.007373238387422833,5.99951891417981,3.8495576903500045e-09
long_form,D2_gated_fusion,20,2022Q3,2,488,2.500049236651354,0.5677254873287083,0.5731070873600767,-1.259219377229306,0.20855430995964053,3.586358092839257,0.3995234036611267,0.6914403751476664,-0.8978663955480696,0.3697004495884911
long_form,D2_gated_fusion,20,2022Q4,3,496,-9.835035989368764,2.447541767815543,0.01779669096804239,6.570206332477762,1.2749355129675924e-10,-5.185904656359889,-0.2359335595441435,0.814411039348848,1.4419076520713867,0.14996079104950813
long_form,D2_gated_fusion,20,2023Q1,4,498,-5.18692639690031,1.8888742062863195,0.06495872169455433,4.6001359743854335,5.364936605965547e-06,-9.441069774724426,-0.2003125598142164,0.8420824425148725,3.718222278272683,0.00022346702675270203
long_form,D2_gated_fusion,20,2023Q2,5,496,-6.049432780329583,1.7115155148900043,0.09318340111230031,4.421977453859975,1.2031646830015057e-05,7.1752549134512575,-1.0973170122920932,0.27775947010482804,-2.309884536145461,0.021305079007273145
long_form,D2_gated_fusion,20,2023Q3,6,489,10.603018144452578,-0.3736222382034941,0.7103654690708346,-6.874889867676454,1.9038177543318293e-11,-14.170111382167812,-0.12141328349451275,0.9038813076970167,4.0492484857521776,5.9751545147892076e-05
long_form,D2_gated_fusion,20,2023Q4,7,496,-3.7804113097632475,2.492386430234613,0.015978880810531212,3.6537936688706543,0.00028597629608230506,6.666317160952804,-1.2546570070120915,0.21532279849180203,-2.781345744316446,0.005619880118516581
long_form,D2_gated_fusion,20,2024Q1,8,495,-8.708931821108703,4.190937233345604,0.00011849063582325372,10.79076075720112,1.613006319221394e-24,10.658407340703693,-1.148046004620597,0.25663914166646185,-4.946192742725469,1.0391203489030231e-06
long_form,D2_gated_fusion,20,2024Q2,9,500,-2.0560591004621496,1.7605130760019967,0.08482689612583133,1.552030732182471,0.12128884314519754,7.429444138980786,-3.414983670285819,0.001323684643337296,-2.9104578889727555,0.0037702729960343495
long_form,D2_gated_fusion,20,2024Q3,10,492,3.6088683788247624,0.10916630369343716,0.9134989922224197,-2.0527429788197686,0.04062694631411291,4.440355528680365,-0.578043030247486,0.5657787993002877,-1.5484996509742932,0.12214632815048608
long_form,D2_gated_fusion,20,2024Q4,11,499,-6.835647926638732,2.950465482875466,0.00474835034401975,6.292631855524451,6.847027868509999e-10,6.6208034705112615,-1.6166866683952863,0.11199723249594683,-4.176067277351284,3.501748983627032e-05
long_form,D2_gated_fusion,20,2025Q1,12,500,-4.34232500763644,-0.22263191304037414,0.8247112258743537,2.290309070206057,0.022419710473355337,-22.59412920971428,1.1714164994635543,0.2468752419742187,4.234263209070949,2.730450688086141e-05
long_form,D2_gated_fusion,20,2025Q2,13,503,-1.6230255811156364,1.6082616878458256,0.11407485488379808,1.9768564123305683,0.04860464095164029,7.454690451567121,-1.3964701977741703,0.16874169513579973,-3.772870049198533,0.00018063347481817778
long_form,D2_gated_fusion,20,2025Q3,14,494,4.489806082667318,0.3904983601739553,0.6978268850263698,-2.8651566841394382,0.004345995754589644,3.9427546947154535,-1.9865175519967575,0.052470289508046726,-1.4894793985623056,0.13700060816915338
long_form,D2_gated_fusion,20,2025Q4,15,465,-3.1622944147140024,1.2742373931092765,0.21052478015197876,3.366882561969093,0.0008234567272286199,-0.15641582796307707,-0.005387504095817837,0.9957303580986254,0.06489386316892296,0.9482864552891554
long_form,D4_llmfused,5,2022Q1,0,501,0.1915409082175923,-0.3783170289582494,0.7067653156077042,-1.1142902621047348,0.26569001769324385,0.1915409082175923,-0.3783170289582494,0.7067653156077042,-1.1142902621047348,0.26569001769324385
long_form,D4_llmfused,5,2022Q2,1,491,-0.747290330517407,-0.0034437458093129407,0.9972659972573723,5.482543997387657,6.723534979020518e-08,-0.8465263879204903,0.05030674747830369,0.9600783795443621,5.29789276364353,1.773453072548472e-07
long_form,D4_llmfused,5,2022Q3,2,489,0.8787996537013403,-2.7521563851993642,0.008503996072632615,-5.243573197512882,2.3503568601331214e-07,-0.13742254747940003,2.6455265632267695,0.01119484078578965,5.078910322566728,5.412186954726503e-07
long_form,D4_llmfused,5,2022Q4,3,496,0.41563859929757235,-0.5828454944504707,0.5625164608087704,-2.690764934393473,0.007369899483126621,0.413548630510891,-0.46999884348766946,0.640321035646544,-2.704979304103055,0.0070663013220565755
long_form,D4_llmfused,5,2023Q1,4,500,0.22460932498241426,-2.13137937143211,0.038205624268813576,-1.3009530875996638,0.19387492257792044,0.289124095570865,-1.9839113661609702,0.05300029788889815,-1.1587421009616348,0.247115549823996
long_form,D4_llmfused,5,2023Q2,5,496,0.12629386712913823,0.9840421657993899,0.32983273316982287,-0.6284107714198655,0.5300247209398892,0.1810028613245464,1.010341721646055,0.31719610911918267,-0.5473368573529863,0.5843940084654227
long_form,D4_llmfused,5,2023Q3,6,490,0.2555276929611383,0.565198397961528,0.574627023074326,-1.5208821892359718,0.12893573205034792,0.37990415378624565,0.6088380542707046,0.5455634422918596,-1.2514628190497215,0.21136401045325093
long_form,D4_llmfused,5,2023Q4,7,496,0.27550533595943033,-0.7107544174984404,0.4804743604145601,-1.5117094119086236,0.13124592752974004,0.4387165496154908,-0.4915723386329698,0.6251307747569365,-1.2092127420516638,0.2271583580966733
long_form,D4_llmfused,5,2024Q1,8,498,0.2442982997905821,-1.7131106527004942,0.0931451589477373,-1.5140163553562438,0.1306573503808961,0.45328284222840676,-1.6038893639034122,0.1152990304283236,-1.1942992735112998,0.23293059662152726
long_form,D4_llmfused,5,2024Q2,9,500,0.5723386705185677,-1.9048504159102753,0.06292900802691641,-4.5018425578970165,8.39375843260176e-06,1.2758477325702382,-1.8506159868688754,0.07051558697181823,-4.089397568083943,5.041005871505563e-05
long_form,D4_llmfused,5,2024Q3,10,492,0.46468561132066355,0.9399070318584245,0.35169581879201645,-2.9329577648372847,0.003514405723727149,0.9946640175670985,1.18517006253834,0.24144343358918588,-2.142179878023438,0.03267022583491079
long_form,D4_llmfused,5,2024Q4,11,500,0.4466866789775141,-2.2739876755218247,0.027122756072485613,-3.0452489445698814,0.0024477630138586945,1.1886109549214563,-1.8142054285228437,0.07541721289118872,-2.357649837792214,0.01877608535414384
long_form,D4_llmfused,5,2025Q1,12,503,0.04739550430414953,0.39206600241092815,0.696643092209224,-0.24140525832290885,0.8093396099066423,0.12186217409207882,0.4823919216657703,0.6315915955465846,-0.15539222272247627,0.8765745768137879
long_form,D4_llmfused,5,2025Q2,13,504,-1.0644463817877803,-0.21280098195392094,0.8323474351113782,4.465016238543031,9.892548324652642e-06,-3.4625116440008843,-0.30403713397042975,0.7623613358895127,3.469627822244111,0.000565962692211839
long_form,D4_llmfused,5,2025Q3,14,494,0.39936253965619056,-0.7928361530050745,0.43161936660745825,-2.365231933049485,0.018404977912901993,0.5706948731633669,-0.6330507979875962,0.5295853851742028,-1.9590056411409713,0.050675367542107115
long_form,D4_llmfused,5,2025Q4,15,501,0.06217778255943794,0.08594313791953498,0.9318481434100779,-0.3323039540156523,0.7397990181716837,0.00225140914934056,0.29588943911605964,0.7685159875156498,-0.005992701592990301,0.9952209347262155
long_form,D4_llmfused,10,2022Q1,0,501,-0.7827802080553167,0.6029673520921888,0.5492025205628638,1.3525022401035596,0.17682604115083245,-0.782780208055034,0.6029673520921942,0.5492025205628602,1.3525022401031632,0.17682604115095904
long_form,D4_llmfused,10,2022Q2,1,491,1.0514392082144115,-0.5083834791426339,0.6134202645981812,-2.9819834019716627,0.0030064854111744896,0.872273288955359,-0.5969093475366775,0.5532613359652124,-2.856009289144543,0.004472180821047634
long_form,D4_llmfused,10,2022Q3,2,488,-0.3127158815853595,-1.054890696400475,0.297233524217825,0.5757907731294775,0.5650225779702704,-0.20958066437652925,-1.0877910530115358,0.28261023032620325,0.4141074234837056,0.6789777565714883
long_form,D4_llmfused,10,2022Q4,3,496,-0.3228735572823935,-1.0116457696448904,0.3163917353488345,0.7056022371889606,0.48076745052479,-0.3144905663318677,-1.0496010336850508,0.298755347349181,0.7088562164374255,0.47874741173482266
long_form,D4_llmfused,10,2023Q1,4,500,0.3710232637191173,-0.5452084609429918,0.5881347529393566,-0.5644130530273525,0.5727266631566711,0.3638702890811115,-0.5370780916300784,0.5936947123016013,-0.5856405545009539,0.5583818516974409
long_form,D4_llmfused,10,2023Q2,5,496,-0.3404147354832336,1.6203337260394282,0.11145125272855211,0.820148067707378,0.4125264503589441,-0.3309110939820464,1.6185255374509684,0.11184107261537186,0.8624672825788832,0.3888480726911708
long_form,D4_llmfused,10,2023Q3,6,490,0.17765564510056084,-0.6048352556120359,0.5481976255828778,-0.37263228615868677,0.7095835919801363,0.1768760064663516,-0.6166251606007106,0.5404574985956987,-0.44264335529339266,0.6582194489419513
long_form,D4_llmfused,10,2023Q4,7,496,0.19903033168313763,0.2526890657400382,0.8015242081478973,-0.2614690236236285,0.7938395906070289,0.21091440786981547,0.2796395956435249,0.7808850480608219,-0.31511583339326865,0.7528065014993522
long_form,D4_llmfused,10,2024Q1,8,498,-0.04159817975646651,-0.5910512705916494,0.5572592223689008,0.09485705578999035,0.9244665985059567,-0.014712491780088642,-0.548692234216814,0.5857599923235194,0.03522576774147368,0.9719138583607487
long_form,D4_llmfused,10,2024Q2,9,500,-0.5419841180037359,1.0912792893601173,0.2807128901773733,1.7336333580058232,0.08360083239177855,-0.5499153238626595,1.1906976486902165,0.23975140663185732,1.6517897023633978,0.09920652116567011
long_form,D4_llmfused,10,2024Q3,10,492,-0.9940603062535758,-0.9267675862596279,0.3584123755816459,2.053494955656953,0.04055372563687636,-0.8165389286302736,-0.8363207088045035,0.4068760238833683,1.9156158905310867,0.05599450281566975
long_form,D4_llmfused,10,2024Q4,11,500,-1.3658794967679533,1.5382051245113584,0.1300618317645586,2.4500830615243787,0.014624774474892108,-0.9696507382866777,1.3344419586714535,0.18787329163237224,2.426971018050462,0.015578495021393045
long_form,D4_llmfused,10,2025Q1,12,503,-0.30557078998672094,1.0477418139330197,0.2996977455710079,0.6781498073427114,0.49798917557172073,-0.20013582471607044,0.9515787011961672,0.3457988425062467,0.9174014312082618,0.35937285473609587
long_form,D4_llmfused,10,2025Q2,13,504,1.8370759058293136,0.11706574164501349,0.9072769338741197,-2.587756458305676,0.009939554564102225,0.5000768310846077,0.3778500525884363,0.707141333022855,-1.2859783652732597,0.19904226998564603
long_form,D4_llmfused,10,2025Q3,14,494,-0.5547682060663791,-0.14115593751837183,0.8883139355460846,1.7002725410853823,0.08971036044684523,-0.4509172999625157,0.04571536157578178,0.9637192196405469,2.0319361102587097,0.04269578576029836
long_form,D4_llmfused,10,2025Q4,15,484,-0.45083225633644525,-0.9407375752893608,0.3517535293285586,1.0762699722862181,0.2823438236683762,-0.23681002510353208,-0.9377809137389956,0.35325494610660374,0.9719159455740747,0.33157883428625556
long_form,D4_llmfused,20,2022Q1,0,500,0.6208462964287708,-2.4174332820866304,0.019243638130710644,-1.2482791579493269,0.21251421848664478,0.6208462964287708,-2.4174332820866304,0.019243638130710644,-1.2482791579493269,0.21251421848664478
long_form,D4_llmfused,20,2022Q2,1,491,0.12032221753171882,-0.34218934977363036,0.7336426407405456,-0.3105153051195428,0.7563011568384292,0.16434036256396878,-0.3313318107766483,0.7417785851896986,-0.33390656367428584,0.7385929179742008
long_form,D4_llmfused,20,2022Q3,2,488,0.49081054113778394,-1.2012738409965165,0.23607153273979636,-1.5294082137609402,0.12681252882333874,0.4790321051718502,-1.148031537771977,0.25715910802412334,-1.1423932147875833,0.2538519431064162
long_form,D4_llmfused,20,2022Q4,3,496,0.4195032643382086,-1.2098745740331804,0.23179851268822635,-0.9332323214223507,0.35115501091611223,0.5111872243895393,-1.1365174488942982,0.2609506270475793,-0.8166316455526762,0.4145317966732901
long_form,D4_llmfused,20,2023Q1,4,498,0.2148165824094647,-0.7506788438736703,0.4565103327006848,-0.6627410012722583,0.5078036731461675,0.25999641863116796,-0.7323468803935225,0.46751795495154647,-0.516659357013291,0.6056237887288983
long_form,D4_llmfused,20,2023Q2,5,496,0.891381103862738,-0.031034553320468464,0.9753655353422469,-2.073543648639554,0.03863832734033582,1.2205707736031655,0.129632454250853,0.8973773237902369,-1.9933204224847136,0.04677477699216003
long_form,D4_llmfused,20,2023Q3,6,489,0.7436400808813238,-0.8053749876912848,0.42465916181368657,-2.0751899229411133,0.03849227719642113,1.1675786111919482,-0.808339304354019,0.42296805594120834,-1.9835464050662972,0.0478664068144565
long_form,D4_llmfused,20,2023Q4,7,496,1.1358242910144167,-1.953966973744681,0.056199691381176586,-2.0335165678323897,0.04253322975336677,1.9373854680640155,-1.2451407970825696,0.21877089036154787,-1.7573058180060845,0.07948384920957971
long_form,D4_llmfused,20,2024Q1,8,495,0.3153898993605704,-0.9150309212286564,0.3647494465110069,-1.1622453440106963,0.24569700797343816,0.6048775757117882,-0.9124879728051256,0.36607232951644175,-0.9474848164628697,0.34385503225329367
long_form,D4_llmfused,20,2024Q2,9,500,0.32212998760812583,-1.0518094281897756,0.2982648990229412,-1.1804923076423308,0.23836686789652062,1.0813393568256568,-1.2624264320313727,0.21302356079174098,-1.5902416895644573,0.11241364984037915
long_form,D4_llmfused,20,2024Q3,10,492,0.3913220429564885,-1.277413539470517,0.2072410038342699,-1.637807794470096,0.10210245232687315,0.3744722896958258,-0.5556441295595002,0.5808836023464091,-0.6439254395755419,0.5199244501653428
long_form,D4_llmfused,20,2024Q4,11,499,0.3490823129681364,0.31523397885181165,0.7538456143725363,-0.7289579304588721,0.46637006820514887,-0.5426814055751894,0.960955533658073,0.34102179080951117,0.39898997930611857,0.6900716192205034
long_form,D4_llmfused,20,2025Q1,12,500,0.7702333150255485,-0.9443851246103704,0.34942560251485694,-1.8120239670173983,0.0705834476892111,0.9997106349272161,-0.8347012328398942,0.407778999274743,-0.9821511891367734,0.32650131523509046
long_form,D4_llmfused,20,2025Q2,13,503,1.2665514566759968,-0.45045155718624835,0.6543321084616261,-2.4903151420078253,0.01308527093210588,0.3649891059392678,0.1646100237066442,0.8699146217075981,-0.29374924235096306,0.7690709308192526
long_form,D4_llmfused,20,2025Q3,14,494,0.7701483766134293,-1.5879566552714124,0.11860051105226407,-2.893908326648187,0.003973330246101976,1.3250443540187034,-1.2573459738658959,0.21446975548758546,-2.190825448827838,0.028931843049402918
long_form,D4_llmfused,20,2025Q4,15,465,0.5262133160817807,-1.0476682418723515,0.30158730771279796,-1.9029923522812107,0.05766019328902522,0.39133640551393895,-0.5525157936930135,0.583917667913339,-0.5376546752944317,0.5910732393785537
long_form,C5_qwen3,5,2022Q1,0,501,9.533113275983698,-1.7772621394196,0.08148862701412304,-5.286495546913681,1.8662886061819105e-07,-4.4552998324983815,3.783885248260243,0.0004072094537154203,9.746555675690251,1.1489780467796578e-20
long_form,C5_qwen3,5,2022Q2,1,491,-4.289167578151068,1.8703892451924675,0.06728904304477365,6.183565086348,1.3219711206149546e-09,0.4766971866967286,-1.0210121270087775,0.3121635860434516,-6.361015120111235,4.6021126885419575e-10
long_form,C5_qwen3,5,2022Q3,2,489,1.805859643599082,-0.40477065189100203,0.6875638046336683,-1.961208500346641,0.05042292597382561,-0.12098484118587621,0.6676692120821914,0.5077546416953356,0.7075130576702957,0.4795854419571144
long_form,C5_qwen3,5,2022Q4,3,496,-3.7868643282727423,1.1499597528480239,0.2554217814830315,4.05742731026122,5.764240907659387e-05,0.6347260025349291,-0.13434568643060696,0.8936478690100381,-5.068800094398463,5.665112627332582e-07
long_form,C5_qwen3,5,2023Q1,4,500,-6.362475055821687,0.2781514440069692,0.7820907972848342,4.695945771788399,3.434652475093889e-06,-0.47521770644103717,2.0674128008223494,0.04410950065523858,1.6447166534714848,0.10065802934559184
long_form,C5_qwen3,5,2023Q2,5,496,0.23229511287993557,1.06966954472562,0.28990488994065466,-0.3534817963854852,0.7238777681149432,0.1693555478994115,-1.0161351055309322,0.3144569908375297,-1.2238594124533064,0.2215874823493457
long_form,C5_qwen3,5,2023Q3,6,490,1.1851484388974076,0.26251168155179555,0.7940742404786219,-1.9466608305503381,0.05214766085225725,0.05041751658587327,0.3773042339247682,0.707645920108108,-0.37802098818567187,0.7055790388851682
long_form,C5_qwen3,5,2023Q4,7,496,-2.178052928065032,2.1641092622804785,0.03516261313792531,2.5308601740002628,0.011686983418744646,0.7299238987285678,-1.7890457031995892,0.07954694004771581,-4.832506538480677,1.8013756527394848e-06
long_form,C5_qwen3,5,2024Q1,8,498,-6.963602446293199,1.0991501031028157,0.27718513783568494,6.269691213047328,7.861936967977652e-10,0.26898138009193373,1.2523268624352017,0.2165183763657873,-0.989177153283767,0.3230577991703718
long_form,C5_qwen3,5,2024Q2,9,500,0.9977277000166669,0.3707490367894324,0.7124902863299817,-1.7396734706684869,0.08253295090618665,-0.12779103198535469,0.1986470735366385,0.8433956372190451,0.7951545860029788,0.4269016316642219
long_form,C5_qwen3,5,2024Q3,10,492,-1.7993833229070963,1.97753421266184,0.05339773720124195,1.901963420484597,0.057760880009299104,0.4684693468513374,-1.3187381915634664,0.19314793861393684,-2.3446336682083073,0.0194432723589673
long_form,C5_qwen3,5,2024Q4,11,500,-2.722384263205027,0.557107979440251,0.5798438251238516,3.602812477202018,0.00034634179126409007,0.5666674741420966,0.272848616214739,0.7860502440109601,-3.579654530796421,0.00037767696677930393
long_form,C5_qwen3,5,2025Q1,12,503,1.9241801472331381,0.14034350441403504,0.8889414208749399,-1.4839811029243928,0.13844151814949437,-2.468973269846947,2.5238031474565616,0.014766271546651336,6.450941419465875,2.6188534689737056e-10
long_form,C5_qwen3,5,2025Q2,13,504,0.20064658392992882,0.7738350731667717,0.44267191013247614,-0.43190323337381825,0.6659968197893652,0.012919568264721482,0.1461985914010716,0.8843524678203298,-0.1130427543509496,0.9100417602758974
long_form,C5_qwen3,5,2025Q3,14,494,-0.5158207601610943,0.8768283335507151,0.38477339727659937,0.7644865103058798,0.4449431275510987,0.1669524836099561,-0.576932316566217,0.5665738038908207,-1.172114461017624,0.2417172031563716
long_form,C5_qwen3,5,2025Q4,15,501,-0.9160278855972006,0.9638247566476532,0.3396818101956433,0.8746001504298427,0.382211407938381,0.32193034104753454,-0.37063577962139493,0.7124438551074885,-1.5639081346022279,0.11847180716800922
long_form,C5_qwen3,10,2022Q1,0,501,18.18499903375801,-0.4652780957985892,0.6437130192673319,-4.22479399445174,2.842700945611174e-05,-0.019643676757565943,2.3369475008080913,0.023406796164056998,9.067918177501522,2.7641107116902643e-18
long_form,C5_qwen3,10,2022Q2,1,491,-12.350400761365007,3.1905696805453254,0.002453602005613193,7.033386101106263,6.8145772962556194e-12,-0.7351392152891317,1.877118938981672,0.06634234318803339,7.035441060533678,6.72397765582538e-12
long_form,C5_qwen3,10,2022Q3,2,488,3.125541977281668,0.2237060303307226,0.8240215068235444,-1.3383998959907923,0.1813906207911177,0.02907523961704784,-0.8635343612942469,0.39252668981946615,-0.18590898789988186,0.8525935422187063
long_form,C5_qwen3,10,2022Q4,3,496,-13.44208924047311,1.7320044839565638,0.08920152485703439,5.923535655266105,5.902836286795121e-09,-0.8014325479574697,1.399588694722304,0.16757411756200244,7.3671509726648985,7.348501630931411e-13
long_form,C5_qwen3,10,2023Q1,4,500,-15.41561786064867,0.9950603954194781,0.324696855323269,4.300958889664454,2.046540098176315e-05,0.2076742660603559,-1.6037199829353133,0.11533645141025343,-1.3269032785226922,0.18514753252018024
long_form,C5_qwen3,10,2023Q2,5,496,1.6415014738267262,0.8930477976727472,0.3761098389346964,-1.0794884230930095,0.2808957541775845,-0.04745510820827896,0.8355018455590211,0.40741004509882445,0.6619281704573844,0.5083252825222386
long_form,C5_qwen3,10,2023Q3,6,490,6.245769517040976,0.05976948739028719,0.9525926499497767,-4.02364557298164,6.638263112170025e-05,0.1403178394654301,-0.7729107139497303,0.44344503028859905,-1.7366731769135746,0.0830746234439654
long_form,C5_qwen3,10,2023Q4,7,496,-1.8111752698225319,1.3466213270914034,0.1840564916448606,0.777706129383974,0.43711381441022706,-0.38532286915526887,0.7712759051743884,0.44410228831126036,3.4991173720648385,0.0005089286583279171
long_form,C5_qwen3,10,2024Q1,8,498,-23.074952654582383,1.9138938019672853,0.06160650272715539,9.432585713886262,1.5309897848425044e-19,-0.3418287399588311,-0.3545513509443679,0.7244787145269141,2.5288903742274154,0.01175066366275542
long_form,C5_qwen3,10,2024Q2,9,500,3.7868685815315657,0.5267054787445676,0.6008752708270162,-3.1526056894832397,0.0017155793912726899,0.06235890746755058,-0.3473398232917635,0.7298866596838733,-2.0683250172633176,0.03912408058047479
long_form,C5_qwen3,10,2024Q3,10,492,-2.594717747080618,2.7097472526938278,0.009147512456410744,1.1272368734215668,0.26019291104899017,-0.10694284363435556,2.48952461082235,0.01609370219391994,1.866211679872535,0.06260770444719838
long_form,C5_qwen3,10,2024Q4,11,500,-7.219995346157028,1.4000922895908456,0.16742407621353597,3.8773378721298832,0.0001197300416418749,-0.15322792364129323,0.6360549583643604,0.5275303445613108,3.9575583361215805,8.670839504544729e-05
long_form,C5_qwen3,10,2025Q1,12,503,2.047829443753799,-0.3095406903421159,0.7581714731748119,-0.691622573024832,0.4894941148221925,0.3743491400982953,-1.7120477198473658,0.09296311840615151,-7.625280404894917,1.2284455445362222e-13
long_form,C5_qwen3,10,2025Q2,13,504,0.8616884099369407,1.0736934986596922,0.28811462369916135,-0.8273902357841081,0.40840826196452384,0.02899269622634346,0.042232701532125216,0.9664813953576333,-0.48315772354393594,0.6291939815865315
long_form,C5_qwen3,10,2025Q3,14,494,0.03837113011431158,0.7103722125247496,0.48077371751685305,-0.02439594901440715,0.9805466507751746,-0.046557867233134716,0.2325620990442906,0.8170508038973204,0.5308214478791422,0.5957815532666941
long_form,C5_qwen3,10,2025Q4,15,484,0.24600303725331038,0.1952824994465749,0.8460318255585922,-0.09516674416859748,0.9242218531549654,-0.11894212835017733,-0.921904616092693,0.3613885056136939,0.8441653260366648,0.3989949348530335
long_form,C5_qwen3,20,2022Q1,0,500,-0.017668322619600097,0.7581211533663559,0.4518676145007,0.00293646040943454,0.9976582204791805,5.398677573517402,-2.089287418480256,0.0416897385046887,-8.44351152133087,3.3726781256625387e-16
long_form,C5_qwen3,20,2022Q2,1,491,-21.553063906580537,2.228843709386406,0.030348746808309842,6.481832058516644,2.2130755464870663e-10,-2.0035610261241867,1.2981471287363793,0.2001930906355172,6.072005673229487,2.53482988826921e-09
long_form,C5_qwen3,20,2022Q3,2,488,3.4826049470249796,0.8127161259324429,0.4207566000526742,-0.8461515693370597,0.3978837629546475,-0.2906877698011358,-0.6288002002023793,0.5327308555007486,0.531198255734254,0.595523581887733
long_form,C5_qwen3,20,2022Q4,3,496,-13.07198613712759,1.2890526915323062,0.20308479057420997,2.366904619681474,0.018321402366521744,-2.05313568492469,1.5280792590336705,0.13255342011090374,5.567257380897571,4.248659328580751e-08
long_form,C5_qwen3,20,2023Q1,4,498,-22.87184827525021,1.5476342823938307,0.1282789657887722,5.077715378275313,5.41090811758343e-07,3.207254720679977,-2.311046112835853,0.025170252364550068,-5.315806841397121,1.6069468478044109e-07
long_form,C5_qwen3,20,2023Q2,5,496,3.434148317830195,0.5641568397648787,0.5751694363707026,-1.0695765979984957,0.28533120838388887,-0.5378734211536869,0.6804305193727905,0.49937071206553785,1.579817257272721,0.11478748494738725
long_form,C5_qwen3,20,2023Q3,6,489,14.463864944107756,0.27675627838529576,0.7831807694562056,-4.827267529989707,1.8546367681149766e-06,1.4249472557654659,-0.9678278043206128,0.3380845042613129,-4.047037047743988,6.030004120643381e-05
long_form,C5_qwen3,20,2023Q4,7,496,10.455835114438152,0.6759219352258432,0.5021439093159132,-2.4322485964049436,0.015358851449658114,0.17135504293004616,0.48318607659784824,0.6310315441787537,-0.3840925668474453,0.7010747762703053
long_form,C5_qwen3,20,2024Q1,8,495,-48.984871416475805,2.1985550882446874,0.03276288403166787,11.48518568855925,3.1765942819100724e-27,-2.853177074846968,0.3510384364895458,0.7270956392537259,4.400171449929866,1.3261137817270619e-05
long_form,C5_qwen3,20,2024Q2,9,500,4.994343052524153,0.5446659047908179,0.5885584686806682,-2.027600065249292,0.04313199480658037,0.1027675951737357,-0.44794224306527053,0.6562529306650154,-0.36959849754017116,0.7118384663458651
long_form,C5_qwen3,20,2024Q3,10,492,4.086402060327518,1.6763874627011681,0.09978277407706437,-1.406161376202874,0.16030873933175702,-0.0317315490023671,1.6898110256393226,0.09716890732124832,0.09213117299809985,0.9266313982318595
long_form,C5_qwen3,20,2024Q4,11,499,-11.181634758291818,1.765548118722009,0.0833427862927333,2.7810964676978727,0.005622874448109482,-1.4003765171396885,1.5927679241120107,0.11727353225883994,4.38686984369796,1.4043547340994086e-05
long_form,C5_qwen3,20,2025Q1,12,500,-21.755100868511626,0.4785077049671813,0.6343339430383881,3.7981827558550054,0.00016372668701307617,4.926573290063615,-1.4995588232199635,0.13989406759402234,-8.530073327710602,1.7596061641820422e-16
long_form,C5_qwen3,20,2025Q2,13,503,1.52664522941761,1.716108275095679,0.09233288236693495,-0.8042636184408029,0.421625444981167,0.4247107378396181,0.8419953397210813,0.4037999817663254,-1.357848411241334,0.17512179759860977
long_form,C5_qwen3,20,2025Q3,14,494,1.3490778753170873,1.2837027852827678,0.20516332016371108,-0.5328650943672941,0.5943670728558392,-0.06875633698167369,0.7672166973674068,0.44656051212644077,0.183817945307975,0.8542318569707777
long_form,C5_qwen3,20,2025Q4,15,465,0.05879938830053541,0.5754676198717841,0.568458660800885,-0.014598506420440463,0.9883587656238315,-0.9921216236840897,-0.4745704230952869,0.6378823118068211,1.4993397452238117,0.13446556923529668
event_driven,B1_bow_ridge,5,2022Q1,0,1625,0.8992151849593247,-1.2351525876747615,0.2214339391470578,-1.4107803488881592,0.1585009116051311,-13.107591885130587,3.1942420187610168,0.002204711006033171,7.7879056439731515,1.2056293030011378e-14
event_driven,B1_bow_ridge,5,2022Q2,1,1742,1.176094341165166,-1.4150368504501236,0.162060891646779,-1.8511994864488515,0.0643101104092531,-16.56943149261592,4.608511686380948,2.073547155682008e-05,9.832107916628294,3.0687850019214843e-22
event_driven,B1_bow_ridge,5,2022Q3,2,1419,1.7415964273878075,-1.6613678332064838,0.10153103079914703,-2.4962947957750585,0.01266262755633813,-8.463540511441675,2.4260463532886094,0.018093254863531954,3.7897397160119666,0.0001571245860742739
event_driven,B1_bow_ridge,5,2022Q4,3,1461,3.584896845402447,-1.5383449532245774,0.1290526410932047,-4.803217588086039,1.7219594165361856e-06,-2.977459665008381,0.59647240500627,0.5530314157056482,1.7559103862847085,0.07931337740495435
event_driven,B1_bow_ridge,5,2023Q1,4,1600,-0.7246849135622989,0.8643781684356261,0.3907121543566315,0.8564980132259823,0.3918507068368788,-8.721241120147099,1.8509061678114427,0.06894791969742185,3.4305363975037553,0.000617715306578979
event_driven,B1_bow_ridge,5,2023Q2,5,1792,1.5726044401154609,-1.628566612556269,0.10847614758859998,-2.3298985088026813,0.019922137535255503,-2.8232675106227347,0.49510701200518165,0.6222747476221234,1.651430001454149,0.0988261102438305
event_driven,B1_bow_ridge,5,2023Q3,6,1358,0.43178283286698843,-0.20501252287166355,0.8382232898392031,-0.43139230913484755,0.6662516640407934,-2.2405724323650125,0.8608577687249516,0.3925808853393312,0.8342000057011476,0.4043151088135071
event_driven,B1_bow_ridge,5,2023Q4,7,1487,1.3716360058701913,-1.0893540711987089,0.2801472459367164,-1.7837218557047894,0.07467289060523574,-1.2816046311249674,0.5316380100726735,0.5968464364707102,0.7231538528704907,0.46969917231139074
event_driven,B1_bow_ridge,5,2024Q1,8,1571,-0.30441022414973273,0.918450178732118,0.3620006865114813,0.37865312156313663,0.7049966653917512,-3.876125107392049,2.0162082890026563,0.048187728957679477,1.726337913547396,0.08448336454818627
event_driven,B1_bow_ridge,5,2024Q2,9,1749,1.3896295749296195,-1.501723117927465,0.1381645150927857,-2.6505321560941666,0.008109026441880725,-0.31052260471635557,0.7578927495611227,0.45134093229991096,0.24985840467021866,0.8027262105376177
event_driven,B1_bow_ridge,5,2024Q3,10,1472,2.011107851542677,-0.5708666725732352,0.5700891422645524,-2.8077650897678583,0.005054531405865957,0.4233363572329376,0.3590958162614769,0.720705439158516,-0.24925898492834841,0.8031952543976907
event_driven,B1_bow_ridge,5,2024Q4,11,1447,2.625537997967115,-0.8445666351460764,0.4015487182950627,-3.8159946699889318,0.00014135680987942834,3.9044421521407884,-0.7242559404403185,0.4715897363550317,-3.043793932644721,0.0023782995908149915
event_driven,B1_bow_ridge,5,2025Q1,12,1624,1.3993763525612353,-0.533410226026353,0.5957201454410858,-2.1142082482949407,0.03464963555483504,-4.550692280306681,1.3447985697511697,0.18375195747068776,2.811392697767523,0.0049920465742290705
event_driven,B1_bow_ridge,5,2025Q2,13,1822,0.6215011777935532,-1.634886654388857,0.10714051165748817,-1.2331538917176084,0.21767751278002576,-1.6047716928088258,0.9526734952353597,0.34445496214052657,1.1806423305500195,0.2378990271763636
event_driven,B1_bow_ridge,5,2025Q3,14,1470,1.6102670480888532,-1.3301881506001505,0.188177124049554,-2.5113991773016613,0.012131945450611267,0.35262359068982674,0.20298099586989973,0.8397938370433286,-0.24560320156463236,0.8060237184133087
event_driven,B1_bow_ridge,5,2025Q4,15,1470,2.3214867367134477,-1.0834680861440553,0.2830843350344236,-2.508311268468424,0.012238025905224706,1.6646224694976972,-0.3139932639277775,0.7546527543932807,-0.8888517396599857,0.37422828679501335
event_driven,B1_bow_ridge,10,2022Q1,0,1625,1.54713965760111,-1.3109112828060614,0.19472261713911268,-2.012398320610207,0.0443427895818071,-14.522978084750914,1.814904388029122,0.07437630421237122,7.147121896262709,1.3336846849647588e-12
event_driven,B1_bow_ridge,10,2022Q2,1,1739,1.9316728681975137,-3.1233340535690535,0.0027176644495527603,-2.7002928917471607,0.00699506171280083,-19.389403922879975,4.336644601668264,5.417203558491979e-05,10.934666259264606,5.81395560477969e-27
event_driven,B1_bow_ridge,10,2022Q3,2,1417,1.6574543683110659,-1.7220443289226162,0.0898915797146556,-0.9867568743392108,0.3239304169860298,-10.879271334275773,2.0907088820953845,0.04053041180277094,2.672814543723018,0.007608164682710283
event_driven,B1_bow_ridge,10,2022Q4,3,1458,4.10014418827396,-1.4649483187840244,0.14798783226428755,-4.746484739749573,2.2732534771755616e-06,-3.8975124166534107,0.7046239915029237,0.48368279014280613,2.252208706700124,0.024457439984738653
event_driven,B1_bow_ridge,10,2023Q1,4,1600,-0.8143390409728689,0.5067112440170601,0.614154821599263,0.8740891711465105,0.3822009520122229,-9.186845195263173,1.2753424114619738,0.2069461780472905,3.4210744554327372,0.000639448201566126
event_driven,B1_bow_ridge,10,2023Q2,5,1790,1.4306234984119823,-1.2991055319962328,0.1987181633117334,-1.7295062014823872,0.08389102781250339,-5.052517867560416,1.0741714596900895,0.28690866633643386,2.489033570726773,0.012899376090896607
event_driven,B1_bow_ridge,10,2023Q3,6,1357,-0.27449753452401954,-0.23865302318299506,0.8121492498471735,0.30991471993066244,0.756673428989903,-1.7234082372818869,0.5247496688946304,0.6015989503954668,0.7323481856534069,0.46408263588056536
event_driven,B1_bow_ridge,10,2023Q4,7,1486,0.20795310374050283,-0.28286711183132274,0.7782060565518905,-0.2124832063665396,0.8317592398662428,-3.2530824984357527,0.5799176949708192,0.5640384415845474,1.3723900410406629,0.1701492939790998
event_driven,B1_bow_ridge,10,2024Q1,8,1568,-0.5915944098594716,1.0948454019345601,0.2778885888714571,0.7583360075185164,0.4483638925071685,-2.9172879561802443,1.7066094123311693,0.09298116779322056,1.7491995419519093,0.08045230269849547
event_driven,B1_bow_ridge,10,2024Q2,9,1746,0.8227492628053487,0.02552749596432172,0.9797149050641576,-1.2301799810147096,0.21879552819671919,-0.40092474619717267,0.830468174213041,0.40941030213519425,0.23768219518689532,0.8121554969884011
event_driven,B1_bow_ridge,10,2024Q3,10,1471,2.1024462558952406,-1.8959845690266972,0.06247852955385355,-3.7513690275394134,0.00018270608387925544,0.6234108191081109,0.023254719359566637,0.9815194446740928,-0.5664836754945186,0.571151501839391
event_driven,B1_bow_ridge,10,2024Q4,11,1445,2.782141387499062,-0.7650426578697779,0.44710260821660786,-3.295900119857043,0.0010048777973533955,3.4792865873304386,-0.701298778720003,0.4856990777950783,-2.658254254571206,0.007941395821250299
event_driven,B1_bow_ridge,10,2025Q1,12,1623,0.43918053490152315,-0.18812039060357694,0.8514170764438567,-0.6453579617374945,0.5187865149819111,-8.286199506502514,1.531635108542624,0.130868487968937,4.424217712448905,1.0323815591166995e-05
event_driven,B1_bow_ridge,10,2025Q2,13,1822,1.366157166982866,-2.282688017098211,0.025890236246320992,-2.6706130604068825,0.007638662374874496,2.3011416547985015,-0.08324472324181312,0.9339251413659077,-1.541461194357822,0.12337832553549885
event_driven,B1_bow_ridge,10,2025Q3,14,1469,1.6749136073112618,-1.2076929502232328,0.2316094947495959,-2.0606365495230494,0.0395135730240493,0.8969021922402544,-0.09759794502936742,0.922556569529786,-0.5617326721203347,0.5743839178111023
event_driven,B1_bow_ridge,10,2025Q4,15,1385,1.4471395774613982,-0.6647651265823203,0.5090830151373107,-1.523488305049427,0.12786503560755677,1.5507057901623824,-0.3339434954653273,0.739739956947337,-0.8842515965048123,0.37671399444853676
event_driven,B1_bow_ridge,20,2022Q1,0,1619,2.3289719218665352,-1.6074323578309384,0.11304080084406853,-2.7413813334797688,0.006185484048547098,-20.084412065817528,1.5545232416678283,0.12514984327000325,7.285366522828942,4.990968615529417e-13
event_driven,B1_bow_ridge,20,2022Q2,1,1737,1.9244402032627643,-1.4888429182382932,0.14159802079773653,-2.035663873486629,0.04193569478115445,-28.919009225699103,4.120827642896473,0.00011392996543109474,13.413348251988525,4.1628044489884904e-39
event_driven,B1_bow_ridge,20,2022Q3,2,1413,2.3010191856740416,-1.682540284569294,0.09733722079201668,-1.567100708928126,0.11731521736211503,-12.434700495835804,1.634759709904251,0.1070091246778814,3.3543874481726808,0.0008164959139924384
event_driven,B1_bow_ridge,20,2022Q4,3,1457,3.901810201203515,-1.6055482375435763,0.11345515891328734,-4.57389385674465,5.193661757046614e-06,-5.147032865733743,0.43082921497678295,0.6680867021697113,2.3289622325433945,0.019997317262777224
event_driven,B1_bow_ridge,20,2023Q1,4,1600,0.9077184075233905,-0.6860417708890032,0.4952443342587177,-1.041573903914895,0.297766727028827,-9.018984836395418,0.9082832185117968,0.3672457002335155,3.3150020791410197,0.0009369323975652817
event_driven,B1_bow_ridge,20,2023Q2,5,1787,3.3246598061553247,-1.481863738009052,0.14344151724733664,-3.782869452345614,0.0001601382418261977,-4.417247030914085,0.396283906934401,0.6932561979213983,2.16597386412155,0.030445122211739777
event_driven,B1_bow_ridge,20,2023Q3,6,1354,-2.975978717870507,1.323701911579421,0.19038538690410603,1.8800701279192533,0.060313220252006874,-6.114877463126294,0.9405213968369815,0.3505425420881758,1.2570882345991596,0.20893864522033234
event_driven,B1_bow_ridge,20,2023Q4,7,1485,-0.2714192571547591,-0.059253266306142055,0.9529379393164159,0.27522532849615333,0.7831814428337174,-2.0713421996192984,0.47104024233471575,0.6392390088237049,0.8259290884000163,0.4089770775832909
event_driven,B1_bow_ridge,20,2024Q1,8,1557,0.3046753971583275,0.3498380673106689,0.7276652238413275,-0.34408586508751077,0.7308282053808434,-1.8648974348312841,0.6775290246242512,0.5006321018429268,0.8290980823239719,0.4071760736573971
event_driven,B1_bow_ridge,20,2024Q2,9,1742,0.9298665191638809,-0.08221208988936828,0.9347387047263052,-1.0568562409137925,0.2907238246284147,-0.5394729258864708,0.5921774862854754,0.5558511470216128,0.22434860654393457,0.8225123824837604
event_driven,B1_bow_ridge,20,2024Q3,10,1471,2.784857729204579,-1.3922138304814822,0.16867654192607856,-4.235031893250936,2.4270201363321514e-05,4.343155309694115,-1.5539284642974898,0.12513300461047083,-3.581494638632482,0.00035276499036459837
event_driven,B1_bow_ridge,20,2024Q4,11,1444,1.8591985321933102,-0.3620844832156257,0.7185006396133709,-1.6535674779742355,0.09843293293184835,1.129790044724074,0.01856838291846234,0.9852441077673998,-0.7370885755958494,0.4611883113824518
event_driven,B1_bow_ridge,20,2025Q1,12,1620,1.398947895319918,-1.5762243566425593,0.1202325733130342,-1.6711635651988797,0.09488263658601324,-12.14182162323024,1.4032526539953276,0.16569562436518379,5.651975816839133,1.8710206203216048e-08
event_driven,B1_bow_ridge,20,2025Q2,13,1819,2.3633658097199635,-1.9779363793082407,0.052384565921486756,-5.198924391706787,2.230263844482489e-07,8.30939228298075,-1.1986673874456297,0.23521891005659928,-5.862807580648254,5.392785003450473e-09
event_driven,B1_bow_ridge,20,2025Q3,14,1468,2.2102549289795257,-1.611264649098952,0.11204336001480447,-2.3311893169012174,0.019878254348100814,3.0703333538773907,-1.0303781209313283,0.3067108325083879,-1.7429189133371232,0.08155730180188499
event_driven,B1_bow_ridge,20,2025Q4,15,1159,0.4599526597226119,0.014068989151587566,0.9888400164180986,-0.3478710977161713,0.7280002143540648,0.7421510156844814,0.00040334621116810287,0.9996800417662405,-0.33641278556153253,0.7366205602137402
event_driven,B2_tfidf_ridge,5,2022Q1,0,1625,-0.1023097189031156,-0.3767497090217611,0.7076459819583771,0.14044137479390412,0.8883286856678148,-18.4660746128763,3.5181898206524322,0.00081971386200375,8.366656992536551,1.2602715077682338e-16
event_driven,B2_tfidf_ridge,5,2022Q2,1,1742,0.842659143493501,-0.33177710815533346,0.7411765269534483,-1.2156493116355145,0.22428335277241734,-17.832214722054655,4.209689514522128,8.40679646408522e-05,11.534393148188242,1.0317121034848652e-29
event_driven,B2_tfidf_ridge,5,2022Q3,2,1419,1.9780870816617602,-1.811915951096841,0.07469100894818287,-2.520217992580298,0.011837258396041578,-7.394613254100677,2.6907335004788844,0.009084628904420348,4.159527779361426,3.380495664109923e-05
event_driven,B2_tfidf_ridge,5,2022Q4,3,1461,3.3505156482346363,-1.5723942493415783,0.12094886451849904,-4.343906163174876,1.49633309032397e-05,-4.157537240857184,0.9889362671090222,0.3265381754485725,2.581450274301126,0.009935370163128957
event_driven,B2_tfidf_ridge,5,2023Q1,4,1600,-0.5674246284926008,0.8264423574657482,0.41172240452132347,0.854913929634347,0.39272686983943017,-8.017889247655622,1.9944416931474773,0.05050548021037848,4.520841278660254,6.61262712372914e-06
event_driven,B2_tfidf_ridge,5,2023Q2,5,1792,1.0332010736950235,-0.3505674628530448,0.727101182700913,-1.7146725924230894,0.08657826600982042,-3.340591781165935,1.2019749078731343,0.23394416428662876,2.552680344668798,0.010772069528876977
event_driven,B2_tfidf_ridge,5,2023Q3,6,1358,1.2098677349684333,-0.06432159926544777,0.9489178169082778,-1.4853881456112707,0.13767329698980424,0.6993835833791071,0.616859677164605,0.5395502319853445,-0.4405946171687128,0.6595766763782716
event_driven,B2_tfidf_ridge,5,2023Q4,7,1487,2.195761463686811,-0.9251299493129856,0.3584285355769224,-3.097283546367494,0.001989587336775395,0.68801842921613,0.05648107660153501,0.9551373224231179,-0.5276528796169895,0.5978190568114835
event_driven,B2_tfidf_ridge,5,2024Q1,8,1571,0.9476523090528542,-1.0180637096610885,0.31266862101888815,-1.5063434798741142,0.1321801867431094,0.20478708317037844,-0.08787914483548498,0.9302605959262646,-0.14963363396685658,0.8810728897806789
event_driven,B2_tfidf_ridge,5,2024Q2,9,1749,1.5156701058499187,-1.321932305953652,0.19097065031963545,-2.6224270845611133,0.00880642768021624,0.05816110208167039,0.6503893019506282,0.51780568323567,-0.047850442450444855,0.9618409015574834
event_driven,B2_tfidf_ridge,5,2024Q3,10,1472,1.5041494222287668,-1.1133015005568379,0.2697429264889293,-2.196766847824599,0.028192630285494243,-1.5848522419540054,0.37239927180262944,0.7108259568021195,1.208019758893454,0.22723383573576092
event_driven,B2_tfidf_ridge,5,2024Q4,11,1447,2.9738318146575504,-1.2734402439359394,0.20754046456972675,-4.062097032375449,5.1243869721457075e-05,4.004042735249595,-1.2341364361895542,0.2217360506148309,-3.0846969236378645,0.0020762130238524226
event_driven,B2_tfidf_ridge,5,2025Q1,12,1624,0.5091030582806606,0.14464882220230443,0.8854729405257412,-0.6725397643478297,0.5013358694219708,-6.9836659190829895,1.534379804839721,0.1301928680061288,3.729333904112253,0.00019858592329712572
event_driven,B2_tfidf_ridge,5,2025Q2,13,1822,-0.03395722986533124,0.6582206003276573,0.5128331874798212,0.0686183867485934,0.9453009163804916,-4.007672292651336,1.329113083982156,0.18868112410806634,2.641986889855177,0.008312690955308505
event_driven,B2_tfidf_ridge,5,2025Q3,14,1470,1.497954229133195,-1.250078559465078,0.21582257812842193,-2.0356896289060544,0.04196066372121006,-0.5159397383920983,0.26280925256201615,0.7935417901273788,0.3234062008827789,0.746433665673061
event_driven,B2_tfidf_ridge,5,2025Q4,15,1470,1.3995475564973145,-0.5832050761566527,0.5620161977111854,-2.3427725547752494,0.019273906425836745,0.0019096163342028512,0.8095030290194795,0.4215344827465376,-0.0015909684494249854,0.9987308073877446
event_driven,B2_tfidf_ridge,10,2022Q1,0,1625,0.25952879497465225,-0.5741841496702396,0.5679205930902809,-0.31317550473903216,0.7541875418328422,-20.99956969699234,1.965756883372616,0.05380927874268546,7.744469846861542,1.6777838481829403e-14
event_driven,B2_tfidf_ridge,10,2022Q2,1,1739,1.411977655473963,-1.1327768876386668,0.2616697025641302,-1.8859298410467624,0.05947103198525107,-20.740334724497814,4.136242570995351,0.00010810217662521301,12.564474476699818,1.0169910514891684e-34
event_driven,B2_tfidf_ridge,10,2022Q3,2,1417,2.8502226456387465,-2.258276115348197,0.027345373880127213,-2.3302707664072857,0.01993173390975739,-8.551006975452733,2.4196660930783374,0.01838596536714879,3.2816751088358993,0.001057057025106023
event_driven,B2_tfidf_ridge,10,2022Q4,3,1458,3.0751568944484275,-1.3959203115910088,0.1677172847402289,-3.5826100706997215,0.0003513747388283299,-7.3704251702738715,1.0986499311879865,0.27616893792778635,3.92138377888084,9.21336943402644e-05
event_driven,B2_tfidf_ridge,10,2023Q1,4,1600,0.10902345543712731,0.11633607638683255,0.9077622055773309,-0.1417892424083814,0.887264343091456,-7.743997422645063,1.1331934949955456,0.2614960944377182,3.5942395417736632,0.0003352088369988582
event_driven,B2_tfidf_ridge,10,2023Q2,5,1790,1.4405404630652097,-0.30211384108152506,0.7635764322500008,-2.0232258692465415,0.04319831378248197,-4.095824583080664,1.1909258822219675,0.23822222209668312,2.6635802294781277,0.007800771348478843
event_driven,B2_tfidf_ridge,10,2023Q3,6,1357,-0.12100818506171024,1.196479099339302,0.23599306133729211,0.1737024115164797,0.8621252686913169,-0.2175893733170595,1.3354250507515344,0.1865422961474079,0.16408992397029148,0.8696848080142793
event_driven,B2_tfidf_ridge,10,2023Q4,7,1486,1.410494584269315,-0.13731891916877356,0.891216639577863,-1.9578911699803676,0.0504298098665729,-0.808086319182279,0.44412643065215573,0.6584730099510786,0.5950139019976667,0.5519248316906119
event_driven,B2_tfidf_ridge,10,2024Q1,8,1568,0.8612997625573009,-0.6116342848339066,0.5430526551133974,-1.1392046987935542,0.25479190183250755,0.48041448345731774,-0.12875854884040314,0.8979722981419611,-0.3240192330510726,0.7459667150412509
event_driven,B2_tfidf_ridge,10,2024Q2,9,1746,1.706594260046988,-1.1835786766429772,0.24102671238252835,-2.906789982408964,0.003697663372494526,1.6901113802026813,-0.2124566595128956,0.8324367077349065,-1.4910010163664777,0.13614196501310602
event_driven,B2_tfidf_ridge,10,2024Q3,10,1471,1.647208232035332,-1.1813194399861038,0.24184707262029032,-2.318468158753359,0.020560502046401523,-1.5532169661744468,0.3350425965137109,0.7386886387327403,1.052613055806802,0.2926913633183971
event_driven,B2_tfidf_ridge,10,2024Q4,11,1445,2.784243390418334,-0.3696747011882592,0.71286463994507,-3.361489444807113,0.0007954860467791781,2.4874352438475467,0.04218163670784859,0.9664873050583879,-2.0176462954326695,0.04381278922532659
event_driven,B2_tfidf_ridge,10,2025Q1,12,1623,0.2606149106539979,0.08002890500375788,0.9364806024198452,-0.35118448878917613,0.7254955555181638,-9.637517742087956,1.4690868542052582,0.14703315427860433,4.593454394565612,4.696326802759477e-06
event_driven,B2_tfidf_ridge,10,2025Q2,13,1822,1.1146383020258641,-0.9001799280366325,0.37150775105802447,-2.106144380874206,0.035328357302865786,0.9204385611136665,0.31526123986484494,0.753621992797541,-0.5412554017342613,0.58839776272933
event_driven,B2_tfidf_ridge,10,2025Q3,14,1469,2.328106530272386,-2.9788743408583063,0.004083985492447346,-2.937925828698011,0.0033557234109142394,1.6213139737615923,-1.614669689267481,0.11130213427882293,-1.1109336670052656,0.2667788238141883
event_driven,B2_tfidf_ridge,10,2025Q4,15,1385,1.3163060394869763,-0.3902635615266664,0.6979058020276616,-2.06890104151571,0.03874067752354062,0.5454877169049869,0.3612695862925934,0.7193341135838065,-0.4505797101125147,0.6523630688566294
event_driven,B2_tfidf_ridge,20,2022Q1,0,1619,1.3667005492350115,-0.9899917446275098,0.32602613858877555,-1.268330952585248,0.20486224634312025,-26.12235664577941,1.5071305557603873,0.13685588638138932,7.553541373144166,7.044442211553984e-14
event_driven,B2_tfidf_ridge,20,2022Q2,1,1737,2.7888721764718225,-1.0349868519144367,0.3046951771017191,-2.4010626318125508,0.016452156962934027,-28.660250035867282,3.9696393521746214,0.00018971055886987746,14.417574800075847,1.3557518498903644e-44
event_driven,B2_tfidf_ridge,20,2022Q3,2,1413,3.538614255006374,-1.4895491460564507,0.1412546120183917,-2.732338730596819,0.0063670467427911805,-10.54216072020322,1.7279184729951942,0.08882558034432406,4.311153027603376,1.7366739383791402e-05
event_driven,B2_tfidf_ridge,20,2022Q4,3,1457,3.108716483800092,-1.1658488077519955,0.248140996112185,-3.249773841040416,0.0011813413395355174,-9.10433840820324,0.661194282557534,0.5109374023478658,3.4400842483990908,0.0005979651839075355
event_driven,B2_tfidf_ridge,20,2023Q1,4,1600,1.9774640867152695,-1.3340928301158006,0.18705318434349721,-2.675156229524338,0.007545624761613215,-7.971379004286995,0.7837032397281674,0.43619802075291914,3.655883203427822,0.00026459001423090913
event_driven,B2_tfidf_ridge,20,2023Q2,5,1787,2.3305083276088174,-0.23886726317221368,0.8119963232845266,-2.499291881144123,0.012533328943141376,-4.851585203232624,1.697557569781274,0.09460595145541616,2.9247951028954278,0.003490294506072879
event_driven,B2_tfidf_ridge,20,2023Q3,6,1354,-0.24287507048709261,0.5873335838042965,0.559078880890248,0.27746928799333037,0.7814621734755481,3.0199591482764827,-0.1598769303660078,0.8734895166103835,-1.92869483767465,0.05397774420419118
event_driven,B2_tfidf_ridge,20,2023Q4,7,1485,1.055808989152176,-0.06091002897726596,0.9516236810566585,-1.1486676307154,0.2508781692687099,1.159721311743335,-0.5277030306856179,0.5995591788546497,-0.8242864029501752,0.4099093034507454
event_driven,B2_tfidf_ridge,20,2024Q1,8,1557,1.0680082887623115,-0.22219937172159318,0.8249009509516075,-1.2367723329256104,0.2163582492768575,0.48332999304495716,0.22340509098642033,0.8239667188314441,-0.2282026467436502,0.8195186882208001
event_driven,B2_tfidf_ridge,20,2024Q2,9,1742,1.4926619911142691,-0.312606555464287,0.755612034384259,-2.0584006461762976,0.03970021297175031,0.7297515299807544,0.17752637001762883,0.859664509323889,-0.4665929199958329,0.6408495315650707
event_driven,B2_tfidf_ridge,20,2024Q3,10,1471,2.1266120811258262,-0.7231490871545693,0.4722229628552043,-2.5673638529657175,0.010345657608992167,1.8484530448864531,-0.38548718604103255,0.7011548140646198,-1.2185872886752367,0.22319640204234295
event_driven,B2_tfidf_ridge,20,2024Q4,11,1444,1.6788554723855402,0.05632566345721305,0.9552606336795565,-1.5524089911901748,0.1207836745970091,-0.6178132760193583,0.616756476059021,0.5396178757866262,0.4406929681503768,0.6595012986641166
event_driven,B2_tfidf_ridge,20,2025Q1,12,1620,0.8691943728577239,-0.5824214280521038,0.5624652226394256,-1.058215275160249,0.2901151684044058,-14.677674529157784,1.3652868261941282,0.17726019299221643,6.4573995983518495,1.4045089286110635e-10
event_driven,B2_tfidf_ridge,20,2025Q2,13,1819,2.737013554627417,-1.5630260221183412,0.12313676381998628,-4.570704200644526,5.1882441527349855e-06,8.424023146907977,-0.9234588243497874,0.359348192744946,-5.695526794192662,1.4314447506411092e-08
event_driven,B2_tfidf_ridge,20,2025Q3,14,1468,2.878319882411391,-1.7792471970022814,0.07994756819942798,-3.768256549543867,0.00017090407987905732,3.6195586232813297,-1.9381788086944536,0.057015081044271096,-2.891946734806393,0.003885069682726177
event_driven,B2_tfidf_ridge,20,2025Q4,15,1159,0.7398301011294998,-0.13253713609032444,0.8951777265693305,-0.7744689660355979,0.43881160907681527,-0.018407036997958582,-0.04470968785186375,0.9645456990445402,0.013193123648263106,0.9894759882300047
event_driven,B3_lm_linear,5,2022Q1,0,1625,0.3160323099951334,-0.6698919221859527,0.5054140739204785,-1.445183116326704,0.14859938240084988,-0.4848682174287211,4.312326590486966,5.8956761348013737e-05,6.4260752266520695,1.7162433686997746e-10
event_driven,B3_lm_linear,5,2022Q2,1,1742,0.1381202406128926,-0.6108876904350019,0.5435070954203024,-0.6969637942735522,0.48591850123752095,-0.6094881775602126,3.163622135411271,0.002413941907512738,9.533240549882429,4.919931313566085e-21
event_driven,B3_lm_linear,5,2022Q3,2,1419,0.4774670542099565,-1.3187124218262003,0.1919647580534689,-2.2567587533587083,0.024174852919387122,-0.12311200098109429,2.4982889738421723,0.015058875338777004,2.726952421019896,0.00647101774643431
event_driven,B3_lm_linear,5,2022Q4,3,1461,0.29378611347121797,-1.066249655622347,0.2904453647264585,-1.0553537728150337,0.29143816048385435,-0.06979861330123767,-0.24239846228389797,0.8092714872749014,1.3249433929041865,0.18539725007615201
event_driven,B3_lm_linear,5,2023Q1,4,1600,0.036154404743038576,0.43782292153105973,0.6630361870427067,-0.1812453252559792,0.8561979896268965,-0.15813881635912166,2.1233129785815974,0.03772619322449952,3.281941466537465,0.0010531739150615
event_driven,B3_lm_linear,5,2023Q2,5,1792,0.014527555708207721,0.036399499312977854,0.9710807569552768,-0.08524444450617198,0.9320765852072981,-0.18913488595012629,1.16851781810808,0.24707145020291046,4.363729956236648,1.3515356441614877e-05
event_driven,B3_lm_linear,5,2023Q3,6,1358,0.052350439277664494,0.7901502323378545,0.43240422053250543,-0.2336332094461541,0.8153049825753934,-0.08905676530894431,1.755974419363423,0.08395302274300308,1.967987825144893,0.0492727860687678
event_driven,B3_lm_linear,5,2023Q4,7,1487,0.16972179419188696,0.709119339964881,0.4808664973962526,-0.8250473563038434,0.40947712599556185,-0.0986312374757442,1.7494497824066042,0.08508311469684421,2.421865078170158,0.015560098194046815
event_driven,B3_lm_linear,5,2024Q1,8,1571,-0.005853322595363717,0.42922902248666184,0.6692687929795793,0.030432159705519286,0.9757262649288652,-0.0806513139667258,1.2130093290565442,0.229802794653351,1.7648328132582147,0.07778626641589281
event_driven,B3_lm_linear,5,2024Q2,9,1749,0.26334164891592626,-0.7560707943594857,0.452424661357321,-1.476252850647926,0.140056140467451,-0.07169571958576493,0.7964389031593119,0.42876807942673684,1.4999377090323591,0.13381112318260954
event_driven,B3_lm_linear,5,2024Q3,10,1472,0.4103425468402016,-1.7411386011823904,0.08646458994121885,-1.9812074563186732,0.04775396673340323,-0.11188885654990421,0.16721902814168105,0.8677249535860266,2.1780566618230917,0.02956020024566774
event_driven,B3_lm_linear,5,2024Q4,11,1447,0.588158155350989,-1.8185152645423042,0.07373938926579693,-2.9806994163269516,0.00292395192993377,-0.025520156926618243,-1.006007418338944,0.3182603773440803,0.5250126907124699,0.5996548524196064
event_driven,B3_lm_linear,5,2025Q1,12,1624,0.5438155666827474,-1.9945783703576072,0.050637867250689375,-2.9092120317067027,0.003672733957769658,-0.1406707627723803,1.7701030313621344,0.08179053524312377,2.9275578681642074,0.0034639396981415906
event_driven,B3_lm_linear,5,2025Q2,13,1822,0.19377883359783935,-1.2988372448543886,0.19880967085980766,-1.1257297181124761,0.2604282813077062,-0.01539220554407426,0.48325586900536666,0.630616317193459,0.2891443363011857,0.7725038395520446
event_driven,B3_lm_linear,5,2025Q3,14,1470,0.025085800415698026,0.13784676837521379,0.8907943029743299,-0.10296421432389945,0.9180054263106542,-0.15793301906454507,1.8319732692015933,0.07160919113058187,2.0121695626340803,0.04438431709260261
event_driven,B3_lm_linear,5,2025Q4,15,1470,0.3954818646358248,-0.3005755025156022,0.7648130157694808,-1.7128316095627052,0.08695453770044383,-0.013159653242479594,0.4966264596649477,0.6213296142943423,0.18553192392283954,0.8528374563281069
event_driven,B3_lm_linear,10,2022Q1,0,1625,0.28552721894141386,-0.061183534674545965,0.9514098477769961,-1.0759913903922662,0.28209092716126927,-0.10802185671879123,2.903385531800395,0.005107572988578466,7.232251045556944,7.288540631850903e-13
event_driven,B3_lm_linear,10,2022Q2,1,1739,-0.286064480212851,0.2792073943534748,0.7810149396510788,1.1113430514921512,0.26657442818600724,-0.02932867717889446,2.9227040458070883,0.004837590979486749,10.803775203633274,2.2275142242441887e-26
event_driven,B3_lm_linear,10,2022Q3,2,1417,0.4336499197383772,-1.2768663308427222,0.2062628534832777,-1.5875899444624988,0.11260234869227288,0.07821631462447959,-1.6472370203281854,0.10441114009717442,-2.771443067944015,0.005653878043149111
event_driven,B3_lm_linear,10,2022Q4,3,1458,0.1649820521925947,-0.12284207765984713,0.90262949163894,-0.3964036544657046,0.6918653173947777,0.04225606234683292,0.23618530673375934,0.814067405948417,-1.4659361255889196,0.14288146198591317
event_driven,B3_lm_linear,10,2023Q1,4,1600,-0.058465784314557345,0.75272904219622,0.45446136850289987,0.24230079907595023,0.8085781673624701,0.07547560422825779,-1.3010250176722646,0.19806438381273883,-2.6627160196821307,0.007829024363346962
event_driven,B3_lm_linear,10,2023Q2,5,1790,0.3707328753086813,-0.8664866040131929,0.3895643210018448,-1.2755078350721465,0.2022951503102762,0.07718333050968872,-0.33582958537054514,0.7381332216707281,-2.259360331424798,0.023980862912590734
event_driven,B3_lm_linear,10,2023Q3,6,1357,-0.24996893912008647,0.5459218789945879,0.5870476522764886,0.8457517191348576,0.39784047770186776,0.033877163018135065,-0.6415851313822235,0.5234700863328202,-1.2862555771335684,0.19857345300509965
event_driven,B3_lm_linear,10,2023Q4,7,1486,-0.2685631678139694,1.6878918357516928,0.09637712134206168,1.0542637318334243,0.29193368681843185,0.062416025945283615,-1.3859414213415855,0.17065116736942404,-2.9426950310263678,0.003304177931392696
event_driven,B3_lm_linear,10,2024Q1,8,1568,0.05642881052131514,-0.030224167711920002,0.9759869461178771,-0.24323448239485776,0.8078555915305999,0.0005230903352042227,0.0009654345015609968,0.9992328452255392,-0.021604273911056827,0.9827663747767039
event_driven,B3_lm_linear,10,2024Q2,9,1746,0.508843945342515,-0.7294134593754551,0.4684520760056238,-2.1162541346588,0.03446445687207717,-0.007264094446243415,-0.1291743048942107,0.8976312464876588,0.42490228804262736,0.6709602925938706
event_driven,B3_lm_linear,10,2024Q3,10,1471,-0.01654772411665103,0.43405132831622606,0.6657109431102334,0.05795339218219767,0.953793630205915,0.01937026475815874,-0.8202020000414926,0.41514533701484263,-2.672672880281623,0.007608179903548537
event_driven,B3_lm_linear,10,2024Q4,11,1445,0.4288826575458465,-0.8667249954389783,0.3893818173329405,-2.0980607314911364,0.036073178448734866,0.015436116199101476,0.017573511921415496,0.9860346252124305,-2.153964655576331,0.03140798812261843
event_driven,B3_lm_linear,10,2025Q1,12,1623,0.9623495775139915,-1.4639461497954898,0.14842846013747923,-3.9098362066677947,9.616487578185158e-05,0.017643084243456855,-1.6220831222200802,0.1100291195687101,-2.9159632837043405,0.0035946313885937215
event_driven,B3_lm_linear,10,2025Q2,13,1822,0.41942570727461376,-1.176051245218554,0.24407045206510344,-2.175127454711897,0.029748849514917058,-0.029306710974593527,0.3966474054929629,0.6929894796806363,2.810775631998487,0.004995112029245802
event_driven,B3_lm_linear,10,2025Q3,14,1469,-0.050625221834709994,-0.12413905013907865,0.9015942511943427,0.18436100891868043,0.8537557194915907,-0.01053609528768358,1.1329785238123327,0.26144991387957345,1.6556716305125072,0.09800206540431232
event_driven,B3_lm_linear,10,2025Q4,15,1385,0.043865963869133155,0.12313580474427428,0.9024653289829189,-0.1587740265731443,0.8738700774325259,-0.004988836871070537,0.5105428992462148,0.6117911441677039,0.7316366175631912,0.4645142522122359
event_driven,B3_lm_linear,20,2022Q1,0,1619,0.1442639202405368,0.14744594922350598,0.8832584864824778,-0.4003752253627267,0.6889330246649086,-0.08926458228001373,2.020825424167572,0.04762194390514233,7.2971692128335786,4.585043450490369e-13
event_driven,B3_lm_linear,20,2022Q2,1,1737,-0.24352246414704998,0.4088011916928736,0.6840942216609777,0.7174487298395811,0.4731937851181865,0.1029212300481166,-2.319402727521277,0.023682019180828306,-11.705196807419968,1.625210011948402e-30
event_driven,B3_lm_linear,20,2022Q3,2,1413,0.45967747226400046,-0.7016509966541294,0.48544060047123305,-1.3205874393987629,0.18685296376366334,0.14625667891651223,-0.9903232881275068,0.3257455906777965,-2.7597385496703537,0.005859529350991354
event_driven,B3_lm_linear,20,2022Q4,3,1457,-0.78700987049911,0.34377128732714896,0.7321814255059422,1.405016229758166,0.1602297645406213,0.05375403078684025,0.650229714403985,0.5179460881612266,-1.172982527857337,0.2409946729541218
event_driven,B3_lm_linear,20,2023Q1,4,1600,-0.41208129505781493,1.1577238967455468,0.2514172854956284,1.375181221249627,0.1692679051765643,0.11924835927876959,-0.9615274933336188,0.34002211499096374,-2.812126375760734,0.004981621038371817
event_driven,B3_lm_linear,20,2023Q2,5,1787,0.668558778465257,-0.5010266586709292,0.6181265752336912,-1.7579638439357004,0.07892494135524178,0.07865259709045512,0.043277447634523854,0.9656194473137869,-1.3439199064147835,0.17914498365477372
event_driven,B3_lm_linear,20,2023Q3,6,1354,-0.4324108975439195,0.9172357335686234,0.36251722268194525,1.2208784636231906,0.2223447533012383,-0.029341851313418515,-0.13693765996419985,0.8915167558959722,0.6993367443842574,0.4844618140226885
event_driven,B3_lm_linear,20,2023Q4,7,1485,-0.5773439327874875,0.9592290039657633,0.3411103522885014,1.5789467080512793,0.11456139609724297,0.009637268121819434,-0.4674144216228589,0.6418161512711129,-0.2736850807712661,0.7843647297680684
event_driven,B3_lm_linear,20,2024Q1,8,1557,0.6028155406286728,-0.884826860482346,0.3797245511501317,-0.8202782048301305,0.41218316640751024,-0.07957861203810365,0.8882055665849085,0.3779191969526901,1.259181985351245,0.20815346689850378
event_driven,B3_lm_linear,20,2024Q2,9,1742,1.1284817570755963,-1.0385019881773747,0.3030058691442849,-3.351029605647002,0.0008223370339329328,-0.03447962090091091,0.483033485674776,0.6307463724465119,1.6673393904338392,0.0956267871155811
event_driven,B3_lm_linear,20,2024Q3,10,1471,0.0604128406889692,-0.22970282767601516,0.8190552543822833,-0.17802311855844072,0.8587293481773486,0.010942823333311093,-0.2534262444493145,0.8007511791369647,-0.6802321940069391,0.4964645648892556
event_driven,B3_lm_linear,20,2024Q4,11,1444,0.28577094147967436,-0.8049415209822502,0.42388088283182623,-1.0014772704223331,0.31676402782079205,0.020591308635395503,-0.147254937690549,0.88340104495595,-2.14757638116329,0.03191355460132997
event_driven,B3_lm_linear,20,2025Q1,12,1620,1.225284087916263,-1.0160048442074305,0.31370665055473435,-3.1578050818009555,0.0016189419598839454,0.05108180535309408,-2.989579829707369,0.004045928239599025,-5.609373404002475,2.383959082405486e-08
event_driven,B3_lm_linear,20,2025Q2,13,1819,0.7370675760789804,-0.8484980192773048,0.3994247755321734,-3.326899054506228,0.0008956852216599172,-0.1467715750524589,0.9290960216798968,0.35644259860596567,6.0461207572417095,1.7963335234091297e-09
event_driven,B3_lm_linear,20,2025Q3,14,1468,0.04580369529691954,-0.4228187709510782,0.673844804808999,-0.15853032880379322,0.8740607435126655,-0.00037563545476467435,0.08319225660959599,0.9339583303110798,0.22163939912987735,0.8246254565023504
event_driven,B3_lm_linear,20,2025Q4,15,1159,0.14882816227937232,-0.046042485547427646,0.9634895577327675,-0.3976487614365782,0.6909624003628072,-0.0028802603527245643,0.2931122154906015,0.7708463197273997,0.6488519660196777,0.516562719389224
event_driven,B4_lm_features,5,2022Q1,0,1625,0.41656690677873726,-1.727324651063531,0.08908840252591362,-2.331883458279315,0.019828547000435837,-0.172210345733391,0.917077166996417,0.362655849531113,1.280518667026829,0.20054563849989318
event_driven,B4_lm_features,5,2022Q2,1,1742,0.7279491641901588,-1.3135168648476756,0.19384896972244153,-3.6983013233329998,0.00022377946620410563,0.021364270109411398,0.8134046961088386,0.419098882218508,-0.14541886675067683,0.884397002676616
event_driven,B4_lm_features,5,2022Q3,2,1419,0.13594082966012966,-0.37021749655539055,0.7124428467177442,-0.703079978258046,0.4821213215803079,-0.19569786395873767,1.3904330635680964,0.16921389834455894,1.2004013036217076,0.23018401985249917
event_driven,B4_lm_features,5,2022Q4,3,1461,0.4045982659264297,-1.0323600163799294,0.3059138030541399,-2.170284959540043,0.030146026917273465,0.03824701354553096,0.768637865696783,0.44502639368212227,-0.25382228823585523,0.7996685927677604
event_driven,B4_lm_features,5,2023Q1,4,1600,-0.3132300136558126,1.6952714797443933,0.09504105074540618,1.6495959601988572,0.09922201475372538,-0.5739073895469033,2.4123187189072652,0.018823752494853435,3.3467396289047455,0.0008366414164312541
event_driven,B4_lm_features,5,2023Q2,5,1792,0.25483073333321316,-1.9091088841859751,0.060878759978026574,-1.697584787820216,0.08975988201693959,-0.0020925145666780584,-0.6939582329498903,0.4903004360769514,0.016936835143445975,0.9864888932460109
event_driven,B4_lm_features,5,2023Q3,6,1358,0.05887586449926454,0.3092545947067645,0.7581483615906398,-0.28041142946237796,0.7792046109125477,-0.12987104964865656,0.9575215161713692,0.341964288061274,0.74165379159496,0.45842545733065426
event_driven,B4_lm_features,5,2023Q4,7,1487,0.12088465083164086,0.23008761976903164,0.8187691504222662,-0.6460030999082054,0.5183770929454259,-0.13862273352649154,1.2572737470126516,0.213295525386849,0.8948262891285493,0.371024866849678
event_driven,B4_lm_features,5,2024Q1,8,1571,0.17594021293664044,-0.9263284783551711,0.35792583227667485,-0.9879150207424171,0.3233464922113218,-0.035744866618102285,0.17576655988309514,0.8610595304110868,0.22711703419536283,0.8203623077434054
event_driven,B4_lm_features,5,2024Q2,9,1749,0.22921016979826933,-0.892771553184581,0.3753770939179046,-1.5436762453513964,0.1228477917099409,0.1114143828172211,0.1880591830715123,0.8514346889947807,-0.8461630556509044,0.3975776069106472
event_driven,B4_lm_features,5,2024Q3,10,1472,0.4851624404927978,-0.7241621441797945,0.4716051519330334,-2.5985551948617225,0.009455251728197011,0.12389208666609605,0.44718252516358264,0.6562530613490969,-0.7827192659512424,0.433917970617972
event_driven,B4_lm_features,5,2024Q4,11,1447,0.3247441925340765,-0.906968915514267,0.3678793183281989,-1.9380270121920418,0.052814380533431876,0.04841462103747216,-0.07386536399675438,0.9413515484573609,-0.32901383844050314,0.7421928731880402
event_driven,B4_lm_features,5,2025Q1,12,1624,0.15211932504133127,-0.6312131682392536,0.5302985352660101,-0.9655191944405522,0.33442866844613606,-0.25497558778293117,1.140450735798983,0.2586305013039207,1.7553099214395784,0.0793949559068812
event_driven,B4_lm_features,5,2025Q2,13,1822,-0.22752207382261425,0.718060910293127,0.47541689783935115,1.768730895853282,0.07710617255268949,-0.19394608128380586,1.2084586520052214,0.23145984204404615,1.5741294461572792,0.11563123577118951
event_driven,B4_lm_features,5,2025Q3,14,1470,0.04833099561876424,0.23170994654796206,0.8175025698598961,-0.17020352221379437,0.8648735187490302,-0.1982869988479231,1.4594770905902,0.14932500837611132,0.7365096667002404,0.4615381842937637
event_driven,B4_lm_features,5,2025Q4,15,1470,0.02505905647520321,0.6873205742085067,0.49462005362313044,-0.101879048772125,0.9188665839742653,-0.21868884598289656,1.104583406399977,0.2739015215121004,0.9375947655208909,0.3486068222192902
event_driven,B4_lm_features,10,2022Q1,0,1625,0.2103319383226374,-1.189115892747946,0.23892838894487914,-2.4399829066639227,0.014794287618232939,0.4250402230231921,-1.3036011256987277,0.1971894924558436,-2.4307294525144982,0.01517609786208056
event_driven,B4_lm_features,10,2022Q2,1,1739,0.34368688834223,-1.2589431446458768,0.2127704295063457,-3.4362721800951026,0.0006036615112306531,0.656068718698056,-0.972734294291422,0.3344652618046207,-3.1708441219404158,0.001546478176443611
event_driven,B4_lm_features,10,2022Q3,2,1417,-0.03234428303894595,-0.10037605975441495,0.9203595550335661,0.23708478721999937,0.8126253085258994,0.05775107234556533,0.03775930853495854,0.9699971232216759,-0.18380981849550984,0.8541889705733902
event_driven,B4_lm_features,10,2022Q4,3,1458,0.1941610004432623,-1.7898107801804721,0.07836788213246727,-2.0733381468618006,0.03831620994873276,0.3618570180271696,-0.9115457158622247,0.36553858623126834,-1.641724634768251,0.10086289247007134
event_driven,B4_lm_features,10,2023Q1,4,1600,-0.11157426941953068,0.8997362126102868,0.3717420342552753,1.4817782589584367,0.13859633779533148,-0.3405296617079337,1.5102070878659308,0.13607059118061562,1.8354329419666786,0.06662719503475455
event_driven,B4_lm_features,10,2023Q2,5,1790,0.031160256609438514,-1.1538410781955752,0.25299386362194376,-0.42363258167905543,0.6718847157378286,0.10582247881256746,-0.7832822546379586,0.43644330724761154,-0.5902971438385864,0.5550660076257057
event_driven,B4_lm_features,10,2023Q3,6,1357,-0.028485277082816306,-0.1267203875909678,0.8995652879784329,0.31925052637592505,0.7495857184554472,-0.016983279395635667,0.06443135984951692,0.9488307708784767,0.07542787581824834,0.9398854067194695
event_driven,B4_lm_features,10,2023Q4,7,1486,0.08705646762105572,-0.7549747362492326,0.45307733945134643,-0.993875286728553,0.32044550233785274,0.1322273778731038,0.11124974812709748,0.911771979724325,-0.6346191545859403,0.5257745873386882
event_driven,B4_lm_features,10,2024Q1,8,1568,0.08708626297837128,-0.9980336202641119,0.3222057333292652,-1.0411415752483375,0.2979704518546152,0.08397861864630934,-0.4580184224260948,0.6485666586954978,-0.40594408958542716,0.6848391061802809
event_driven,B4_lm_features,10,2024Q2,9,1746,0.04346537512859374,-0.9178498626676564,0.3621980750710447,-0.5801985115989193,0.5618556660022274,0.15365794842193656,-0.7445491115893165,0.45931271486247743,-0.8439284873253646,0.3988250429641044
event_driven,B4_lm_features,10,2024Q3,10,1471,0.10459083732895141,0.01529586693094989,0.9878437236260688,-1.2674765526955538,0.20518568279666913,0.24708978987290417,0.3269332121848734,0.7447852752453209,-1.2744466863473747,0.20270657976765918
event_driven,B4_lm_features,10,2024Q4,11,1445,0.16132375076966193,-0.2459181957908959,0.8065449879924669,-2.0437707116435564,0.041157327296623074,0.38421873659168987,0.08824493794500668,0.9299619143201052,-2.097463379510556,0.03612606048793633
event_driven,B4_lm_features,10,2025Q1,12,1623,0.06073986631551111,-0.6168488513125923,0.5396681436274069,-0.8525840594288537,0.39401587776596825,0.03333804512524953,0.049592258244320876,0.9606120372546274,-0.20425724891783495,0.8381781010715857
event_driven,B4_lm_features,10,2025Q2,13,1822,-0.07074695748999782,-0.0519159085211824,0.9587626061049039,1.1515940141683794,0.24963911484520107,-0.03892724079470255,-0.3607002822945212,0.7195495773656134,0.25713456401916274,0.7971039462052785
event_driven,B4_lm_features,10,2025Q3,14,1469,0.13930638592452751,-1.1546703784524353,0.25251865538698687,-1.1488366309024933,0.2508105025434316,0.29828628590755035,-0.5134198906974865,0.6094255650313359,-0.9729240246069478,0.33075134585171606
event_driven,B4_lm_features,10,2025Q4,15,1385,0.07474009110025513,0.4771264183643771,0.6352337238983767,-0.6961047756885962,0.48648009492125804,0.017609114140436633,0.9900365217403634,0.3266547965233423,-0.06411147476584801,0.948890723359992
event_driven,B4_lm_features,20,2022Q1,0,1619,0.36407396438025164,-0.5065671251496087,0.6142553733518117,-1.508486309739781,0.13162533819631647,-0.2504760009836269,0.9983600928394577,0.32198538969190316,1.802396324044503,0.07166910824910383
event_driven,B4_lm_features,20,2022Q2,1,1737,0.18221071220079568,-0.05176206023091734,0.9588846985213226,-0.7833539643044355,0.43352613640193327,-0.7653550008867078,2.1014058105939606,0.039676334171531234,5.2337829271337055,1.8625055593342032e-07
event_driven,B4_lm_features,20,2022Q3,2,1413,-0.16918603942671614,0.49862617208392407,0.6197522134431637,0.6478383969525461,0.5171947992876167,-0.05762356494989506,0.3048876546521295,0.7614410229104966,0.3432237371417993,0.7314812418770165
event_driven,B4_lm_features,20,2022Q4,3,1457,-0.2935242477039691,0.44380284114656454,0.658730176659274,0.833467641155147,0.40471774445374636,0.1469420874610469,-0.9316606107667678,0.35512575993098544,-0.865040117846335,0.387159269160274
event_driven,B4_lm_features,20,2023Q1,4,1600,-0.05233944111091748,0.8826730280387878,0.3808225624748141,0.2549569252049493,0.7987891554348382,0.020906499422733708,0.323691667929435,0.747260848020905,-0.17744795998948745,0.8591790130972645
event_driven,B4_lm_features,20,2023Q2,5,1787,0.5884888556946319,-0.5971774487425405,0.5525636433829695,-2.0317232807601835,0.04232944385336953,0.10843166752080899,-0.4807452406841484,0.6323897093029668,-0.5561319379219113,0.5781903275496141
event_driven,B4_lm_features,20,2023Q3,6,1354,-0.4902094000657247,1.374111111672554,0.17427630742918976,2.0482808118628046,0.04072513574938188,0.0038517255499225557,0.0016173034669690095,0.9987146894620498,-0.021533770804977866,0.9828230396362898
event_driven,B4_lm_features,20,2023Q4,7,1485,-0.15159123599723526,0.7710744073465118,0.44354519938239684,0.6165544820743235,0.5376231934252654,0.09436638241987297,0.3582788674189527,0.7213323773712679,-0.626970837925462,0.5307747924142352
event_driven,B4_lm_features,20,2024Q1,8,1557,0.6996555069205025,-0.8411963702994589,0.40352349523468195,-0.9420354153299721,0.3463207390881458,0.6032282344767624,-0.8730581772064826,0.3860552736462253,-1.1047623010340104,0.26943339990930004
event_driven,B4_lm_features,20,2024Q2,9,1742,0.6251952249415796,-0.9034258837076522,0.3697414322636602,-1.640816837893663,0.10101607218424172,0.28800770493354094,-0.6251596991777615,0.5341242067676676,-1.108062377419826,0.2679879308580261
event_driven,B4_lm_features,20,2024Q3,10,1471,0.20791561775260062,-0.8417764421344393,0.40304760167165055,-0.8980997944425236,0.36927942052934404,0.3484294775726043,-2.429233849618142,0.01794859085178109,-2.0735926940649727,0.03829095587940865
event_driven,B4_lm_features,20,2024Q4,11,1444,0.6121671352388133,-2.083161547842011,0.04130050771951688,-2.8598204873253614,0.004299806214687415,0.4578133350554284,-3.48644050571927,0.0008974633724838289,-3.4949207704102663,0.0004885536712888667
event_driven,B4_lm_features,20,2025Q1,12,1620,0.6190420070371176,-1.130719858665562,0.2626726213868461,-2.627891743656749,0.008672770815921764,-0.07177505328617363,0.5058690336700492,0.6148021756563081,0.5210172438317748,0.6024260112652339
event_driven,B4_lm_features,20,2025Q2,13,1819,0.43099160476476195,-0.9395440892433438,0.3510975557630199,-2.5163487213840674,0.01194326750286262,0.6263167630609597,-2.3098933218766544,0.024237296328235434,-5.350170153088954,9.899640724133553e-08
event_driven,B4_lm_features,20,2025Q3,14,1468,-0.1367226599027927,-0.16208390168339495,0.8717504249259707,0.6201004784022492,0.5352879453072583,0.13981954061857543,-0.5096628610588609,0.6120407114110502,-0.7889063106457087,0.4302942399777786
event_driven,B4_lm_features,20,2025Q4,15,1159,0.12501992936948467,-0.013423127042297376,0.9893523031818544,-0.5488424170800492,0.5832194018230602,0.17914699602992473,0.06746546955584035,0.9465238827352285,-1.0074428490810794,0.31393246820730747
event_driven,C2_finbert_s1,5,2022Q1,0,1625,2.5373880619316687,-2.4541518882628184,0.016943871159884303,-3.979838257130367,7.200107190838024e-05,-15.064125355916648,1.734928916843411,0.08772228121182356,5.885431151457435,4.813156483062691e-09
event_driven,C2_finbert_s1,5,2022Q2,1,1742,3.7362720971610446,-1.688370331678987,0.09636447804027569,-5.441926432385391,6.019587681742347e-08,-15.610479754516076,4.586548086997315,2.242889333267519e-05,8.135228439801958,7.735359573660171e-16
event_driven,C2_finbert_s1,5,2022Q3,2,1419,2.572337544891114,-1.8410225151003392,0.07025407974899764,-3.7258697183512264,0.00020228626701949363,-5.340515938426561,2.161048080603869,0.03443997446415794,2.3371656933758937,0.01956913176968115
event_driven,C2_finbert_s1,5,2022Q4,3,1461,5.767611392699304,-2.1164369792296465,0.03832909289539463,-6.642906466114063,4.327999663573317e-11,-1.4158441342221997,0.3143977452953966,0.7542745156844651,0.5855683615913851,0.5582561124552047
event_driven,C2_finbert_s1,5,2023Q1,4,1600,1.415983742862541,-0.7588293539081519,0.45082990073687607,-2.3531873522104116,0.01873378580989024,-1.9576373584756086,0.9246823026547898,0.35871628047006915,0.8651867051451212,0.38706610280858095
event_driven,C2_finbert_s1,5,2023Q2,5,1792,2.938050929670459,-1.9408843130918276,0.056821921966972784,-5.040681478410461,5.107242139209815e-07,9.254620548668953,-2.990817644136031,0.003987693582802064,-5.342102003620371,1.0361817148078046e-07
event_driven,C2_finbert_s1,5,2023Q3,6,1358,1.6091941282461732,-0.70627268798005,0.4826224264825406,-2.108813743361782,0.03514350283355835,5.95530199073202,-1.0036725809486076,0.3193759680550272,-2.4059380934729804,0.0162640476479013
event_driven,C2_finbert_s1,5,2023Q4,7,1487,3.4367578261439458,-1.8866363460784257,0.0638194619795274,-4.991622974295607,6.693503388291373e-07,8.021852206095119,-1.7125336274267295,0.09171664796339554,-4.001415424730096,6.606534007504225e-05
event_driven,C2_finbert_s1,5,2024Q1,8,1571,0.9451491199880553,-0.41034897780344143,0.6829877277560973,-1.6290857320500969,0.10349548554996348,3.161116767744531,-0.645079435008149,0.5212946084402156,-1.5281680578985302,0.12667225094346835
event_driven,C2_finbert_s1,5,2024Q2,9,1749,1.3549333736427562,-0.8959026180305627,0.3737152901210601,-2.325305626350111,0.020169579794862554,3.67999116203495,-0.6270368304179103,0.5329009810239645,-1.9757270040455752,0.04834275608088127
event_driven,C2_finbert_s1,5,2024Q3,10,1472,4.539420794193333,-1.5303750645252319,0.13085207650777206,-5.578212329580507,2.8878260902333987e-08,12.528156686816994,-1.6530725196612466,0.10321381040339182,-5.3206305867465025,1.1940979611859119e-07
event_driven,C2_finbert_s1,5,2024Q4,11,1447,4.39897719626186,-1.2255381281493418,0.22493438746097275,-5.876693650483847,5.1874864898613125e-09,14.748546751257885,-1.3801138320121862,0.17242961169477214,-6.071799575128528,1.613594134921938e-09
event_driven,C2_finbert_s1,5,2025Q1,12,1624,2.482279430961511,-3.7087740695222715,0.00045703855523290956,-4.309280868687837,1.7361843325256005e-05,-3.0726976088023314,1.0869880213268288,0.281389632262933,1.563162128171801,0.11820941654162044
event_driven,C2_finbert_s1,5,2025Q2,13,1822,-0.6159416750581238,0.13407503460540918,0.8937775166637553,1.3644796339207643,0.17258524967385885,-4.620518417308649,1.247329380399441,0.21696784106448944,2.3100461164456774,0.020996932305905894
event_driven,C2_finbert_s1,5,2025Q3,14,1470,3.04406975560515,-2.3690074056255757,0.020864677953928757,-4.974728633769068,7.303147606563266e-07,7.565928845273665,-1.586566988322273,0.1175396343656026,-3.872994261383974,0.00011223032773089247
event_driven,C2_finbert_s1,5,2025Q4,15,1470,2.1093897320436534,-1.2166513580749367,0.2286647703027815,-3.5496896636176953,0.00039784278040777375,4.307015789281167,-0.9007108146688155,0.37146697042396243,-2.406131415692704,0.01624532589953834
event_driven,C2_finbert_s1,10,2022Q1,0,1625,1.5862458442145575,-1.3809429827078197,0.17225409155698262,-2.249428090576347,0.024618753262899685,-27.72210857732972,1.555452051349427,0.12492867195129065,7.339648664131888,3.369667410449849e-13
event_driven,C2_finbert_s1,10,2022Q2,1,1739,1.472860119826501,-1.6600717128530167,0.10195006126531489,-2.0492145706611047,0.0405909849348237,-39.57351284537432,5.628613730015464,4.6763166624915593e-07,16.481156829767762,8.137157556191048e-57
event_driven,C2_finbert_s1,10,2022Q3,2,1417,3.1109285065128094,-3.382230426217995,0.0012305658783796508,-3.9599490222690963,7.869026041745917e-05,-10.902599812060446,1.9801058595717764,0.05199455909798222,3.9101858602387756,9.65891545114628e-05
event_driven,C2_finbert_s1,10,2022Q4,3,1458,5.07191598108256,-2.283925079374626,0.025812960888700564,-6.638733167434648,4.451670179074585e-11,-14.762972126394201,1.5779843324734224,0.11965824346574523,5.267390558691247,1.591285771073447e-07
event_driven,C2_finbert_s1,10,2023Q1,4,1600,0.924555537727342,-0.687790805203523,0.4941497050417513,-1.5624126869424395,0.11838867926952175,-7.751665034311276,1.0882542506977155,0.2806951710590991,3.5856555330031936,0.0003463394449181116
event_driven,C2_finbert_s1,10,2023Q2,5,1790,3.42470688364022,-2.5616599980076327,0.012862911826310545,-4.784736925039893,1.852631834277823e-06,1.0472210030870726,-0.4027216420343562,0.6885382792967355,-0.5253121168108386,0.5994313325465496
event_driven,C2_finbert_s1,10,2023Q3,6,1357,-0.09867844616555581,0.7330519919304428,0.4662456532698048,0.14112268751849338,0.8877939821676611,4.64805532668175,-2.047711943441923,0.04476252605168809,-2.4611031260207517,0.013974881648419661
event_driven,C2_finbert_s1,10,2023Q4,7,1486,2.886151050031435,-2.301632973243464,0.024674332946909315,-3.4291517318328344,0.000622042879705934,2.6119112440309893,-0.8583971907748194,0.3939273421310421,-1.2102340959209157,0.2263816773171526
event_driven,C2_finbert_s1,10,2024Q1,8,1568,1.2491836197655333,-0.9337496666019854,0.35411456957063175,-1.877854490615403,0.06058665994733764,2.3481743002315985,-0.46960396585821607,0.6403123711788553,-1.1429913033080412,0.2532167971765983
event_driven,C2_finbert_s1,10,2024Q2,9,1746,2.528601940564472,-1.6692334616375037,0.10003357231033826,-3.4396268771585055,0.0005962238340322451,3.440198362463871,-0.250135370414723,0.8032965521197415,-1.497441999532293,0.1344591399235391
event_driven,C2_finbert_s1,10,2024Q3,10,1471,3.3222004296260614,-2.170659288142873,0.0336732352772815,-5.132514741693097,3.240848830546957e-07,6.206066089761512,-2.655066004193629,0.009994361694964482,-4.184579660143783,3.026157926306083e-05
event_driven,C2_finbert_s1,10,2024Q4,11,1445,4.558397793079017,-1.0299448095517687,0.3069739155431031,-5.364532044832597,9.44105637059015e-08,11.074392334964568,-0.7660261413375606,0.4465214373710097,-4.9725397032998835,7.398796691837625e-07
event_driven,C2_finbert_s1,10,2025Q1,12,1623,0.8750241798400423,-0.19927633348606774,0.8427203799852554,-1.2430519544427598,0.21402834159476689,-12.97443460240375,1.3433197293000867,0.1842274290309604,4.023727438572542,5.992083866649218e-05
event_driven,C2_finbert_s1,10,2025Q2,13,1822,2.3162933206209986,-1.0579903483786806,0.2941646166938303,-4.331324380796229,1.5628531219195687e-05,0.033726236165112014,0.43661874954951024,0.663904672406845,-0.011044549991531925,0.9911891130374896
event_driven,C2_finbert_s1,10,2025Q3,14,1469,3.2783813008791607,-2.435237266485918,0.017678939886158443,-4.885842837284154,1.1426833405405785e-06,8.66201678137031,-3.8871186171163497,0.00024354029343493202,-4.620868319574027,4.156220236632802e-06
event_driven,C2_finbert_s1,10,2025Q4,15,1385,2.5953204927962417,-1.2493923322039688,0.21701124076861092,-3.8815378916722643,0.00010868478741510654,5.7394930220583795,-1.147600876511446,0.25628728376500143,-3.164840456679808,0.0015854717063386744
event_driven,C2_finbert_s1,20,2022Q1,0,1619,6.7475096429175885,-5.2490498607643685,1.974841588610124e-06,-7.330734558663997,3.5997916026638406e-13,-11.231791000164353,0.31251293063354246,0.7556994503137425,2.8908078376666304,0.0038937982483049295
event_driven,C2_finbert_s1,20,2022Q2,1,1737,10.747121776148871,-1.9293748847891024,0.05826393119310602,-8.188447187263685,5.069132712330585e-16,-17.377999201523505,1.482057926469192,0.1433899700237591,6.6120053114172554,5.0318282957913785e-11
event_driven,C2_finbert_s1,20,2022Q3,2,1413,0.5142710261084096,-0.37078162209377546,0.7120246522228009,-0.3054960232723227,0.760033427461092,3.9688292426501643,-0.4430449567948494,0.6592272006211377,-1.2701661839053102,0.20423470154017562
event_driven,C2_finbert_s1,20,2022Q4,3,1457,6.194166994407008,-2.602483322799029,0.011562744038619082,-5.517067746205893,4.073965154530977e-08,-5.251796359166235,0.17470839930999438,0.8618780385934043,1.6202643628880649,0.10539204235184971
event_driven,C2_finbert_s1,20,2023Q1,4,1600,2.842194764219148,-1.2474038923909476,0.21694071803003367,-2.993749843607783,0.002798002510984634,1.745169602102862,-0.7287327670212663,0.4689089216976998,-0.7246175012568693,0.46879273235457647
event_driven,C2_finbert_s1,20,2023Q2,5,1787,2.837793812955978,-0.3594217133161781,0.7205009202445545,-2.5991057872746186,0.009423655476940216,11.963676525633689,-2.4928984416003073,0.015355080440249894,-4.376331001064446,1.2767296856489714e-05
event_driven,C2_finbert_s1,20,2023Q3,6,1354,-10.86973387132221,2.3013066912301685,0.024693917043277346,8.948347901266116,1.160927236743432e-18,-10.86042438397384,0.2910476790262115,0.7719709169359635,3.047471926593181,0.0023524622073155233
event_driven,C2_finbert_s1,20,2023Q4,7,1485,0.9796181162755158,-0.37273096757678964,0.7105997609565701,-0.6625271475807357,0.5077363209476082,6.524124730205451,-0.6325354034367315,0.5293262254190066,-1.7256671804383072,0.08461547126770882
event_driven,C2_finbert_s1,20,2024Q1,8,1557,-0.40328046194784245,0.5378810446700638,0.5926162836208265,0.49175301722972614,0.622963315928219,2.907124212715488,-0.5194511313695496,0.6053259774111512,-1.2723311829187203,0.2034455724799415
event_driven,C2_finbert_s1,20,2024Q2,9,1742,-1.0822851278826222,0.15485822430682677,0.8774281559390256,1.2437739316026553,0.21375021722756493,3.2451286159787447,-0.8602389800176277,0.39291922453260486,-1.4247101628776695,0.15442022507813455
event_driven,C2_finbert_s1,20,2024Q3,10,1471,0.40740574911222033,-0.2327009942279972,0.8167361763521581,-0.24536917624952292,0.8062048434173318,14.742161661795937,-1.0216619230556228,0.310787386493002,-4.025720263353491,5.969625092437666e-05
event_driven,C2_finbert_s1,20,2024Q4,11,1444,5.386918664009219,-0.5535299502499275,0.5818598099973851,-3.49734710320282,0.00048416854192744437,19.122408231185684,-0.7057381292826368,0.48295256115525254,-4.871536180243093,1.229373634257534e-06
event_driven,C2_finbert_s1,20,2025Q1,12,1620,4.994178686939746,-2.3904720773028982,0.0199825191022924,-5.192556179395958,2.3367767005715334e-07,-9.77904413023632,0.7729532732596015,0.44258449222854385,2.8730510216626928,0.004118288243431037
event_driven,C2_finbert_s1,20,2025Q2,13,1819,-2.290666551241893,0.42745835946282934,0.6705264972450313,2.796077794081416,0.0052270980904616585,8.201754261035397,-1.2766467603741072,0.20648807253348342,-3.601072317940437,0.00032541301361434
event_driven,C2_finbert_s1,20,2025Q3,14,1468,-1.6295040545538555,-0.29479448602336716,0.7691050287343204,1.0532548380038342,0.29239765700009807,11.315187416294936,-2.124963996801279,0.037456457993556846,-3.410198420139389,0.0006667730552560871
event_driven,C2_finbert_s1,20,2025Q4,15,1159,0.24376593620174658,-0.16020613581942428,0.8734689362558551,-0.19938411727654157,0.8419972871723594,8.483846585070188,-0.7166392974536833,0.47747122499207034,-2.4824025445731244,0.01319085343111039
event_driven,C6_llmtext,5,2022Q1,0,1625,1.0049022541388075,-0.9961138943722663,0.3230666900416684,-1.435169708578711,0.15143129870628136,1.0049022541387704,-0.9961138943722437,0.3230666900416792,-1.4351697085786768,0.15143129870629113
event_driven,C6_llmtext,5,2022Q2,1,1742,-0.10281071838032685,0.3290533366508027,0.7432243453309101,0.23175596279633345,0.8167547981042584,0.003196620966834,0.19728810370069014,0.844247448414826,-0.007266821839315283,0.9942027986193694
event_driven,C6_llmtext,5,2022Q3,2,1419,1.1181450069479055,-1.230621813498825,0.22296815876631113,-2.146554089544344,0.0319980182201361,1.182849459242865,-1.4965451523596853,0.13942719681060195,-2.340865951214518,0.019377028455720084
event_driven,C6_llmtext,5,2022Q4,3,1461,1.332090199429665,-1.434976391742048,0.15631930434088517,-2.732550982645261,0.00636038391462367,1.4193587033631654,-1.6833120106222872,0.0973440694747791,-3.099660594303386,0.0019744446772580735
event_driven,C6_llmtext,5,2023Q1,4,1600,-0.4291263903848468,0.57070156902277,0.5702646898700356,0.9167203779850127,0.35942742244194004,-0.33872688170408044,0.49770132559289937,0.6204552677538663,0.7480317575062437,0.45455100220579553
event_driven,C6_llmtext,5,2023Q2,5,1792,1.1937450793380397,-2.697613458994572,0.008983892963008078,-2.9213141611121136,0.003529220529835835,1.1802189982405134,-2.5576026252954147,0.012999118000407485,-2.912455923165526,0.0036303893408945504
event_driven,C6_llmtext,5,2023Q3,6,1358,1.324700215216537,-0.4689992127239907,0.640689175513914,-2.6522641540806724,0.008088602554757945,1.1797019639296127,-0.23791788792394658,0.812716878498306,-2.2570136588273098,0.02416570320000841
event_driven,C6_llmtext,5,2023Q4,7,1487,1.5899892989362492,-1.8457512591562615,0.06962815418173539,-3.4391312224231023,0.0005997217156401382,1.59834411928719,-1.7504544733881577,0.08490828227878115,-3.362190250906711,0.0007929097754575294
event_driven,C6_llmtext,5,2024Q1,8,1571,1.1462413819515607,-0.47455916722444047,0.6367957640638909,-2.670519891439711,0.007651571582125254,1.0585712181496325,-0.28450761584357287,0.7769850190595969,-2.3438488865145315,0.019210046031445722
event_driven,C6_llmtext,5,2024Q2,9,1749,0.8732845327066086,-0.9997197349757811,0.32127061294362746,-2.2154066638665384,0.02686061826411177,0.842086079608847,-0.8846579082487332,0.3797050952608686,-2.0441564961847005,0.041087658535628915
event_driven,C6_llmtext,5,2024Q3,10,1472,2.7226847728411108,-2.851247706904967,0.0058554331049119725,-4.973695595792673,7.340444645100959e-07,2.715406804807881,-2.8719706077669747,0.005526339868990993,-4.8977876860803775,1.0762050705388516e-06
event_driven,C6_llmtext,5,2024Q4,11,1447,2.2889514174946655,-1.6089661182303143,0.11262392622730148,-4.441536236748446,9.61147990999664e-06,2.191285400615909,-1.5367298633206938,0.12936699493270262,-4.0065412864522125,6.474938338177172e-05
event_driven,C6_llmtext,5,2025Q1,12,1624,1.0977381842203489,-0.6836513863567658,0.49682713075903545,-2.4272612288665187,0.015321490400283569,0.9365735198295109,-0.27137587393394397,0.7870334790453809,-1.855322540874709,0.06373138209549635
event_driven,C6_llmtext,5,2025Q2,13,1822,1.2405853191525027,-1.5363902518599535,0.12953067511851438,-3.119682254760933,0.0018388352181623198,1.1005705291296692,-0.9064987177193017,0.3681815965009189,-2.391183208602571,0.01689515483598239
event_driven,C6_llmtext,5,2025Q3,14,1470,1.2546499546148588,-1.2804169030261723,0.2050197589141216,-2.3996382834495145,0.016535162293689152,1.2015210682945858,-0.9895345658429343,0.32612813811856717,-1.9994401378740851,0.045744651623598295
event_driven,C6_llmtext,5,2025Q4,15,1470,1.8019335753249908,-2.421226299662379,0.01861757284053017,-3.079890199628471,0.002109174980885465,1.8701603944012442,-2.2770355433044247,0.026489689343477774,-2.8621134032736135,0.004267919158831846
event_driven,C6_llmtext,10,2022Q1,0,1625,0.8455542959580276,-1.0739038006321673,0.2870276748239058,-1.3015131794554202,0.1932674538944458,0.8455542959581772,-1.07390380063234,0.2870276748238289,-1.3015131794556232,0.19326745389437638
event_driven,C6_llmtext,10,2022Q2,1,1739,0.18927399972146092,0.34427208762961165,0.7318066559226714,-0.44369312283838,0.6573196979289042,0.2916797300173711,0.21498169670756917,0.8304871787928306,-0.6905050730631158,0.4899688218461421
event_driven,C6_llmtext,10,2022Q3,2,1417,1.0623084714005981,-0.8628636247501411,0.39143441570997,-1.59226398562029,0.11154859504350717,1.0994705449236846,-1.0686968305360152,0.2892206787171207,-1.694934514321897,0.09030771145779436
event_driven,C6_llmtext,10,2022Q4,3,1458,0.9735684019624437,-1.2246310533601683,0.22534697156082287,-1.9661842232793163,0.04946694322064522,1.0474176932152988,-1.390044400017167,0.16948608814338814,-2.2673876002292896,0.0235125122682963
event_driven,C6_llmtext,10,2023Q1,4,1600,-0.07569521359003703,0.03396387587034498,0.9730150660771613,0.15693254779770474,0.8753178202325678,-0.03275772253024767,-0.0018986472512605979,0.9984911955033978,0.07189071681664029,0.9426978684033286
event_driven,C6_llmtext,10,2023Q2,5,1790,1.5485062828451517,-4.827605490232583,9.39812250971918e-06,-4.152353065122146,3.4455816413780365e-05,1.476511064133872,-5.026388051492391,4.528835760266916e-06,-3.9372753573469037,8.557079012013625e-05
event_driven,C6_llmtext,10,2023Q3,6,1357,0.7432342217192877,0.18666454141716365,0.852523462795719,-1.4354368885786135,0.15139325861043101,0.6362576629579817,0.29765083571919926,0.7669490158429426,-1.1487260574837441,0.25087154742383805
event_driven,C6_llmtext,10,2023Q4,7,1486,0.8164775224630544,-0.6227330242695268,0.5357076893265952,-1.833476819894759,0.06693174802919288,0.8140387247047052,-0.5295904036243245,0.5982573259178146,-1.7510441199152078,0.08014476978181005
event_driven,C6_llmtext,10,2024Q1,8,1568,0.7084931931216911,-0.10050846604095239,0.9202702788072322,-1.4030373779075316,0.1608037982571465,0.666748614818761,-0.017407536375856993,0.9861683094348846,-1.2597051057666246,0.20796334726167598
event_driven,C6_llmtext,10,2024Q2,9,1746,0.4707502303337465,-0.2275397079334508,0.8207409214000135,-1.3359714147571053,0.18173281595679697,0.5273488257417865,-0.28459507460957545,0.7768877881013366,-1.4533047591472033,0.1463189622511328
event_driven,C6_llmtext,10,2024Q3,10,1471,1.7148833068324096,-2.795209228160457,0.0068380027231944905,-3.2074618843592186,0.0013679618241851756,1.7407947467357787,-2.834156469265048,0.006140357772657667,-3.2695714498737054,0.0011020223473382973
event_driven,C6_llmtext,10,2024Q4,11,1445,2.202191158463977,-1.761601019980249,0.08298849126382768,-4.282828407729369,1.9671944267436407e-05,2.2001956323933154,-1.7570802187712011,0.08376273252530705,-4.148695828161634,3.5387871514887925e-05
event_driven,C6_llmtext,10,2025Q1,12,1623,0.28967314623725454,0.26876453136737405,0.7890328890392173,-0.5766668093998207,0.5642445744341847,0.16309036750737035,0.37641520932436656,0.7079360749259922,-0.30183646873893283,0.7628154230447031
event_driven,C6_llmtext,10,2025Q2,13,1822,1.6915682630134583,-1.0010229047800279,0.32070667303790906,-3.9897367535061874,6.8766773464079e-05,1.452621573596221,-0.6641443279590272,0.5090603988152502,-3.075791618471535,0.0021306718099942147
event_driven,C6_llmtext,10,2025Q3,14,1469,0.8056646448537768,-1.0518837945867474,0.2968083472253283,-1.6083071491338576,0.10798295147414087,0.7645353756500588,-0.8156404642936131,0.41773104886159435,-1.3375364730416512,0.18125476876735794
event_driven,C6_llmtext,10,2025Q4,15,1385,1.8210037425368604,-3.1844134628175063,0.0024295770295490386,-3.177350100820511,0.0015191194999811704,1.9059750774711093,-2.922776957473464,0.005091111741194301,-2.924662132022578,0.003504459018722453
event_driven,C6_llmtext,20,2022Q1,0,1619,0.7345807802599628,-0.918146023851695,0.36210049622554497,-1.2977810317651333,0.19454756992022756,0.7345807802599628,-0.918146023851695,0.36210049622554497,-1.2977810317651333,0.19454756992022756
event_driven,C6_llmtext,20,2022Q2,1,1737,-0.10043923999693956,0.9817425890461524,0.33004224449673036,0.20971948199945692,0.83391122739327,-0.009496489984437109,0.7857200405237386,0.4350240635200827,0.019923308039602242,0.9841068412388246
event_driven,C6_llmtext,20,2022Q3,2,1413,0.4049548244708225,-0.4328849530951595,0.6665537039150708,-0.6998485182292202,0.4841371924781227,0.45146325047589925,-0.6062146818896592,0.5465164453304784,-0.8342019083985471,0.40430831910390935
event_driven,C6_llmtext,20,2022Q4,3,1457,0.43954823760493233,-0.5604782140478363,0.5771731070101078,-0.941379912432918,0.3466663618155617,0.43840180947191054,-0.6230434354951363,0.5355411711544522,-1.067650974527693,0.28585496634683294
event_driven,C6_llmtext,20,2023Q1,4,1600,0.3536326718233322,-0.6423619456474752,0.5230064783173358,-0.8371731224742246,0.40262036556734254,0.3118767949600911,-0.6598817906019492,0.511773680986121,-0.8283916797260905,0.4075723437672484
event_driven,C6_llmtext,20,2023Q2,5,1787,0.6835040549366366,-1.4041651367926669,0.16525936384542855,-1.6589402314716155,0.09730341663658645,0.5584475014549838,-1.210599896732455,0.23064362986526907,-1.4461684872774323,0.1483054093130219
event_driven,C6_llmtext,20,2023Q3,6,1354,0.6830379142562325,-0.2620072082782455,0.7941706688569528,-1.6312853680603747,0.1030628426313493,0.6338790848052982,-0.2859933681230741,0.7758215065921595,-1.5667305627707593,0.11741151903490733
event_driven,C6_llmtext,20,2023Q4,7,1485,0.9201661171236132,-1.0686066633073295,0.28932446118672717,-2.1385346556912808,0.03263624468198055,0.7648163394674213,-1.057819826827328,0.29417687185603525,-1.88959154823336,0.059007376175171024
event_driven,C6_llmtext,20,2024Q1,8,1557,1.0310831738942392,-0.7695173944503807,0.4445558710664154,-2.6949708366737557,0.007115246869336744,0.913424636858548,-0.7018311532429906,0.48545373286224797,-2.389398236146765,0.016994467612545004
event_driven,C6_llmtext,20,2024Q2,9,1742,-0.06630655047589751,0.13792104511932732,0.8907426958045663,0.1437567922437414,0.8857091601420967,0.03037990330537633,-0.02393051971961245,0.980983667331365,-0.0623364473421212,0.9503020594987617
event_driven,C6_llmtext,20,2024Q3,10,1471,1.447763836405952,-2.1348479929435418,0.036608120291782516,-3.218833429401323,0.001315223482292393,1.2835162653781012,-2.6168747330814486,0.01105989908286933,-3.0397151680974126,0.0024098356302908494
event_driven,C6_llmtext,20,2024Q4,11,1444,1.0316480918482598,-0.36178129962528704,0.7187260924105302,-2.0190482619756067,0.04366682122154935,0.9636786856788621,-0.30328916637039144,0.7626688037126754,-1.9413906084803356,0.05240537621760139
event_driven,C6_llmtext,20,2025Q1,12,1620,-1.628697453114561,0.9520998059323427,0.3448662190171615,2.7136879526035007,0.006724440680177613,-1.574415524658542,1.0230321712840107,0.31039977963130616,2.9734637614911215,0.002988115680487395
event_driven,C6_llmtext,20,2025Q2,13,1819,1.874036358515479,-0.952102680217707,0.3447420372234389,-4.761582463293745,2.0728995329392482e-06,1.3066476261654965,-0.6967535169861513,0.4885612732968589,-3.661232821342633,0.00025817759990354156
event_driven,C6_llmtext,20,2025Q3,14,1468,1.148676559976818,-1.75909603780314,0.0833408788277238,-2.60302694107281,0.009333632669045036,0.7687884912151085,-1.241788150150655,0.2188463631317245,-1.741620570546875,0.08178446415437803
event_driven,C6_llmtext,20,2025Q4,15,1159,1.5287342929385175,-1.7322999371342234,0.09038855683064699,-2.953037687477823,0.003210134731284093,1.055578414856154,-1.2573326910429554,0.2154194675667359,-2.01435678382442,0.04420294459364493
event_driven,D2_gated_fusion,5,2022Q1,0,1625,0.039861190174715434,0.38400208005044545,0.7022907231111529,-0.1434027257157822,0.885989921089454,-5.333180877741839,2.3290937888147827,0.023127794145013605,4.773159434910925,1.9764886762025803e-06
event_driven,D2_gated_fusion,5,2022Q2,1,1742,2.13218171042976,-0.9084278880981249,0.3671698936658514,-5.693293359748917,1.4596019892154182e-08,1.5128649106732917,0.9662250537093259,0.3376855069310333,-1.309966422007603,0.19038000975602903
event_driven,D2_gated_fusion,5,2022Q3,2,1419,0.546633747587665,-1.0264228342328323,0.30855620034290576,-1.6448472859010301,0.10022295059530249,-1.1088874791619079,1.5964865717827215,0.11530661743777601,0.9646731438663636,0.3348730350946326
event_driven,D2_gated_fusion,5,2022Q4,3,1461,2.272522008678355,-0.8401082504504847,0.40407577586930327,-5.748344960439372,1.0955190850471058e-08,4.345040109417311,0.35169918448113136,0.7262563890310938,-3.458294924582666,0.0005592312948251514
event_driven,D2_gated_fusion,5,2023Q1,4,1600,-0.7207826950304739,1.350029818457512,0.18191459588792427,2.304898699870335,0.021299797289234697,-5.120431732610658,2.0285355436275734,0.04680651921645217,4.089632123245054,4.5354295623697905e-05
event_driven,D2_gated_fusion,5,2023Q2,5,1792,0.44918078173528314,-1.0682581598565823,0.2895458346022029,-1.9279831783019705,0.054015153721228316,-0.041892747720809795,0.21043904290717638,0.834015096314287,0.04862940870196671,0.9612200550026299
event_driven,D2_gated_fusion,5,2023Q3,6,1358,0.08222556148908132,0.09513931588883799,0.9245061392647941,-0.23858355615452573,0.8114645403719734,-0.2908835072293858,0.6553440825246033,0.5146322257372616,0.23351925283588243,0.8153934419762823
event_driven,D2_gated_fusion,5,2023Q4,7,1487,0.6814408599036255,-0.5892772036908038,0.5577826311564051,-2.602211836300952,0.009354547587376024,0.8522673761755568,0.23325710511744643,0.8163179963132572,-0.8718402884043267,0.3834363491157062
event_driven,D2_gated_fusion,5,2024Q1,8,1571,0.5701825638358008,-0.9161691450316384,0.36318603407283806,-2.3819435328622247,0.017340049050955274,0.9204093992768421,0.031517863538996785,0.9749594455848892,-1.0329025375926375,0.3018085906687484
event_driven,D2_gated_fusion,5,2024Q2,9,1749,0.442308787226135,-1.193715924842712,0.2370647736868037,-1.759944229067588,0.0785921521102109,0.008162682658058982,0.21696474838595048,0.8289369092397793,-0.009063479221322692,0.9927695231073355
event_driven,D2_gated_fusion,5,2024Q3,10,1472,1.3532886461256237,-1.7883508468129614,0.07845269565354218,-4.682731266911678,3.0917623221079663e-06,3.648887194223875,-1.0395970213222516,0.30243878820596637,-3.7761010522477294,0.00016564598280543156
event_driven,D2_gated_fusion,5,2024Q4,11,1447,0.7589801315618033,-1.0382526450617557,0.30312099583941376,-2.3736869575685553,0.017741484718607578,2.103874232609225,-0.4499027300095953,0.6543248436120268,-1.8034810194828617,0.0715207788361223
event_driven,D2_gated_fusion,5,2025Q1,12,1624,-0.4240124562266761,1.0615872134350555,0.2926775702314336,1.8319355325545055,0.06714419516578946,-4.500282256338225,1.8315739908327358,0.07198036351632293,4.845187982702435,1.3856307253110852e-06
event_driven,D2_gated_fusion,5,2025Q2,13,1822,-0.6226910917617218,0.9748263301945209,0.3334346113610128,2.9036108779094163,0.003733288027221946,-3.3519660396455864,1.2422520875097083,0.21882191247409627,3.530069518137412,0.00042577606531169057
event_driven,D2_gated_fusion,5,2025Q3,14,1470,0.8528115603007166,-1.9637928513445544,0.053901097331280026,-2.9012673964331315,0.003771926178462163,1.9269459033453387,-0.6663165141927639,0.5076036662415738,-1.856695213657902,0.06355459580222664
event_driven,D2_gated_fusion,5,2025Q4,15,1470,1.2403845258576787,-1.717895091521903,0.0911507701553132,-4.231066495026585,2.4697833963471706e-05,3.2453894979167077,-0.8248116925913691,0.41285792308966707,-3.191367835263407,0.001445964648214163
event_driven,D2_gated_fusion,10,2022Q1,0,1625,-0.0554557165220292,0.6037518406085125,0.5482113562200432,0.1927236322968261,0.8471995117715575,-5.664169482818274,2.176133705466672,0.03336420849912027,5.999439963478145,2.436255141188941e-09
event_driven,D2_gated_fusion,10,2022Q2,1,1739,1.1082660169759837,-0.783446065216874,0.43634785352100736,-4.83277006726313,1.464944687285089e-06,-1.5631475628194615,1.7182750461677727,0.09073700963351146,2.624256238331676,0.008759893717239398
event_driven,D2_gated_fusion,10,2022Q3,2,1417,0.45036582274496206,-1.1690503824538132,0.2467191774812593,-0.9757681815648527,0.32934602081694225,-2.3527038390062667,1.3419475208972025,0.18435470087287362,1.837616984874412,0.0663282790348271
event_driven,D2_gated_fusion,10,2022Q4,3,1458,0.6519321429300772,-0.02592702500606918,0.979398815199498,-2.26992986651235,0.023357389851261838,-1.5452002665233857,1.3691169023664642,0.17590232706226122,1.8454803455803137,0.06517048354791075
event_driven,D2_gated_fusion,10,2023Q1,4,1600,-0.6770014070652913,1.0150063434472345,0.31404750760267963,2.3473466261220284,0.01902903711163711,-5.432189986243826,1.5153680959462725,0.13476123437454776,4.486067847154369,7.772751726422781e-06
event_driven,D2_gated_fusion,10,2023Q2,5,1790,0.20116899883493514,-0.9977540001337565,0.3222769188101697,-1.097910469300218,0.2723913302102172,-2.3534181792075755,0.9404105074979017,0.35065665986677297,3.263897494745919,0.0011196379633152077
event_driven,D2_gated_fusion,10,2023Q3,6,1357,0.07155654244197507,0.05469885654450816,0.956551475227172,-0.3942529195642197,0.6934563118981445,-1.5655401662387418,1.5554855946666422,0.12484011594409546,2.442205759055509,0.014724827591503986
event_driven,D2_gated_fusion,10,2023Q4,7,1486,0.34865695298268945,-0.6386243962732109,0.5253822451496428,-1.9181070193514382,0.05528902889168213,-1.3039757422793563,0.9397228046668099,0.35094891917897325,2.012016906452158,0.04439846151898268
event_driven,D2_gated_fusion,10,2024Q1,8,1568,0.773451235465069,-1.684179375081123,0.09725785880143607,-3.720318593254269,0.00020599328506897644,0.1234300401320927,0.3692100223491561,0.7132497182955324,-0.17654398783356928,0.8598894074389193
event_driven,D2_gated_fusion,10,2024Q2,9,1746,0.526807635070325,-1.650937369136174,0.10372823939614309,-3.296841897616654,0.000997417994091233,-0.11722241058046656,0.3894122770302699,0.6982844402408208,0.1908711800416904,0.8486487235929823
event_driven,D2_gated_fusion,10,2024Q3,10,1471,0.29825385894501527,-0.7904589248188986,0.4321791245069416,-1.4772619670023146,0.13981962831917222,-1.2554267761953863,0.9110145444347156,0.365706319770711,1.9013862794371452,0.05744680717823526
event_driven,D2_gated_fusion,10,2024Q4,11,1445,-0.2378988361152838,0.5441279367140505,0.5882741062122656,1.0018477406248631,0.31658498569877397,-3.050543480162062,1.7176542046605436,0.09077184357336446,3.765900236532207,0.0001726143243168941
event_driven,D2_gated_fusion,10,2025Q1,12,1623,-0.7133062853590386,1.504959288966322,0.1375809475166042,3.5156595202223864,0.0004507274524383136,-5.537018403375311,1.907051766784498,0.061304792797432776,6.8016878676257795,1.4493392946776106e-11
event_driven,D2_gated_fusion,10,2025Q2,13,1822,0.34053839153897986,-0.008520772598609786,0.9932288476563422,-1.4263762811953336,0.1539311704548435,-1.72104992322749,0.689501753382914,0.4930801960094973,1.5227811658386845,0.1279870907489647
event_driven,D2_gated_fusion,10,2025Q3,14,1469,0.1509709924416002,-0.2574176971899866,0.7976822024442677,-0.632429525626982,0.5272047330087888,-1.3883018719209292,1.456975805080832,0.15001218348604717,1.9366346352641042,0.05298172100083515
event_driven,D2_gated_fusion,10,2025Q4,15,1385,0.0019164539415459374,0.6489366258800502,0.5191815594956607,-0.009405085302948936,0.9924972937331834,-1.390169762991209,2.100910395618329,0.04042158957011082,2.306390135629905,0.02123597782726859
event_driven,D2_gated_fusion,20,2022Q1,0,1619,0.7738926695235476,0.24605853138904332,0.806449707472798,-0.5677093630679333,0.5703110964691555,-22.35794077327085,1.0396295526337425,0.30254944476092194,6.470147182650312,1.2939435699574582e-10
event_driven,D2_gated_fusion,20,2022Q2,1,1737,-9.936267819287663,1.9135735573629147,0.06029430418222845,8.85521042676903,2.0170762802445726e-18,-0.7178689121874653,0.04375735658140217,0.9652384429584103,0.8182655462455234,0.4133178749357902
event_driven,D2_gated_fusion,20,2022Q3,2,1413,-5.386439187797505,1.1792299808535462,0.24267187572320065,3.617490078724866,0.00030795848548249426,6.223645217619445,-2.34768170538798,0.021994423086449225,-5.495171336659974,4.624867604827017e-08
event_driven,D2_gated_fusion,20,2022Q4,3,1457,-7.2830172802347315,4.2606548138367195,7.052225001295805e-05,8.085477806704723,1.290569939035684e-15,2.9198428494416544,-0.8327589628220393,0.4081771299225653,-2.2937529584673384,0.02194655820002496
event_driven,D2_gated_fusion,20,2023Q1,4,1600,-1.798968980032213,0.8121461042865604,0.419815162388495,1.798702701784842,0.07225424217937206,-12.676579930499459,0.9404592792656661,0.35063185198016145,5.166815413208913,2.680351236552954e-07
event_driven,D2_gated_fusion,20,2023Q2,5,1787,-1.8670729060562437,0.12265278829271317,0.9027787680068579,2.553772711928701,0.010738691087530837,1.4700920568089975,-0.7443555384141115,0.45947344325535594,-1.942616602615365,0.05221948823816151
event_driven,D2_gated_fusion,20,2023Q3,6,1354,2.5854775165597603,-0.47153667518791476,0.6388865027008972,-3.080244174311722,0.0021099942665432758,2.3186051514512833,-1.6093998317510705,0.11252894769935728,-2.14858156473141,0.03184461073414517
event_driven,D2_gated_fusion,20,2023Q4,7,1485,-4.571917841726106,2.9915652404545976,0.003958339621557115,4.624842789874738,4.074772505106357e-06,4.895955803053026,-1.5745375207984533,0.120372141227755,-3.638168048727575,0.0002839889035980987
event_driven,D2_gated_fusion,20,2024Q1,8,1557,-8.536253997388533,1.5952218192457674,0.11583113298490014,7.776974854332375,1.342471490143819e-14,1.3463175486713375,0.061757179926113695,0.95095811086167,-0.8423942223980165,0.3996967849941914
event_driven,D2_gated_fusion,20,2024Q2,9,1742,-2.0542349696664672,1.229170432879837,0.22357917533873342,3.2023297160460076,0.0013878302737880832,3.612905301510834,-1.7019176077782618,0.09370120642550096,-4.628760502815492,3.950838849427724e-06
event_driven,D2_gated_fusion,20,2024Q3,10,1471,-1.752706453224288,0.5671619850984079,0.5725881591602199,1.3867727223484865,0.16572132969579892,5.682972057891623,-1.3202482763401877,0.19145453873934157,-4.493152698144593,7.56712574919958e-06
event_driven,D2_gated_fusion,20,2024Q4,11,1444,-5.336777681109894,1.782171196302232,0.07954021370653326,6.868512007780653,9.613803937975923e-12,4.850146232953843,-0.40922957215691197,0.6837591688970062,-3.8562063138234386,0.00012022791742171614
event_driven,D2_gated_fusion,20,2025Q1,12,1620,3.1449873497830243,-0.9505252337486387,0.34565870642528645,-3.2637453028957406,0.0011224265979040363,-18.864105835052943,1.6542909669798418,0.1032911429159118,8.9050116414406,1.4000156060857547e-18
event_driven,D2_gated_fusion,20,2025Q2,13,1819,-1.5150038673478092,0.7095551097529862,0.48064010397091866,2.6349844754889764,0.008485588925415467,6.06678742309864,-1.6765250297198744,0.09867122617160369,-7.566942705363276,6.034667727097996e-14
event_driven,D2_gated_fusion,20,2025Q3,14,1468,-1.003823775103706,0.7816472724852851,0.4373040417285477,1.03640119576944,0.30018581507233655,5.294981467159293,-2.8812162572440414,0.005385096743203921,-5.280346847811701,1.4833206270057406e-07
event_driven,D2_gated_fusion,20,2025Q4,15,1159,-3.4570511631206733,2.765135221393205,0.008348586905784286,5.372757070696454,9.368329505115582e-08,4.096771058816964,-1.389908992418247,0.17171062090040637,-4.706867918316051,2.819129741677582e-06
event_driven,D4_llmfused,5,2022Q1,0,1625,0.0038744191315348325,0.4773932845280089,0.6347607549274443,-0.3701669545522579,0.7113063661012027,0.0038744191315719036,0.4773932845269107,0.6347607549282217,-0.370166954556194,0.7113063660982707
event_driven,D4_llmfused,5,2022Q2,1,1742,0.029601517968739482,-0.14077138610470566,0.8885069171197681,-3.7559051763116704,0.00017839789028637718,0.052961051701170415,-0.12053453415321204,0.9044494931667358,-3.652975512747064,0.00026689160386656944
event_driven,D4_llmfused,5,2022Q3,2,1419,-0.030257351073482184,0.6182056573273099,0.5386336738885347,2.53575037084421,0.011327291017001516,-0.1796295041941241,0.6808996295840908,0.498391211316028,2.60392057251082,0.009312668026434283
event_driven,D4_llmfused,5,2022Q4,3,1461,-0.030333891705678673,1.8937379264355594,0.06292781828539652,3.572341952039805,0.00036529816379419144,-0.1601426401850266,1.9027202014791806,0.06172343831644128,3.654771013886054,0.0002665311084530138
event_driven,D4_llmfused,5,2023Q1,4,1600,-0.0053994598134843065,-0.05509194287273165,0.9562423636476586,0.5565326320173368,0.5779246688795485,-0.007670556450694092,-0.10166894295787728,0.9193475481342882,0.4398393014703892,0.6601129412437936
event_driven,D4_llmfused,5,2023Q2,5,1792,-0.022199562367920207,0.7233975843835174,0.47215612695977505,3.2154941471173375,0.0013254119756080146,-0.0006997940053596277,0.47518104333679295,0.6363277169010991,2.8238138104793364,0.004798105133199632
event_driven,D4_llmfused,5,2023Q3,6,1358,-0.02864362838460545,1.0251818022126684,0.3091977690436088,3.216600657321133,0.0013277952986565176,0.05210620492838359,-0.7322912511335545,0.4667064809167852,-2.7424392233692982,0.0061786557628453875
event_driven,D4_llmfused,5,2023Q4,7,1487,-0.018986459302203343,1.3764424275337757,0.17355730578393008,2.5091502538789334,0.01220789747733018,0.0723454985380113,-1.1610430625073958,0.2500048048736433,-2.1079161829862496,0.03520532909893767
event_driven,D4_llmfused,5,2024Q1,8,1571,-0.016231472304750933,1.2923394282445753,0.20111387578908485,1.9664720330062277,0.04942003552601977,0.08814992547159037,-0.8852536751491649,0.37949619057111506,-1.3554472283375405,0.1754700676268703
event_driven,D4_llmfused,5,2024Q2,9,1749,-0.033833429096940135,3.3739993678368925,0.0012718038892726247,4.5095156337564095,6.929595682083457e-06,0.2545086493529241,-3.1412671179768776,0.002562428910760171,-4.075806554790925,4.7910815421136036e-05
event_driven,D4_llmfused,5,2024Q3,10,1472,0.012252578085276208,-0.980785968370744,0.33039143534678106,-1.529362744182802,0.12638954242907485,-0.21575823133446384,1.3471880267758822,0.1826703272049048,2.4447693119249383,0.014611144134565436
event_driven,D4_llmfused,5,2024Q4,11,1447,-0.03494263355805382,2.0972797183649057,0.03998777545272466,3.6813459824533625,0.0002405378134021731,0.25523901930948023,-1.8233450982024444,0.07299584676282868,-3.067956501200809,0.0021953147251731644
event_driven,D4_llmfused,5,2025Q1,12,1624,-0.03205218438176001,2.219463833265197,0.030246851852548072,4.216632396557941,2.6165415511306722e-05,0.3225538645470522,-1.8352674951329764,0.07142379202699331,-3.5879033314996525,0.000343241879338698
event_driven,D4_llmfused,5,2025Q2,13,1822,0.021116853132734727,-0.02775439272035,0.977947185396793,-2.0344295006628386,0.0420529422171485,-0.345274893439954,0.22929386388136733,0.8193952489495672,2.158747186171765,0.031000065079980713
event_driven,D4_llmfused,5,2025Q3,14,1470,-0.017591674291589622,1.2787993522207246,0.2055853882481844,1.7232810208716856,0.0850481478390302,0.06836325346172553,-0.8007986635900177,0.42621109450031963,-1.1229189417072107,0.2616554098953237
event_driven,D4_llmfused,5,2025Q4,15,1470,-0.019893515362805567,1.1749104332537323,0.24483160351922933,2.430294496360364,0.015205636032156824,0.09753470226286554,-0.6635728485377619,0.5095928294450515,-1.8180881637006443,0.06925424958592347
event_driven,D4_llmfused,10,2022Q1,0,1625,0.056320082738541215,-0.7197443920438639,0.47438690632300173,-1.06528140510488,0.28690695821491696,0.056320082738541215,-0.7197443920438692,0.4743869063229985,-1.0652814051049033,0.2869069582149063
event_driven,D4_llmfused,10,2022Q2,1,1739,0.01961999685288702,0.7780798376824043,0.43948120276503516,-0.6665469686618318,0.5051500220981663,0.029402615465222586,0.769740576690626,0.4443766803088243,-0.6879643696068032,0.49156702379547346
event_driven,D4_llmfused,10,2022Q3,2,1417,0.03872316640990489,-1.1815346771417454,0.2417622237208913,-0.5644416579108056,0.5725429902023309,0.06067640388405014,-1.217192922487697,0.22800008619008388,-0.6086315870569728,0.5428662823924439
event_driven,D4_llmfused,10,2022Q4,3,1458,-0.05594711393642844,1.2129492446749295,0.2297505048660143,1.2255502460679986,0.22056603441533199,-0.13071786387843365,1.227044192849902,0.22444506737526077,1.280121361214085,0.20070622835178945
event_driven,D4_llmfused,10,2023Q1,4,1600,-0.05041005377033866,0.8486360295701268,0.39934854416880794,1.2823712609538398,0.19989831516408985,-0.09809260225877027,0.8051937464567467,0.42378509631266975,1.249347338645386,0.21172090895635087
event_driven,D4_llmfused,10,2023Q2,5,1790,-0.006433767626218365,-0.7383308403841016,0.46309914027029253,0.18106380190580662,0.8563380066029674,-0.008370973617747359,-0.7626148008336261,0.44858494008780925,0.14455943077728214,0.8850750130577074
event_driven,D4_llmfused,10,2023Q3,6,1357,-0.019236108452044744,0.06637176939302858,0.9472920262601043,0.5426618088253902,0.5874518500654035,-0.029874389710413198,0.015179696051556831,0.9879367903504016,0.5125494714865352,0.6083499822625147
event_driven,D4_llmfused,10,2023Q4,7,1486,-0.02714008867801269,0.48235216931839225,0.6312275037732217,0.7903395731338775,0.42945567152855485,-0.03353164680976511,0.4766001355311367,0.635295832433889,0.6871844551025972,0.49207379993013967
event_driven,D4_llmfused,10,2024Q1,8,1568,0.06168755413526176,-1.0717842912755748,0.28803908234418396,-1.3447315814486827,0.17890653606422438,0.0802617632692662,-1.088174968105735,0.28079863753629863,-1.3657846708661936,0.17220255408810514
event_driven,D4_llmfused,10,2024Q2,9,1746,-0.03908908415727743,0.784262021367067,0.4358253313793422,0.9302237510658031,0.35238391313268197,-0.09047670392753789,0.9161076485508446,0.3631039300901019,1.1268714214063678,0.25995178162648896
event_driven,D4_llmfused,10,2024Q3,10,1471,-0.02717132607065296,0.11784677574556994,0.9065581443296372,0.6108217679620138,0.5414120110611522,-0.031890440817026244,0.016460122147934124,0.9869185223246182,0.3952984650934701,0.6926799868886303
event_driven,D4_llmfused,10,2024Q4,11,1445,-0.12466921123718568,1.3483462609610657,0.18237476465792887,2.4932712936061754,0.012768446662666452,-0.20570729640076868,1.3026113371542036,0.1974491468744719,2.356663319645149,0.018572883535009424
event_driven,D4_llmfused,10,2025Q1,12,1623,-0.019073356624252982,0.856503907514758,0.3951270153488122,0.6271985592982514,0.530617361996744,-0.015503671477901895,0.598470809833306,0.5517785229805443,0.4296187849955302,0.6675300332155955
event_driven,D4_llmfused,10,2025Q2,13,1822,0.12112159909710452,-0.7855084468527866,0.4351471420515947,-2.5434837275256936,0.0110573765171568,0.09932331095373213,-0.7098340280089436,0.4804683206188874,-1.8570180171029291,0.06346995574360076
event_driven,D4_llmfused,10,2025Q3,14,1469,-0.039692312008635995,0.1733128553103451,0.8629525076322404,0.7327262580390613,0.4638423812773029,-0.06644642675005066,0.08040971620333524,0.9361623189949715,0.6396127848079335,0.5225241675850415
event_driven,D4_llmfused,10,2025Q4,15,1385,-0.03246814461914505,0.2698600400000216,0.7883159072070598,0.9711372915552299,0.3316496039003687,-0.058026927054741766,0.12830309867815343,0.8983947332158381,0.8638808855617253,0.3878030168775466
event_driven,D4_llmfused,20,2022Q1,0,1619,-0.46656384131585094,0.9793235325477236,0.331226159512651,1.6416241414436883,0.1008622598772042,-0.4665638413158278,0.9793235325477191,0.3312261595126531,1.64162414144353,0.10086225987723708
event_driven,D4_llmfused,20,2022Q2,1,1737,0.09385600819294858,0.0560275059102592,0.9555000612102627,-0.7513688878511271,0.45253252470830213,0.05502574175343967,0.07710991024617694,0.9387844137133031,-0.6603669689493498,0.5091059741588548
event_driven,D4_llmfused,20,2022Q3,2,1413,-0.6489239208078637,1.2215703130484543,0.22635081880402488,1.862609863759157,0.06272472189438505,-0.4223877180174832,1.1756079078604609,0.24410646312525472,1.7987098518781628,0.07227807851622944
event_driven,D4_llmfused,20,2022Q4,3,1457,-0.4577737699727162,0.15992755459666294,0.873458038278079,2.2199320797937063,0.026576906786375327,-0.14144047247228628,0.007052687691956567,0.9943954603709242,1.9351544112560244,0.05316480286520891
event_driven,D4_llmfused,20,2023Q1,4,1600,-0.009465382811336279,0.006615928701836468,0.9947425331022595,0.06853033077259484,0.9453720446724461,0.009232548649579233,-0.2144488714956964,0.8309008020581633,-0.26114404193613455,0.7940150584688959
event_driven,D4_llmfused,20,2023Q2,5,1787,-0.3292807329353349,0.9947959019412352,0.3237022877854279,1.980547738992005,0.04779523092109371,-0.053585123377765956,0.5662709187548695,0.5732537358365901,1.3787404273918906,0.16814745418320787
event_driven,D4_llmfused,20,2023Q3,6,1354,-0.09045595281240901,0.41983012203781067,0.6760378893706219,0.6746687896730905,0.5000014805553715,-0.0033184279768794732,-0.09494177908426525,0.924662408090439,0.1669891524205497,0.8674035369804051
event_driven,D4_llmfused,20,2023Q4,7,1485,-0.3936121931917689,0.7916535273634575,0.431533348716827,3.0566872693429477,0.0022779320160111996,-0.047133310698530446,0.5891103172800637,0.5578938731784476,2.6093044462569615,0.00916385132356247
event_driven,D4_llmfused,20,2024Q1,8,1557,-0.6059476357882942,1.7239926917935287,0.08977415867333176,2.608708970703618,0.009175504776049505,-0.019213853339370267,1.6190453004418137,0.11059680804867725,2.4315226283348785,0.015147738552255584
event_driven,D4_llmfused,20,2024Q2,9,1742,-0.37905181780061015,2.4321452243419346,0.01786325224004642,2.728074571184174,0.006434538467717005,0.07172518124738927,-1.703173121517896,0.0934646770853202,-1.8982173753974838,0.05783269568287221
event_driven,D4_llmfused,20,2024Q3,10,1471,-0.003486593900082346,-0.16827026882690935,0.8669013057641297,0.0227656352224787,0.9818403097479979,-0.02376756627199961,0.4047583225302803,0.6870048266298543,0.41178239565797536,0.6805589590221968
event_driven,D4_llmfused,20,2024Q4,11,1444,-0.3080976324481139,1.2216681359829462,0.2263848816785168,1.699047365526665,0.08952580698301052,0.07543531094916887,-0.9687512781098664,0.3363738083600036,-1.1418788182925943,0.25369383748999014
event_driven,D4_llmfused,20,2025Q1,12,1620,-0.4440402863025293,1.3101038589067442,0.19515434408319687,3.546819167402947,0.0004010195627012967,0.15239239901736726,-1.2271854695242774,0.22454629827458736,-3.233840258076991,0.0012459882421784303
event_driven,D4_llmfused,20,2025Q2,13,1819,-0.7878573068649445,2.946057886521418,0.0045288841907919425,3.726533620664312,0.0002000642168806877,0.2430688580218363,-2.985594582624349,0.004047594313284662,-2.562040355395208,0.010485893608157843
event_driven,D4_llmfused,20,2025Q3,14,1468,-0.2812429430339211,0.9422417286765815,0.34961213498901045,1.1300242628875683,0.25865072610982065,0.09817051502288744,-0.6727531139741476,0.5035262848051973,-0.6444891363889377,0.5193590594300576
event_driven,D4_llmfused,20,2025Q4,15,1159,-0.3591014962657377,0.7950986034062079,0.43092317775567707,2.35747782033695,0.01856519547939314,0.21524817281894007,-0.6782955396940947,0.5012184874252393,-1.844072420913822,0.0654279097277657
event_driven,C5_qwen3,5,2022Q1,0,1625,0.29278408449772797,-0.6233262029416159,0.5353565870544603,-1.2927073162660243,0.19629618853143957,-0.23939650216408434,1.3627752351434868,0.17788283311378697,1.2085581980157867,0.22700856439543812
event_driven,C5_qwen3,5,2022Q2,1,1742,0.6549992240087442,-0.8613601097702128,0.39235884501263363,-3.2515434221927935,0.0011697420116495933,-0.030427395698703497,0.9582606542014871,0.3416533132992392,0.17975102058061448,0.8573689548459557
event_driven,C5_qwen3,5,2022Q3,2,1419,-0.4776229916792174,1.732021742114218,0.08808714934765131,2.2113352357695133,0.02717165417531651,-0.7490821774638491,2.648913806184593,0.010159429177972041,3.638069046253967,0.00028454004119443324
event_driven,C5_qwen3,5,2022Q4,3,1461,0.1929837777025934,0.3203170991043271,0.7498050272656442,-0.8390386288742026,0.4015849870943936,-0.1330499797878009,1.4073076780268923,0.1643298626877067,0.6553817366832863,0.5123252569879065
event_driven,C5_qwen3,5,2023Q1,4,1600,-0.017394907940410768,-0.11446026363505546,0.9092428144667549,0.07912052059684915,0.9369466616547442,-0.39302753601564955,1.7317290358001052,0.0882950224256332,2.002105085136137,0.04544205937172157
event_driven,C5_qwen3,5,2023Q2,5,1792,0.09803566600691715,-0.3474757010101492,0.7294108133432523,-0.5686571190316804,0.5696601483850855,-0.25211001024103546,1.0884543468125065,0.2806075658083245,1.6118198849770462,0.10717733218786843
event_driven,C5_qwen3,5,2023Q3,6,1358,-0.20365080499652,0.2303271567526235,0.8185838383319279,0.8951854231688137,0.370846730435654,-0.4341413745648837,1.0119371667962787,0.31543889125430286,2.030374856889237,0.04251314537212487
event_driven,C5_qwen3,5,2023Q4,7,1487,-0.3361683423297214,1.1504497296062173,0.2543068203757547,1.6533718785276843,0.098466423347915,-0.670293623705971,1.7327458263782465,0.08803379997253966,3.3765670846916565,0.0007529084172731453
event_driven,C5_qwen3,5,2024Q1,8,1571,-0.030292242457929757,0.13049834203153363,0.8966015752350472,0.1551051186614596,0.8767583844614074,-0.31745134876194925,1.1851013776026165,0.24057385963330308,1.7293774088245404,0.08393812868054072
event_driven,C5_qwen3,5,2024Q2,9,1749,-0.15428478053718547,0.27498869792267944,0.7842247564899923,0.8928907037645816,0.3720386104070928,-0.5199397159977993,2.136016162567703,0.03657051631801213,3.066872878189357,0.002196274508270269
event_driven,C5_qwen3,5,2024Q3,10,1472,-0.19556756674866377,1.248536484242866,0.21638268006893976,1.0520018710309806,0.2929714712186383,-0.5570600984023196,2.44481388617352,0.01725631031970293,3.3962151087679238,0.0007014543548914432
event_driven,C5_qwen3,5,2024Q4,11,1447,-0.3224863168188918,0.4547699591781793,0.6508379717044989,1.7432927235375772,0.08149503636361881,-0.7098060274348116,1.7206574146957474,0.0902214561604541,4.136219680902847,3.734003230388573e-05
event_driven,C5_qwen3,5,2025Q1,12,1624,-0.6367592835735175,1.8494122543450238,0.06932565606694814,2.8745652349433124,0.0040985626106045244,-0.8773687539488565,2.451245359543765,0.01716629778434136,4.563930538457826,5.398135276584237e-06
event_driven,C5_qwen3,5,2025Q2,13,1822,-0.4225179028290022,1.8276256528703871,0.07241864802823023,3.0294379637293702,0.002484554362015957,-0.5199992480936588,2.1547499823004057,0.03507384014794275,4.062103499226877,5.069697262434549e-05
event_driven,C5_qwen3,5,2025Q3,14,1470,-0.2696693163096885,1.8565869456084374,0.06797371636914668,1.241628137355189,0.21457200354474787,-0.47392873827186366,3.450738646333569,0.0009950320015054822,2.6187328295794203,0.00891649534997392
event_driven,C5_qwen3,5,2025Q4,15,1470,-0.12519360157600745,1.077629377357616,0.28566087833048337,0.5261097736287347,0.5988913534409689,-0.3394851215428088,1.5803917383776311,0.11945583250723679,1.7683016303648533,0.07721800942902578
event_driven,C5_qwen3,10,2022Q1,0,1625,0.14835597384068422,-0.00516104071733317,0.9958986741411425,-0.861285371277307,0.38920803589544645,-0.0816644830783744,1.6828563579418092,0.09743270981574731,0.9389277238424142,0.3479074754892625
event_driven,C5_qwen3,10,2022Q2,1,1739,0.3982488011454937,-0.19998229746722976,0.8421489218103663,-2.1298130352086253,0.033327198053790995,-0.04975669218761255,1.270150290756021,0.20877721422547296,0.5406523065764148,0.5888165363217158
event_driven,C5_qwen3,10,2022Q3,2,1417,-0.783445302631424,2.4965127074173212,0.015127614701293573,3.7659672177142363,0.00017270205226484672,-0.4902543559004402,2.9908028784770995,0.0039468156015620365,4.264314415494953,2.138005250562974e-05
event_driven,C5_qwen3,10,2022Q4,3,1458,0.28362458618226394,0.15529670836852166,0.8770919028509699,-1.6088799220247434,0.10785923848011088,0.035959938542799504,1.011453381148625,0.31573060028902955,-0.4144494610742796,0.6786059809341749
event_driven,C5_qwen3,10,2023Q1,4,1600,-0.16625359868893594,0.30456558457234106,0.7617170192540978,1.0871552389956205,0.2771320564864804,-0.23011284911913638,1.8199735560237895,0.0735909718348412,2.7629689013517225,0.0057934484063362985
event_driven,C5_qwen3,10,2023Q2,5,1790,-0.009585946822110059,0.34660989843220663,0.7300580436376094,0.06685945429795598,0.946701062382995,-0.14806857649764626,1.7661674375519896,0.08229064252151534,1.8900697318622408,0.05891015153022969
event_driven,C5_qwen3,10,2023Q3,6,1357,-0.3310709221766606,0.45300795829741014,0.6520993671100261,1.8279103440763131,0.06778263705517795,-0.22893253439922642,1.128637484205293,0.26333037675169857,2.328272521087202,0.020044065943801342
event_driven,C5_qwen3,10,2023Q4,7,1486,0.10168240028501899,0.0018859963818366522,0.9985011528836248,-0.6724908435621071,0.5013758891473467,-0.11945597303674517,1.0182785651326791,0.3124402053148873,1.4296372613792188,0.15303149344839007
event_driven,C5_qwen3,10,2024Q1,8,1568,0.05052810587188204,-0.6069733807304493,0.5461212585082171,-0.35384160385508195,0.7235051945571067,-0.07344832860234114,0.5310054540837997,0.5973431826049169,0.8969744515672674,0.36987033140605746
event_driven,C5_qwen3,10,2024Q2,9,1746,-0.24566981414668002,0.7718049577609202,0.44311546176168987,1.1388169710445002,0.25493581507764135,-0.31476764239629357,1.7323088871431465,0.08811210358321186,2.353956825368806,0.01868510416221129
event_driven,C5_qwen3,10,2024Q3,10,1471,-0.3087474807809791,1.3461262207216778,0.18301066021408863,1.749857862672909,0.08035148765771034,-0.3136725224844199,1.7602592340138536,0.08314180806705208,3.2107736374275238,0.0013524046807831091
event_driven,C5_qwen3,10,2024Q4,11,1445,-0.10177587431767124,0.849958862860224,0.3985665930209917,0.7584290890135996,0.44831791494449025,-0.2679226593680033,2.6409010692486805,0.0104132218165399,4.056376874156965,5.250374316055127e-05
event_driven,C5_qwen3,10,2025Q1,12,1623,-0.612644488046199,1.8125945089608748,0.07489810478252955,3.322464337104594,0.0009121089922506381,-0.4139290137581812,2.0931020685391184,0.04057616930568754,4.689252928526992,2.9718427170783483e-06
event_driven,C5_qwen3,10,2025Q2,13,1822,-0.14800444207269783,0.4404462128805096,0.6611457965572703,1.3429954035446916,0.1794408218394169,-0.10925370899048109,0.9762646978876035,0.3327272124376839,2.1863678669487303,0.028915604996290364
event_driven,C5_qwen3,10,2025Q3,14,1469,-0.2920546309598223,1.0814019803240258,0.28357634205606846,1.7477351608098417,0.08071896550514959,-0.20921423111756562,2.2446102586407872,0.028257468525780066,2.947950759117163,0.0032494260319495876
event_driven,C5_qwen3,10,2025Q4,15,1385,-0.0881504549990537,0.9395898776456802,0.3516905994274332,0.5201256125965572,0.6030592124480575,-0.12046028157047589,1.4554797186582098,0.15143452868599144,1.7016742597626686,0.08904104415226675
event_driven,C5_qwen3,20,2022Q1,0,1619,-0.11269926556822024,0.6796652901806242,0.4992462515294197,0.36333600526950627,0.7164013634183142,0.004715750409045505,-1.014453585856006,0.31430895952388704,-0.9983573049287773,0.3182554094030291
event_driven,C5_qwen3,20,2022Q2,1,1737,0.5223921561000788,-0.19229247252817092,0.848141567893777,-1.4734857516412598,0.14080139555882126,0.0011600911194441085,-1.080025943482986,0.2843141380959928,-0.29236261346571113,0.7700443265874425
event_driven,C5_qwen3,20,2022Q3,2,1413,-1.8669894724372227,3.422825510696901,0.001085320101261182,5.5320046826503955,3.7677752860331995e-08,0.023264275274192926,-2.3287663493399946,0.02304172357214333,-4.778693208126893,1.948456912746496e-06
event_driven,C5_qwen3,20,2022Q4,3,1457,-0.11309602208309472,0.12610123382587002,0.9000598309037309,0.33819703456441397,0.7352634681110142,0.006233637045491465,-0.7619267964883909,0.4489924772635081,-0.3524927056946456,0.724519804346506
event_driven,C5_qwen3,20,2023Q1,4,1600,-0.6150079114277152,0.3446077985724329,0.7315554662165946,2.3232129523558753,0.020292604701623813,0.037784768570888506,-1.1637200464391853,0.2489964251292069,-3.2905878290183024,0.001021547385120793
event_driven,C5_qwen3,20,2023Q2,5,1787,0.20352336090704318,-0.4822180090505417,0.6313491501783913,-0.9002995685829993,0.36808222610412955,0.009424595930609316,-0.4996299324151581,0.6191042098310372,-0.5474148670209281,0.5841621404345914
event_driven,C5_qwen3,20,2023Q3,6,1354,-1.1539606042280146,1.6444456521923232,0.10506555718758917,4.714426974692834,2.674295947623677e-06,0.06673611122916025,-1.8571019398384216,0.06797257520403567,-4.385296770610792,1.2480155381825452e-05
event_driven,C5_qwen3,20,2023Q4,7,1485,-0.1787105827476405,0.43491469352061707,0.6651105668223631,0.6707918284288543,0.5024575366092249,0.04767307051195265,-1.361817046387386,0.1781056439413915,-2.0813742663352155,0.037570738191170835
event_driven,C5_qwen3,20,2024Q1,8,1557,-0.5360293117442825,0.9591220177863189,0.34128354718105325,1.557505065499346,0.11955397548156617,0.05962706526902421,-1.218417100836113,0.22775695312214714,-1.8705583504274024,0.06159391585659869
event_driven,C5_qwen3,20,2024Q2,9,1742,-0.3175486917100033,0.5033278692487277,0.6164891204732661,1.0076967892663695,0.3137400759680284,0.08459879965437617,-1.1257736964070835,0.26453170448059277,-2.689752515101881,0.007218792307021312
event_driven,C5_qwen3,20,2024Q3,10,1471,-0.742468228534675,0.9947016757866993,0.32362741033472825,2.6858477028908125,0.007316041565491582,0.09186124503267537,-1.1957139132929786,0.23621976766034727,-3.1574412343679246,0.0016239428612120261
event_driven,C5_qwen3,20,2024Q4,11,1444,-0.01886958250786658,0.5901300282333773,0.5572143336933069,0.07562773949612443,0.9397257498859545,0.08508908252962973,-1.325117599097547,0.1899181497259076,-3.2717485862706073,0.001094100204444185
event_driven,C5_qwen3,20,2025Q1,12,1620,-1.4250680497450905,2.113677691006462,0.03870929441805828,4.729078731674758,2.45126981555541e-06,0.18757411698078177,-2.187991288496638,0.03257587376384507,-5.9270143616051865,3.762121846878296e-09
event_driven,C5_qwen3,20,2025Q2,13,1819,-0.09189282710238834,0.16520421843320252,0.8693207301407683,0.5052449395387364,0.6134480530865699,0.0365272618003442,-0.5360139611744051,0.5938667894116241,-0.9472869955946676,0.3436184483450656
event_driven,C5_qwen3,20,2025Q3,14,1468,-0.6191526701410558,0.6618215195494334,0.5104615903341803,1.8611332877270754,0.06292526507113613,0.16893217963633536,-1.2685710054936368,0.2091889589146533,-2.526444820043233,0.011626801721319002
event_driven,C5_qwen3,20,2025Q4,15,1159,-0.37911195240233597,0.7082752859645172,0.4825963396730309,1.3235484116809022,0.1859143043656403,0.13039886021261718,-0.9851369813199561,0.3300677377478616,-2.017760112604815,0.04384654092691448
