disclosure,horizon,challenger,baseline,dm_stat,p_raw,p_holm,better
long_form,5,A2_har_rv,A3_garch,-7.0977756961158684,1.3769837921164441e-12,2.2857930949132973e-10,True
long_form,5,A2_har_rv,A4_egarch,-3.4647923767134867,0.0005334412990719417,0.05974542549605748,False
long_form,5,A2_har_rv,A5_arima,-6.354647127964788,2.204113405989394e-10,3.4384169133434546e-08,True
long_form,5,A2_har_rv,B2_tfidf_ridge,-13.64436729719308,6.452686268682271e-42,1.8970897629925876e-39,True
long_form,5,A2_har_rv,C1_bert_s1,-16.545254055893146,1.7639147484828202e-60,6.491206274416778e-58,True
long_form,5,A2_har_rv,C1_bert_s2,-15.443203704951541,4.913714976421731e-53,1.660835662030545e-50,True
long_form,5,A2_har_rv,C2_finbert_s1,-14.451907056757713,9.511110872168199e-47,3.0245332573494873e-44,True
long_form,5,A2_har_rv,C2_finbert_s2,-16.13191972590675,1.2435115958905844e-57,4.4269012813704806e-55,True
long_form,5,A2_har_rv,C2_finbert_s3,-13.251951504219983,1.1558374184501074e-39,3.259461520029303e-37,True
long_form,5,A2_har_rv,C2_finbert_s4,-14.810530795708884,5.6096488938357825e-49,1.8175262416027936e-46,True
long_form,5,A2_har_rv,C3_roberta_s1,-16.26453068879756,1.5422293375668767e-58,5.582870201992094e-56,True
long_form,5,A2_har_rv,C4_longformer,-12.570395067593815,6.732981355769347e-36,1.844836891480801e-33,True
long_form,5,A2_har_rv,C5_qwen3,-11.047717980718124,3.602390171997812e-28,8.501640805914836e-26,True
long_form,5,A2_har_rv,C5_gteqwen2,-11.709524968707727,2.0612137275197256e-31,5.194258593349709e-29,True
long_form,5,A2_har_rv,C5_e5mistral,-11.040249883314255,3.909792061933268e-28,9.148913424923847e-26,True
long_form,5,A2_har_rv,D1_concat_mlp,-5.9391598533593895,2.9853596967542177e-09,4.239210769390989e-07,True
long_form,5,A2_har_rv,D2_gated_fusion,-9.803638080097063,1.4574138801261817e-22,3.060569148264982e-20,True
long_form,5,A2_har_rv,D3_qwen3,-10.523720493198523,9.91106592516415e-26,2.2200787672367694e-23,True
long_form,5,A2_har_rv,D3_gteqwen2,-6.115230260836779,1.0097259970315223e-09,1.4741999556660227e-07,True
long_form,5,A2_har_rv,D3_e5mistral,-9.93654268736383,3.9365682343209483e-23,8.34552465676041e-21,True
long_form,5,A3_garch,A2_har_rv,7.0977756961158684,1.3769837921164441e-12,2.2857930949132973e-10,False
long_form,5,A3_garch,A4_egarch,-0.5815083394108067,0.5609143861849968,1.0,False
long_form,5,A3_garch,A5_arima,2.628806638380722,0.008584989664596828,0.7211391318261335,False
long_form,5,A3_garch,B2_tfidf_ridge,1.5952539290737073,0.11069521259074848,1.0,False
long_form,5,A3_garch,C1_bert_s1,-0.2704986630873609,0.7867836671391515,1.0,False
long_form,5,A3_garch,C1_bert_s2,0.07885814085663698,0.937147442965523,1.0,False
long_form,5,A3_garch,C2_finbert_s1,0.8775752337900055,0.38020079340677637,1.0,False
long_form,5,A3_garch,C2_finbert_s2,-0.19360273305262488,0.846491904071569,1.0,False
long_form,5,A3_garch,C2_finbert_s3,1.4580915306439612,0.14485481737495504,1.0,False
long_form,5,A3_garch,C2_finbert_s4,0.592531829930554,0.5535113652426138,1.0,False
long_form,5,A3_garch,C3_roberta_s1,-0.2730182356357212,0.7848462893211067,1.0,False
long_form,5,A3_garch,C4_longformer,1.5305866852517493,0.125911362101174,1.0,False
long_form,5,A3_garch,C5_qwen3,3.401481969933706,0.0006735174309830765,0.07408691740813841,False
long_form,5,A3_garch,C5_gteqwen2,3.285913911523242,0.0010209254637008514,0.11025995007969194,False
long_form,5,A3_garch,C5_e5mistral,2.713205557275042,0.006677929452895714,0.5743019329490314,False
long_form,5,A3_garch,D1_concat_mlp,6.322652646212349,2.709881452488127e-10,4.119019807781953e-08,False
long_form,5,A3_garch,D2_gated_fusion,5.225244976164141,1.7834164759508505e-07,2.2827730892170886e-05,False
long_form,5,A3_garch,D3_qwen3,5.491903702692395,4.098987584253876e-08,5.410663611215116e-06,False
long_form,5,A3_garch,D3_gteqwen2,6.120481668844341,9.771535693816174e-10,1.4461872826847937e-07,False
long_form,5,A3_garch,D3_e5mistral,5.778111462902569,7.839315439958428e-09,1.081825530714263e-06,False
long_form,5,A4_egarch,A2_har_rv,3.4647923767134867,0.0005334412990719417,0.05974542549605748,False
long_form,5,A4_egarch,A3_garch,0.5815083394108067,0.5609143861849968,1.0,False
long_form,5,A4_egarch,A5_arima,1.668043347551451,0.09534650395421373,1.0,False
long_form,5,A4_egarch,B2_tfidf_ridge,1.2973239309574864,0.19455739859084667,1.0,False
long_form,5,A4_egarch,C1_bert_s1,0.43426598604492284,0.6641070860716091,1.0,False
long_form,5,A4_egarch,C1_bert_s2,0.5986772238646567,0.5494052051675673,1.0,False
long_form,5,A4_egarch,C2_finbert_s1,0.9726978035120528,0.33073311098740066,1.0,False
long_form,5,A4_egarch,C2_finbert_s2,0.47016999407071186,0.6382464672013453,1.0,False
long_form,5,A4_egarch,C2_finbert_s3,1.2401497906781915,0.21495659652941057,1.0,False
long_form,5,A4_egarch,C2_finbert_s4,0.8406277784267417,0.4005817732091323,1.0,False
long_form,5,A4_egarch,C3_roberta_s1,0.43159852494751355,0.6660449343601638,1.0,False
long_form,5,A4_egarch,C4_longformer,1.2777706121577037,0.20136762852970697,1.0,False
long_form,5,A4_egarch,C5_qwen3,2.0860998748740553,0.03700137528204282,1.0,False
long_form,5,A4_egarch,C5_gteqwen2,2.0274846073222603,0.04264617015489904,1.0,False
long_form,5,A4_egarch,C5_e5mistral,1.807474392456853,0.07072612698837263,1.0,False
long_form,5,A4_egarch,D1_concat_mlp,3.2198464081559512,0.0012877483520991244,0.13392582861830893,False
long_form,5,A4_egarch,D2_gated_fusion,2.814104048964393,0.004903356654730436,0.43149538561627837,False
long_form,5,A4_egarch,D3_qwen3,2.888351692130248,0.003883121844873589,0.35724720972837015,False
long_form,5,A4_egarch,D3_gteqwen2,3.150864691077755,0.0016339198952405047,0.1666598293145315,False
long_form,5,A4_egarch,D3_e5mistral,2.9936345588455215,0.0027652385791359945,0.27652385791359946,False
long_form,5,A5_arima,A2_har_rv,6.354647127964788,2.204113405989394e-10,3.4384169133434546e-08,False
long_form,5,A5_arima,A3_garch,-2.628806638380722,0.008584989664596828,0.7211391318261335,False
long_form,5,A5_arima,A4_egarch,-1.668043347551451,0.09534650395421373,1.0,False
long_form,5,A5_arima,B2_tfidf_ridge,-0.7727496648114209,0.439693520814335,1.0,False
long_form,5,A5_arima,C1_bert_s1,-2.936258589723909,0.0033314944705014914,0.32648645810914617,False
long_form,5,A5_arima,C1_bert_s2,-2.4912855684349493,0.012748410464018116,1.0,False
long_form,5,A5_arima,C2_finbert_s1,-1.5820686064397644,0.11367368863142216,1.0,False
long_form,5,A5_arima,C2_finbert_s2,-2.8233075533286156,0.004764911484504186,0.42884203360537676,False
long_form,5,A5_arima,C2_finbert_s3,-0.9021064635184999,0.3670276452903319,1.0,False
long_form,5,A5_arima,C2_finbert_s4,-1.9065367549627015,0.056616618703172285,1.0,False
long_form,5,A5_arima,C3_roberta_s1,-2.9124691516084833,0.0035958144861914934,0.3451981906743834,False
long_form,5,A5_arima,C4_longformer,-0.7855629215195034,0.4321470050098527,1.0,False
long_form,5,A5_arima,C5_qwen3,1.3860968145201744,0.16575621761642695,1.0,False
long_form,5,A5_arima,C5_gteqwen2,1.22442309602708,0.2208289423390741,1.0,False
long_form,5,A5_arima,C5_e5mistral,0.5985325876735132,0.5495016736500242,1.0,False
long_form,5,A5_arima,D1_concat_mlp,5.192784765164238,2.1230631275702759e-07,2.6750595407385477e-05,False
long_form,5,A5_arima,D2_gated_fusion,3.7267695532098775,0.00019529487375572713,0.022263615608152893,False
long_form,5,A5_arima,D3_qwen3,4.1066408655920785,4.0547701534933474e-05,0.004703533378052283,False
long_form,5,A5_arima,D3_gteqwen2,4.9123666428960435,9.177997861685541e-07,0.00011197157391256361,False
long_form,5,A5_arima,D3_e5mistral,4.485882674652989,7.36330473815969e-06,0.0008688699591028433,False
long_form,5,B2_tfidf_ridge,A2_har_rv,13.64436729719308,6.452686268682271e-42,1.8970897629925876e-39,False
long_form,5,B2_tfidf_ridge,A3_garch,-1.5952539290737073,0.11069521259074848,1.0,False
long_form,5,B2_tfidf_ridge,A4_egarch,-1.2973239309574864,0.19455739859084667,1.0,False
long_form,5,B2_tfidf_ridge,A5_arima,0.7727496648114209,0.439693520814335,1.0,False
long_form,5,B2_tfidf_ridge,C1_bert_s1,-14.135681350013533,7.968110114325339e-45,2.438241694983554e-42,True
long_form,5,B2_tfidf_ridge,C1_bert_s2,-11.606727464478096,6.753909265415259e-31,1.6884773163538147e-28,True
long_form,5,B2_tfidf_ridge,C2_finbert_s1,-5.512021782753199,3.658442262340659e-08,4.902312631536483e-06,True
long_form,5,B2_tfidf_ridge,C2_finbert_s2,-13.891370311206398,2.289284979910684e-43,6.867854939732052e-41,True
long_form,5,B2_tfidf_ridge,C2_finbert_s3,-1.0728199250742987,0.2833844825499845,1.0,False
long_form,5,B2_tfidf_ridge,C2_finbert_s4,-8.297534995838886,1.2380378729209353e-16,2.377032716008196e-14,True
long_form,5,B2_tfidf_ridge,C3_roberta_s1,-13.815640965558442,6.410317404206243e-43,1.9102745864534605e-40,True
long_form,5,B2_tfidf_ridge,C4_longformer,-0.25484933046463804,0.7988460646238715,1.0,False
long_form,5,B2_tfidf_ridge,C5_qwen3,7.605228278852482,3.169289724701934e-14,5.704721504463481e-12,False
long_form,5,B2_tfidf_ridge,C5_gteqwen2,6.140795708279234,8.605316546883178e-10,1.2907974820324767e-07,False
long_form,5,B2_tfidf_ridge,C5_e5mistral,7.180048560908432,7.597696480405962e-13,1.2764130087082017e-10,False
long_form,5,B2_tfidf_ridge,D1_concat_mlp,14.863921538941264,2.5862089283002463e-49,8.431041106258803e-47,False
long_form,5,B2_tfidf_ridge,D2_gated_fusion,14.242953960868642,1.7925135124546444e-45,5.592642158858491e-43,False
long_form,5,B2_tfidf_ridge,D3_qwen3,11.710853570727833,2.029705464049903e-31,5.155451878686754e-29,False
long_form,5,B2_tfidf_ridge,D3_gteqwen2,14.950298365242098,7.349097054934457e-50,2.410503834018502e-47,False
long_form,5,B2_tfidf_ridge,D3_e5mistral,12.3389581613328,1.1585210960502935e-34,3.1280069593357926e-32,False
long_form,5,C1_bert_s1,A2_har_rv,16.545254055893146,1.7639147484828202e-60,6.491206274416778e-58,False
long_form,5,C1_bert_s1,A3_garch,0.2704986630873609,0.7867836671391515,1.0,False
long_form,5,C1_bert_s1,A4_egarch,-0.43426598604492284,0.6641070860716091,1.0,False
long_form,5,C1_bert_s1,A5_arima,2.936258589723909,0.0033314944705014914,0.32648645810914617,False
long_form,5,C1_bert_s1,B2_tfidf_ridge,14.135681350013533,7.968110114325339e-45,2.438241694983554e-42,False
long_form,5,C1_bert_s1,C1_bert_s2,5.446876303690917,5.279414541098235e-08,6.863238903427706e-06,False
long_form,5,C1_bert_s1,C2_finbert_s1,18.68266749152956,2.8957088590393724e-76,1.1756577967699853e-73,False
long_form,5,C1_bert_s1,C2_finbert_s2,1.2832904916419485,0.19942772893414842,1.0,False
long_form,5,C1_bert_s1,C2_finbert_s3,17.92553427851607,1.7952896781819155e-70,6.9657239513458325e-68,False
long_form,5,C1_bert_s1,C2_finbert_s4,11.996367187786824,7.128779636039536e-33,1.8819978239144376e-30,False
long_form,5,C1_bert_s1,C3_roberta_s1,-0.06511458301296381,0.9480844067063827,1.0,False
long_form,5,C1_bert_s1,C4_longformer,19.111272736955293,1.2192891156120076e-79,4.999085374009231e-77,False
long_form,5,C1_bert_s1,C5_qwen3,14.545514444467816,2.5193644529071943e-47,8.061966249303021e-45,False
long_form,5,C1_bert_s1,C5_gteqwen2,12.205254204005588,5.859235130729625e-34,1.5702750150355396e-31,False
long_form,5,C1_bert_s1,C5_e5mistral,20.49139608853261,5.588864559490666e-91,2.324967656748117e-88,False
long_form,5,C1_bert_s1,D1_concat_mlp,18.0566091979555,1.8494227015504284e-71,7.249736990077679e-69,False
long_form,5,C1_bert_s1,D2_gated_fusion,18.328789796995828,1.5714353529436416e-73,6.317170118833439e-71,False
long_form,5,C1_bert_s1,D3_qwen3,15.530369499962529,1.3181475958560866e-53,4.508064777827816e-51,False
long_form,5,C1_bert_s1,D3_gteqwen2,18.2840681651789,3.4552581857977885e-73,1.3821032743191153e-70,False
long_form,5,C1_bert_s1,D3_e5mistral,15.981601299401948,1.2997352244970969e-56,4.575067990229781e-54,False
long_form,5,C1_bert_s2,A2_har_rv,15.443203704951541,4.913714976421731e-53,1.660835662030545e-50,False
long_form,5,C1_bert_s2,A3_garch,-0.07885814085663698,0.937147442965523,1.0,False
long_form,5,C1_bert_s2,A4_egarch,-0.5986772238646567,0.5494052051675673,1.0,False
long_form,5,C1_bert_s2,A5_arima,2.4912855684349493,0.012748410464018116,1.0,False
long_form,5,C1_bert_s2,B2_tfidf_ridge,11.606727464478096,6.753909265415259e-31,1.6884773163538147e-28,False
long_form,5,C1_bert_s2,C1_bert_s1,-5.446876303690917,5.279414541098235e-08,6.863238903427706e-06,True
long_form,5,C1_bert_s2,C2_finbert_s1,13.251824382185175,1.1577547821593519e-39,3.259461520029303e-37,False
long_form,5,C1_bert_s2,C2_finbert_s2,-8.27767445556411,1.4608594622019882e-16,2.7464157889397378e-14,True
long_form,5,C1_bert_s2,C2_finbert_s3,15.848014922611215,1.0283999428757329e-55,3.599399800065065e-53,False
long_form,5,C1_bert_s2,C2_finbert_s4,10.412745254220065,3.149543276890136e-25,6.866004343620497e-23,False
long_form,5,C1_bert_s2,C3_roberta_s1,-5.682468045873655,1.3745273233856037e-08,1.869357159804421e-06,True
long_form,5,C1_bert_s2,C4_longformer,18.617565757914885,9.298141798053338e-76,3.756449286413548e-73,False
long_form,5,C1_bert_s2,C5_qwen3,13.288052190003908,7.214578475947157e-40,2.063369444120887e-37,False
long_form,5,C1_bert_s2,C5_gteqwen2,11.031190718911002,4.317798800498957e-28,1.001729321715758e-25,False
long_form,5,C1_bert_s2,C5_e5mistral,19.320624690180168,2.5824822893503864e-81,1.0639827032123592e-78,False
long_form,5,C1_bert_s2,D1_concat_mlp,16.83211620650856,1.7004907692411919e-62,6.29181584619241e-60,False
long_form,5,C1_bert_s2,D2_gated_fusion,16.86214445084652,1.0415988905734196e-62,3.874747872933121e-60,False
long_form,5,C1_bert_s2,D3_qwen3,14.172677146762513,4.7690622916569615e-45,1.468871185830344e-42,False
long_form,5,C1_bert_s2,D3_gteqwen2,16.898232586404028,5.773027526056416e-63,2.1591122947450995e-60,False
long_form,5,C1_bert_s2,D3_e5mistral,14.675276663051061,3.942133168404819e-48,1.2693668802263517e-45,False
long_form,5,C2_finbert_s1,A2_har_rv,14.451907056757713,9.511110872168199e-47,3.0245332573494873e-44,False
long_form,5,C2_finbert_s1,A3_garch,-0.8775752337900055,0.38020079340677637,1.0,False
long_form,5,C2_finbert_s1,A4_egarch,-0.9726978035120528,0.33073311098740066,1.0,False
long_form,5,C2_finbert_s1,A5_arima,1.5820686064397644,0.11367368863142216,1.0,False
long_form,5,C2_finbert_s1,B2_tfidf_ridge,5.512021782753199,3.658442262340659e-08,4.902312631536483e-06,False
long_form,5,C2_finbert_s1,C1_bert_s1,-18.68266749152956,2.8957088590393724e-76,1.1756577967699853e-73,True
long_form,5,C2_finbert_s1,C1_bert_s2,-13.251824382185175,1.1577547821593519e-39,3.259461520029303e-37,True
long_form,5,C2_finbert_s1,C2_finbert_s2,-18.091867785008898,1.0008927845712073e-71,3.963535426901981e-69,True
long_form,5,C2_finbert_s1,C2_finbert_s3,5.989909836192274,2.1909169375151996e-09,3.1549203900218875e-07,False
long_form,5,C2_finbert_s1,C2_finbert_s4,-4.5976930217446865,4.337950197163001e-06,0.0005205540236595601,True
long_form,5,C2_finbert_s1,C3_roberta_s1,-17.127438721490694,1.3236773167914407e-64,5.003500257471646e-62,True
long_form,5,C2_finbert_s1,C4_longformer,7.599736949898109,3.305698972535013e-14,5.8841441711123234e-12,False
long_form,5,C2_finbert_s1,C5_qwen3,11.225171758992419,5.067728572274999e-29,1.2365257716350997e-26,False
long_form,5,C2_finbert_s1,C5_gteqwen2,8.984269404752416,3.208498649653796e-19,6.352827326314517e-17,False
long_form,5,C2_finbert_s1,C5_e5mistral,16.278359939214884,1.2394197065175199e-58,4.5114877317237725e-56,False
long_form,5,C2_finbert_s1,D1_concat_mlp,15.693965246897816,1.0948571867875978e-54,3.788205866285089e-52,False
long_form,5,C2_finbert_s1,D2_gated_fusion,15.442693842916988,4.951578960080741e-53,1.663730530587129e-50,False
long_form,5,C2_finbert_s1,D3_qwen3,12.868724072247609,1.5967586007431798e-37,4.43898891006604e-35,False
long_form,5,C2_finbert_s1,D3_gteqwen2,15.764688336071085,3.706294455086708e-55,1.2897904703701744e-52,False
long_form,5,C2_finbert_s1,D3_e5mistral,13.428509902644734,1.1397988525773189e-40,3.3054166724742247e-38,False
long_form,5,C2_finbert_s2,A2_har_rv,16.13191972590675,1.2435115958905844e-57,4.4269012813704806e-55,False
long_form,5,C2_finbert_s2,A3_garch,0.19360273305262488,0.846491904071569,1.0,False
long_form,5,C2_finbert_s2,A4_egarch,-0.47016999407071186,0.6382464672013453,1.0,False
long_form,5,C2_finbert_s2,A5_arima,2.8233075533286156,0.004764911484504186,0.42884203360537676,False
long_form,5,C2_finbert_s2,B2_tfidf_ridge,13.891370311206398,2.289284979910684e-43,6.867854939732052e-41,False
long_form,5,C2_finbert_s2,C1_bert_s1,-1.2832904916419485,0.19942772893414842,1.0,False
long_form,5,C2_finbert_s2,C1_bert_s2,8.27767445556411,1.4608594622019882e-16,2.7464157889397378e-14,False
long_form,5,C2_finbert_s2,C2_finbert_s1,18.091867785008898,1.0008927845712073e-71,3.963535426901981e-69,False
long_form,5,C2_finbert_s2,C2_finbert_s3,18.958478697144894,1.983682632572348e-78,8.09342514089518e-76,False
long_form,5,C2_finbert_s2,C2_finbert_s4,15.426072758613207,6.358649277910164e-53,2.123788858821995e-50,False
long_form,5,C2_finbert_s2,C3_roberta_s1,-1.309054342392124,0.19055377893353148,1.0,False
long_form,5,C2_finbert_s2,C4_longformer,21.088682235105587,4.176215652751093e-96,1.754010574155459e-93,False
long_form,5,C2_finbert_s2,C5_qwen3,14.22776980797006,2.2153886340551988e-45,6.867704765571116e-43,False
long_form,5,C2_finbert_s2,C5_gteqwen2,11.885155545963272,2.65151860848333e-32,6.946978754226324e-30,False
long_form,5,C2_finbert_s2,C5_e5mistral,20.67470940669744,1.541419639263441e-92,6.443134092121183e-90,False
long_form,5,C2_finbert_s2,D1_concat_mlp,17.635628058202666,2.5937826964084446e-68,9.85637424635209e-66,False
long_form,5,C2_finbert_s2,D2_gated_fusion,17.8404910624437,7.781314373661476e-70,3.00358734823333e-67,False
long_form,5,C2_finbert_s2,D3_qwen3,15.049394217118921,1.7206429296558265e-50,5.678121667864228e-48,False
long_form,5,C2_finbert_s2,D3_gteqwen2,17.779311936016423,2.2260108613533902e-69,8.503361490369951e-67,False
long_form,5,C2_finbert_s2,D3_e5mistral,15.527902595123333,1.3682894184475616e-53,4.652184022721709e-51,False
long_form,5,C2_finbert_s3,A2_har_rv,13.251951504219983,1.1558374184501074e-39,3.259461520029303e-37,False
long_form,5,C2_finbert_s3,A3_garch,-1.4580915306439612,0.14485481737495504,1.0,False
long_form,5,C2_finbert_s3,A4_egarch,-1.2401497906781915,0.21495659652941057,1.0,False
long_form,5,C2_finbert_s3,A5_arima,0.9021064635184999,0.3670276452903319,1.0,False
long_form,5,C2_finbert_s3,B2_tfidf_ridge,1.0728199250742987,0.2833844825499845,1.0,False
long_form,5,C2_finbert_s3,C1_bert_s1,-17.92553427851607,1.7952896781819155e-70,6.9657239513458325e-68,True
long_form,5,C2_finbert_s3,C1_bert_s2,-15.848014922611215,1.0283999428757329e-55,3.599399800065065e-53,True
long_form,5,C2_finbert_s3,C2_finbert_s1,-5.989909836192274,2.1909169375151996e-09,3.1549203900218875e-07,True
long_form,5,C2_finbert_s3,C2_finbert_s2,-18.958478697144894,1.983682632572348e-78,8.09342514089518e-76,True
long_form,5,C2_finbert_s3,C2_finbert_s4,-10.800739389027544,5.254407512976172e-27,1.187496097932615e-24,True
long_form,5,C2_finbert_s3,C3_roberta_s1,-17.050379635605214,4.734753609764448e-64,1.7802673572714323e-61,True
long_form,5,C2_finbert_s3,C4_longformer,1.1218343476885788,0.2619667610070745,1.0,False
long_form,5,C2_finbert_s3,C5_qwen3,8.423252967443823,4.3047438981884126e-17,8.35120316248552e-15,False
long_form,5,C2_finbert_s3,C5_gteqwen2,6.795286015210971,1.158965654116792e-11,1.877524359669203e-09,False
long_form,5,C2_finbert_s3,C5_e5mistral,9.259035959065464,2.6088245699094123e-20,5.2176491398188245e-18,False
long_form,5,C2_finbert_s3,D1_concat_mlp,14.390531312245768,2.2626389299029637e-46,7.149939018493365e-44,False
long_form,5,C2_finbert_s3,D2_gated_fusion,13.688193675047957,3.5830019556785504e-42,1.060568578880851e-39,False
long_form,5,C2_finbert_s3,D3_qwen3,11.140638609675468,1.2947521253941648e-28,3.107405100945996e-26,False
long_form,5,C2_finbert_s3,D3_gteqwen2,14.244145343684707,1.7629540308602707e-45,5.53567565690125e-43,False
long_form,5,C2_finbert_s3,D3_e5mistral,11.785235965903901,8.545501174128676e-32,2.2047393029251983e-29,False
long_form,5,C2_finbert_s4,A2_har_rv,14.810530795708884,5.6096488938357825e-49,1.8175262416027936e-46,False
long_form,5,C2_finbert_s4,A3_garch,-0.592531829930554,0.5535113652426138,1.0,False
long_form,5,C2_finbert_s4,A4_egarch,-0.8406277784267417,0.4005817732091323,1.0,False
long_form,5,C2_finbert_s4,A5_arima,1.9065367549627015,0.056616618703172285,1.0,False
long_form,5,C2_finbert_s4,B2_tfidf_ridge,8.297534995838886,1.2380378729209353e-16,2.377032716008196e-14,False
long_form,5,C2_finbert_s4,C1_bert_s1,-11.996367187786824,7.128779636039536e-33,1.8819978239144376e-30,True
long_form,5,C2_finbert_s4,C1_bert_s2,-10.412745254220065,3.149543276890136e-25,6.866004343620497e-23,True
long_form,5,C2_finbert_s4,C2_finbert_s1,4.5976930217446865,4.337950197163001e-06,0.0005205540236595601,False
long_form,5,C2_finbert_s4,C2_finbert_s2,-15.426072758613207,6.358649277910164e-53,2.123788858821995e-50,True
long_form,5,C2_finbert_s4,C2_finbert_s3,10.800739389027544,5.254407512976172e-27,1.187496097932615e-24,False
long_form,5,C2_finbert_s4,C3_roberta_s1,-12.04465288022807,4.015616424556756e-33,1.068153968932097e-30,True
long_form,5,C2_finbert_s4,C4_longformer,11.137140917355785,1.3457954943683526e-28,3.202993276596679e-26,False
long_form,5,C2_finbert_s4,C5_qwen3,11.736147683672979,1.5133170722668806e-31,3.8740917050032145e-29,False
long_form,5,C2_finbert_s4,C5_gteqwen2,9.592593851177133,1.1251810967701282e-21,2.2953694374110616e-19,False
long_form,5,C2_finbert_s4,C5_e5mistral,16.526261891725916,2.3922762680519036e-60,8.755731141069967e-58,False
long_form,5,C2_finbert_s4,D1_concat_mlp,16.20666470416863,3.841989948117989e-58,1.3831163813224761e-55,False
long_form,5,C2_finbert_s4,D2_gated_fusion,16.07903537362365,2.8459888079304344e-57,1.0074800380073737e-54,False
long_form,5,C2_finbert_s4,D3_qwen3,13.337933599645996,3.7542584641883465e-40,1.0812264376862438e-37,False
long_form,5,C2_finbert_s4,D3_gteqwen2,16.201403473834993,4.173812076162683e-58,1.4942247232662406e-55,False
long_form,5,C2_finbert_s4,D3_e5mistral,13.898052568344768,2.08992495826376e-43,6.311573373956556e-41,False
long_form,5,C3_roberta_s1,A2_har_rv,16.26453068879756,1.5422293375668767e-58,5.582870201992094e-56,False
long_form,5,C3_roberta_s1,A3_garch,0.2730182356357212,0.7848462893211067,1.0,False
long_form,5,C3_roberta_s1,A4_egarch,-0.43159852494751355,0.6660449343601638,1.0,False
long_form,5,C3_roberta_s1,A5_arima,2.9124691516084833,0.0035958144861914934,0.3451981906743834,False
long_form,5,C3_roberta_s1,B2_tfidf_ridge,13.815640965558442,6.410317404206243e-43,1.9102745864534605e-40,False
long_form,5,C3_roberta_s1,C1_bert_s1,0.06511458301296381,0.9480844067063827,1.0,False
long_form,5,C3_roberta_s1,C1_bert_s2,5.682468045873655,1.3745273233856037e-08,1.869357159804421e-06,False
long_form,5,C3_roberta_s1,C2_finbert_s1,17.127438721490694,1.3236773167914407e-64,5.003500257471646e-62,False
long_form,5,C3_roberta_s1,C2_finbert_s2,1.309054342392124,0.19055377893353148,1.0,False
long_form,5,C3_roberta_s1,C2_finbert_s3,17.050379635605214,4.734753609764448e-64,1.7802673572714323e-61,False
long_form,5,C3_roberta_s1,C2_finbert_s4,12.04465288022807,4.015616424556756e-33,1.068153968932097e-30,False
long_form,5,C3_roberta_s1,C4_longformer,18.218888267682566,1.0860045212135493e-72,4.322297994429926e-70,False
long_form,5,C3_roberta_s1,C5_qwen3,14.065798731493972,2.0938438676820212e-44,6.365285357753344e-42,False
long_form,5,C3_roberta_s1,C5_gteqwen2,11.86889116542401,3.209977294328544e-32,8.345940965254215e-30,False
long_form,5,C3_roberta_s1,C5_e5mistral,19.384403153236743,7.920565699670894e-82,3.27911419966375e-79,False
long_form,5,C3_roberta_s1,D1_concat_mlp,17.814723488113884,1.2119569988284532e-69,4.653914875501261e-67,False
long_form,5,C3_roberta_s1,D2_gated_fusion,18.084628313915722,1.135470955980285e-71,4.4737555665623225e-69,False
long_form,5,C3_roberta_s1,D3_qwen3,15.23135153665471,1.1688427079078458e-51,3.880557790254048e-49,False
long_form,5,C3_roberta_s1,D3_gteqwen2,17.940235539439357,1.3923560158013052e-70,5.4301884616250905e-68,False
long_form,5,C3_roberta_s1,D3_e5mistral,15.690727993127906,1.1503845140730198e-54,3.957322728411188e-52,False
long_form,5,C4_longformer,A2_har_rv,12.570395067593815,6.732981355769347e-36,1.844836891480801e-33,False
long_form,5,C4_longformer,A3_garch,-1.5305866852517493,0.125911362101174,1.0,False
long_form,5,C4_longformer,A4_egarch,-1.2777706121577037,0.20136762852970697,1.0,False
long_form,5,C4_longformer,A5_arima,0.7855629215195034,0.4321470050098527,1.0,False
long_form,5,C4_longformer,B2_tfidf_ridge,0.25484933046463804,0.7988460646238715,1.0,False
long_form,5,C4_longformer,C1_bert_s1,-19.111272736955293,1.2192891156120076e-79,4.999085374009231e-77,True
long_form,5,C4_longformer,C1_bert_s2,-18.617565757914885,9.298141798053338e-76,3.756449286413548e-73,True
long_form,5,C4_longformer,C2_finbert_s1,-7.599736949898109,3.305698972535013e-14,5.8841441711123234e-12,True
long_form,5,C4_longformer,C2_finbert_s2,-21.088682235105587,4.176215652751093e-96,1.754010574155459e-93,True
long_form,5,C4_longformer,C2_finbert_s3,-1.1218343476885788,0.2619667610070745,1.0,False
long_form,5,C4_longformer,C2_finbert_s4,-11.137140917355785,1.3457954943683526e-28,3.202993276596679e-26,True
long_form,5,C4_longformer,C3_roberta_s1,-18.218888267682566,1.0860045212135493e-72,4.322297994429926e-70,True
long_form,5,C4_longformer,C5_qwen3,8.279947807866575,1.433473301761087e-16,2.7235992733460654e-14,False
long_form,5,C4_longformer,C5_gteqwen2,6.561998495955011,5.6417831801795104e-11,8.914017424683627e-09,False
long_form,5,C4_longformer,C5_e5mistral,9.668083937821029,5.442994892145099e-22,1.1212569477818904e-19,False
long_form,5,C4_longformer,D1_concat_mlp,13.493600087826348,4.816772058285114e-41,1.4064974410192533e-38,False
long_form,5,C4_longformer,D2_gated_fusion,12.59783007411501,4.789398239767917e-36,1.321873914175945e-33,False
long_form,5,C4_longformer,D3_qwen3,10.371717229749553,4.815022630746762e-25,1.0400448882413007e-22,False
long_form,5,C4_longformer,D3_gteqwen2,13.265361770379489,9.7033993754938e-40,2.7557654226402393e-37,False
long_form,5,C4_longformer,D3_e5mistral,10.985636577621047,7.104336921570766e-28,1.633997491961276e-25,False
long_form,5,C5_qwen3,A2_har_rv,11.047717980718124,3.602390171997812e-28,8.501640805914836e-26,False
long_form,5,C5_qwen3,A3_garch,-3.401481969933706,0.0006735174309830765,0.07408691740813841,False
long_form,5,C5_qwen3,A4_egarch,-2.0860998748740553,0.03700137528204282,1.0,False
long_form,5,C5_qwen3,A5_arima,-1.3860968145201744,0.16575621761642695,1.0,False
long_form,5,C5_qwen3,B2_tfidf_ridge,-7.605228278852482,3.169289724701934e-14,5.704721504463481e-12,True
long_form,5,C5_qwen3,C1_bert_s1,-14.545514444467816,2.5193644529071943e-47,8.061966249303021e-45,True
long_form,5,C5_qwen3,C1_bert_s2,-13.288052190003908,7.214578475947157e-40,2.063369444120887e-37,True
long_form,5,C5_qwen3,C2_finbert_s1,-11.225171758992419,5.067728572274999e-29,1.2365257716350997e-26,True
long_form,5,C5_qwen3,C2_finbert_s2,-14.22776980797006,2.2153886340551988e-45,6.867704765571116e-43,True
long_form,5,C5_qwen3,C2_finbert_s3,-8.423252967443823,4.3047438981884126e-17,8.35120316248552e-15,True
long_form,5,C5_qwen3,C2_finbert_s4,-11.736147683672979,1.5133170722668806e-31,3.8740917050032145e-29,True
long_form,5,C5_qwen3,C3_roberta_s1,-14.065798731493972,2.0938438676820212e-44,6.365285357753344e-42,True
long_form,5,C5_qwen3,C4_longformer,-8.279947807866575,1.433473301761087e-16,2.7235992733460654e-14,True
long_form,5,C5_qwen3,C5_gteqwen2,-2.3632167938980144,0.018140997225962234,1.0,False
long_form,5,C5_qwen3,C5_e5mistral,-5.013040682329474,5.473395107586479e-07,6.787009933407234e-05,True
long_form,5,C5_qwen3,D1_concat_mlp,10.89161825759443,1.9731514346642113e-27,4.498785271034402e-25,False
long_form,5,C5_qwen3,D2_gated_fusion,7.551659015448751,4.7748292388570734e-14,8.40369946038845e-12,False
long_form,5,C5_qwen3,D3_qwen3,6.3425031583908,2.3841715025715144e-10,3.671624113960132e-08,False
long_form,5,C5_qwen3,D3_gteqwen2,10.104239361126364,7.368828710148244e-24,1.5769293439717243e-21,False
long_form,5,C5_qwen3,D3_e5mistral,7.267025078603663,4.023387355952045e-13,6.839758505118476e-11,False
long_form,5,C5_gteqwen2,A2_har_rv,11.709524968707727,2.0612137275197256e-31,5.194258593349709e-29,False
long_form,5,C5_gteqwen2,A3_garch,-3.285913911523242,0.0010209254637008514,0.11025995007969194,False
long_form,5,C5_gteqwen2,A4_egarch,-2.0274846073222603,0.04264617015489904,1.0,False
long_form,5,C5_gteqwen2,A5_arima,-1.22442309602708,0.2208289423390741,1.0,False
long_form,5,C5_gteqwen2,B2_tfidf_ridge,-6.140795708279234,8.605316546883178e-10,1.2907974820324767e-07,True
long_form,5,C5_gteqwen2,C1_bert_s1,-12.205254204005588,5.859235130729625e-34,1.5702750150355396e-31,True
long_form,5,C5_gteqwen2,C1_bert_s2,-11.031190718911002,4.317798800498957e-28,1.001729321715758e-25,True
long_form,5,C5_gteqwen2,C2_finbert_s1,-8.984269404752416,3.208498649653796e-19,6.352827326314517e-17,True
long_form,5,C5_gteqwen2,C2_finbert_s2,-11.885155545963272,2.65151860848333e-32,6.946978754226324e-30,True
long_form,5,C5_gteqwen2,C2_finbert_s3,-6.795286015210971,1.158965654116792e-11,1.877524359669203e-09,True
long_form,5,C5_gteqwen2,C2_finbert_s4,-9.592593851177133,1.1251810967701282e-21,2.2953694374110616e-19,True
long_form,5,C5_gteqwen2,C3_roberta_s1,-11.86889116542401,3.209977294328544e-32,8.345940965254215e-30,True
long_form,5,C5_gteqwen2,C4_longformer,-6.561998495955011,5.6417831801795104e-11,8.914017424683627e-09,True
long_form,5,C5_gteqwen2,C5_qwen3,2.3632167938980144,0.018140997225962234,1.0,False
long_form,5,C5_gteqwen2,C5_e5mistral,-2.9058387995074058,0.0036728090169792873,0.345244047596053,False
long_form,5,C5_gteqwen2,D1_concat_mlp,11.293101629513135,2.3731505976658258e-29,5.8379504702579315e-27,False
long_form,5,C5_gteqwen2,D2_gated_fusion,7.704673929580906,1.470113534154858e-14,2.6756066321618414e-12,False
long_form,5,C5_gteqwen2,D3_qwen3,6.579611230871931,5.015540932396187e-11,8.0248654918339e-09,False
long_form,5,C5_gteqwen2,D3_gteqwen2,10.43747350416414,2.4366916398496354e-25,5.360721607669198e-23,False
long_form,5,C5_gteqwen2,D3_e5mistral,7.546784293665188,4.955593183722514e-14,8.622732139677174e-12,False
long_form,5,C5_e5mistral,A2_har_rv,11.040249883314255,3.909792061933268e-28,9.148913424923847e-26,False
long_form,5,C5_e5mistral,A3_garch,-2.713205557275042,0.006677929452895714,0.5743019329490314,False
long_form,5,C5_e5mistral,A4_egarch,-1.807474392456853,0.07072612698837263,1.0,False
long_form,5,C5_e5mistral,A5_arima,-0.5985325876735132,0.5495016736500242,1.0,False
long_form,5,C5_e5mistral,B2_tfidf_ridge,-7.180048560908432,7.597696480405962e-13,1.2764130087082017e-10,True
long_form,5,C5_e5mistral,C1_bert_s1,-20.49139608853261,5.588864559490666e-91,2.324967656748117e-88,True
long_form,5,C5_e5mistral,C1_bert_s2,-19.320624690180168,2.5824822893503864e-81,1.0639827032123592e-78,True
long_form,5,C5_e5mistral,C2_finbert_s1,-16.278359939214884,1.2394197065175199e-58,4.5114877317237725e-56,True
long_form,5,C5_e5mistral,C2_finbert_s2,-20.67470940669744,1.541419639263441e-92,6.443134092121183e-90,True
long_form,5,C5_e5mistral,C2_finbert_s3,-9.259035959065464,2.6088245699094123e-20,5.2176491398188245e-18,True
long_form,5,C5_e5mistral,C2_finbert_s4,-16.526261891725916,2.3922762680519036e-60,8.755731141069967e-58,True
long_form,5,C5_e5mistral,C3_roberta_s1,-19.384403153236743,7.920565699670894e-82,3.27911419966375e-79,True
long_form,5,C5_e5mistral,C4_longformer,-9.668083937821029,5.442994892145099e-22,1.1212569477818904e-19,True
long_form,5,C5_e5mistral,C5_qwen3,5.013040682329474,5.473395107586479e-07,6.787009933407234e-05,False
long_form,5,C5_e5mistral,C5_gteqwen2,2.9058387995074058,0.0036728090169792873,0.345244047596053,False
long_form,5,C5_e5mistral,D1_concat_mlp,11.521706124252804,1.7888992221447957e-30,4.436470070919093e-28,False
long_form,5,C5_e5mistral,D2_gated_fusion,9.670276737070958,5.328947649593911e-22,1.1084211111155335e-19,False
long_form,5,C5_e5mistral,D3_qwen3,7.846023301002817,4.853469500119067e-15,8.930383880219083e-13,False
long_form,5,C5_e5mistral,D3_gteqwen2,11.170755191558971,9.276597553363186e-29,2.244936607913891e-26,False
long_form,5,C5_e5mistral,D3_e5mistral,8.640801119026913,6.67526814135921e-18,1.3083525557064052e-15,False
long_form,5,D1_concat_mlp,A2_har_rv,5.9391598533593895,2.9853596967542177e-09,4.239210769390989e-07,False
long_form,5,D1_concat_mlp,A3_garch,-6.322652646212349,2.709881452488127e-10,4.119019807781953e-08,True
long_form,5,D1_concat_mlp,A4_egarch,-3.2198464081559512,0.0012877483520991244,0.13392582861830893,False
long_form,5,D1_concat_mlp,A5_arima,-5.192784765164238,2.1230631275702759e-07,2.6750595407385477e-05,True
long_form,5,D1_concat_mlp,B2_tfidf_ridge,-14.863921538941264,2.5862089283002463e-49,8.431041106258803e-47,True
long_form,5,D1_concat_mlp,C1_bert_s1,-18.0566091979555,1.8494227015504284e-71,7.249736990077679e-69,True
long_form,5,D1_concat_mlp,C1_bert_s2,-16.83211620650856,1.7004907692411919e-62,6.29181584619241e-60,True
long_form,5,D1_concat_mlp,C2_finbert_s1,-15.693965246897816,1.0948571867875978e-54,3.788205866285089e-52,True
long_form,5,D1_concat_mlp,C2_finbert_s2,-17.635628058202666,2.5937826964084446e-68,9.85637424635209e-66,True
long_form,5,D1_concat_mlp,C2_finbert_s3,-14.390531312245768,2.2626389299029637e-46,7.149939018493365e-44,True
long_form,5,D1_concat_mlp,C2_finbert_s4,-16.20666470416863,3.841989948117989e-58,1.3831163813224761e-55,True
long_form,5,D1_concat_mlp,C3_roberta_s1,-17.814723488113884,1.2119569988284532e-69,4.653914875501261e-67,True
long_form,5,D1_concat_mlp,C4_longformer,-13.493600087826348,4.816772058285114e-41,1.4064974410192533e-38,True
long_form,5,D1_concat_mlp,C5_qwen3,-10.89161825759443,1.9731514346642113e-27,4.498785271034402e-25,True
long_form,5,D1_concat_mlp,C5_gteqwen2,-11.293101629513135,2.3731505976658258e-29,5.8379504702579315e-27,True
long_form,5,D1_concat_mlp,C5_e5mistral,-11.521706124252804,1.7888992221447957e-30,4.436470070919093e-28,True
long_form,5,D1_concat_mlp,D2_gated_fusion,-12.527179121888603,1.1497469571515685e-35,3.127311723452266e-33,True
long_form,5,D1_concat_mlp,D3_qwen3,-7.363276170773296,1.97411832040922e-13,3.395483511103858e-11,True
long_form,5,D1_concat_mlp,D3_gteqwen2,-2.2647360434577286,0.02355568866988805,1.0,False
long_form,5,D1_concat_mlp,D3_e5mistral,-5.906003984231554,3.649237890068135e-09,5.108933046095389e-07,True
long_form,5,D2_gated_fusion,A2_har_rv,9.803638080097063,1.4574138801261817e-22,3.060569148264982e-20,False
long_form,5,D2_gated_fusion,A3_garch,-5.225244976164141,1.7834164759508505e-07,2.2827730892170886e-05,True
long_form,5,D2_gated_fusion,A4_egarch,-2.814104048964393,0.004903356654730436,0.43149538561627837,False
long_form,5,D2_gated_fusion,A5_arima,-3.7267695532098775,0.00019529487375572713,0.022263615608152893,True
long_form,5,D2_gated_fusion,B2_tfidf_ridge,-14.242953960868642,1.7925135124546444e-45,5.592642158858491e-43,True
long_form,5,D2_gated_fusion,C1_bert_s1,-18.328789796995828,1.5714353529436416e-73,6.317170118833439e-71,True
long_form,5,D2_gated_fusion,C1_bert_s2,-16.86214445084652,1.0415988905734196e-62,3.874747872933121e-60,True
long_form,5,D2_gated_fusion,C2_finbert_s1,-15.442693842916988,4.951578960080741e-53,1.663730530587129e-50,True
long_form,5,D2_gated_fusion,C2_finbert_s2,-17.8404910624437,7.781314373661476e-70,3.00358734823333e-67,True
long_form,5,D2_gated_fusion,C2_finbert_s3,-13.688193675047957,3.5830019556785504e-42,1.060568578880851e-39,True
long_form,5,D2_gated_fusion,C2_finbert_s4,-16.07903537362365,2.8459888079304344e-57,1.0074800380073737e-54,True
long_form,5,D2_gated_fusion,C3_roberta_s1,-18.084628313915722,1.135470955980285e-71,4.4737555665623225e-69,True
long_form,5,D2_gated_fusion,C4_longformer,-12.59783007411501,4.789398239767917e-36,1.321873914175945e-33,True
long_form,5,D2_gated_fusion,C5_qwen3,-7.551659015448751,4.7748292388570734e-14,8.40369946038845e-12,True
long_form,5,D2_gated_fusion,C5_gteqwen2,-7.704673929580906,1.470113534154858e-14,2.6756066321618414e-12,True
long_form,5,D2_gated_fusion,C5_e5mistral,-9.670276737070958,5.328947649593911e-22,1.1084211111155335e-19,True
long_form,5,D2_gated_fusion,D1_concat_mlp,12.527179121888603,1.1497469571515685e-35,3.127311723452266e-33,False
long_form,5,D2_gated_fusion,D3_qwen3,0.8552461129158748,0.3924406860070665,1.0,False
long_form,5,D2_gated_fusion,D3_gteqwen2,10.504492211723713,1.2119545886057356e-25,2.690539186704733e-23,False
long_form,5,D2_gated_fusion,D3_e5mistral,3.2693975213181035,0.0010823514856367626,0.11472925747749683,False
long_form,5,D3_qwen3,A2_har_rv,10.523720493198523,9.91106592516415e-26,2.2200787672367694e-23,False
long_form,5,D3_qwen3,A3_garch,-5.491903702692395,4.098987584253876e-08,5.410663611215116e-06,True
long_form,5,D3_qwen3,A4_egarch,-2.888351692130248,0.003883121844873589,0.35724720972837015,False
long_form,5,D3_qwen3,A5_arima,-4.1066408655920785,4.0547701534933474e-05,0.004703533378052283,True
long_form,5,D3_qwen3,B2_tfidf_ridge,-11.710853570727833,2.029705464049903e-31,5.155451878686754e-29,True
long_form,5,D3_qwen3,C1_bert_s1,-15.530369499962529,1.3181475958560866e-53,4.508064777827816e-51,True
long_form,5,D3_qwen3,C1_bert_s2,-14.172677146762513,4.7690622916569615e-45,1.468871185830344e-42,True
long_form,5,D3_qwen3,C2_finbert_s1,-12.868724072247609,1.5967586007431798e-37,4.43898891006604e-35,True
long_form,5,D3_qwen3,C2_finbert_s2,-15.049394217118921,1.7206429296558265e-50,5.678121667864228e-48,True
long_form,5,D3_qwen3,C2_finbert_s3,-11.140638609675468,1.2947521253941648e-28,3.107405100945996e-26,True
long_form,5,D3_qwen3,C2_finbert_s4,-13.337933599645996,3.7542584641883465e-40,1.0812264376862438e-37,True
long_form,5,D3_qwen3,C3_roberta_s1,-15.23135153665471,1.1688427079078458e-51,3.880557790254048e-49,True
long_form,5,D3_qwen3,C4_longformer,-10.371717229749553,4.815022630746762e-25,1.0400448882413007e-22,True
long_form,5,D3_qwen3,C5_qwen3,-6.3425031583908,2.3841715025715144e-10,3.671624113960132e-08,True
long_form,5,D3_qwen3,C5_gteqwen2,-6.579611230871931,5.015540932396187e-11,8.0248654918339e-09,True
long_form,5,D3_qwen3,C5_e5mistral,-7.846023301002817,4.853469500119067e-15,8.930383880219083e-13,True
long_form,5,D3_qwen3,D1_concat_mlp,7.363276170773296,1.97411832040922e-13,3.395483511103858e-11,False
long_form,5,D3_qwen3,D2_gated_fusion,-0.8552461129158748,0.3924406860070665,1.0,False
long_form,5,D3_qwen3,D3_gteqwen2,9.471922440917645,3.551848354553583e-21,7.174733676198237e-19,False
long_form,5,D3_qwen3,D3_e5mistral,8.142234551600044,4.470648481813997e-16,8.315406176174035e-14,False
long_form,5,D3_gteqwen2,A2_har_rv,6.115230260836779,1.0097259970315223e-09,1.4741999556660227e-07,False
long_form,5,D3_gteqwen2,A3_garch,-6.120481668844341,9.771535693816174e-10,1.4461872826847937e-07,True
long_form,5,D3_gteqwen2,A4_egarch,-3.150864691077755,0.0016339198952405047,0.1666598293145315,False
long_form,5,D3_gteqwen2,A5_arima,-4.9123666428960435,9.177997861685541e-07,0.00011197157391256361,True
long_form,5,D3_gteqwen2,B2_tfidf_ridge,-14.950298365242098,7.349097054934457e-50,2.410503834018502e-47,True
long_form,5,D3_gteqwen2,C1_bert_s1,-18.2840681651789,3.4552581857977885e-73,1.3821032743191153e-70,True
long_form,5,D3_gteqwen2,C1_bert_s2,-16.898232586404028,5.773027526056416e-63,2.1591122947450995e-60,True
long_form,5,D3_gteqwen2,C2_finbert_s1,-15.764688336071085,3.706294455086708e-55,1.2897904703701744e-52,True
long_form,5,D3_gteqwen2,C2_finbert_s2,-17.779311936016423,2.2260108613533902e-69,8.503361490369951e-67,True
long_form,5,D3_gteqwen2,C2_finbert_s3,-14.244145343684707,1.7629540308602707e-45,5.53567565690125e-43,True
long_form,5,D3_gteqwen2,C2_finbert_s4,-16.201403473834993,4.173812076162683e-58,1.4942247232662406e-55,True
long_form,5,D3_gteqwen2,C3_roberta_s1,-17.940235539439357,1.3923560158013052e-70,5.4301884616250905e-68,True
long_form,5,D3_gteqwen2,C4_longformer,-13.265361770379489,9.7033993754938e-40,2.7557654226402393e-37,True
long_form,5,D3_gteqwen2,C5_qwen3,-10.104239361126364,7.368828710148244e-24,1.5769293439717243e-21,True
long_form,5,D3_gteqwen2,C5_gteqwen2,-10.43747350416414,2.4366916398496354e-25,5.360721607669198e-23,True
long_form,5,D3_gteqwen2,C5_e5mistral,-11.170755191558971,9.276597553363186e-29,2.244936607913891e-26,True
long_form,5,D3_gteqwen2,D1_concat_mlp,2.2647360434577286,0.02355568866988805,1.0,False
long_form,5,D3_gteqwen2,D2_gated_fusion,-10.504492211723713,1.2119545886057356e-25,2.690539186704733e-23,True
long_form,5,D3_gteqwen2,D3_qwen3,-9.471922440917645,3.551848354553583e-21,7.174733676198237e-19,True
long_form,5,D3_gteqwen2,D3_e5mistral,-6.954860015507873,3.808870172524623e-12,6.246547082940382e-10,True
long_form,5,D3_e5mistral,A2_har_rv,9.93654268736383,3.9365682343209483e-23,8.34552465676041e-21,False
long_form,5,D3_e5mistral,A3_garch,-5.778111462902569,7.839315439958428e-09,1.081825530714263e-06,True
long_form,5,D3_e5mistral,A4_egarch,-2.9936345588455215,0.0027652385791359945,0.27652385791359946,False
long_form,5,D3_e5mistral,A5_arima,-4.485882674652989,7.36330473815969e-06,0.0008688699591028433,True
long_form,5,D3_e5mistral,B2_tfidf_ridge,-12.3389581613328,1.1585210960502935e-34,3.1280069593357926e-32,True
long_form,5,D3_e5mistral,C1_bert_s1,-15.981601299401948,1.2997352244970969e-56,4.575067990229781e-54,True
long_form,5,D3_e5mistral,C1_bert_s2,-14.675276663051061,3.942133168404819e-48,1.2693668802263517e-45,True
long_form,5,D3_e5mistral,C2_finbert_s1,-13.428509902644734,1.1397988525773189e-40,3.3054166724742247e-38,True
long_form,5,D3_e5mistral,C2_finbert_s2,-15.527902595123333,1.3682894184475616e-53,4.652184022721709e-51,True
long_form,5,D3_e5mistral,C2_finbert_s3,-11.785235965903901,8.545501174128676e-32,2.2047393029251983e-29,True
long_form,5,D3_e5mistral,C2_finbert_s4,-13.898052568344768,2.08992495826376e-43,6.311573373956556e-41,True
long_form,5,D3_e5mistral,C3_roberta_s1,-15.690727993127906,1.1503845140730198e-54,3.957322728411188e-52,True
long_form,5,D3_e5mistral,C4_longformer,-10.985636577621047,7.104336921570766e-28,1.633997491961276e-25,True
long_form,5,D3_e5mistral,C5_qwen3,-7.267025078603663,4.023387355952045e-13,6.839758505118476e-11,True
long_form,5,D3_e5mistral,C5_gteqwen2,-7.546784293665188,4.955593183722514e-14,8.622732139677174e-12,True
long_form,5,D3_e5mistral,C5_e5mistral,-8.640801119026913,6.67526814135921e-18,1.3083525557064052e-15,True
long_form,5,D3_e5mistral,D1_concat_mlp,5.906003984231554,3.649237890068135e-09,5.108933046095389e-07,False
long_form,5,D3_e5mistral,D2_gated_fusion,-3.2693975213181035,0.0010823514856367626,0.11472925747749683,False
long_form,5,D3_e5mistral,D3_qwen3,-8.142234551600044,4.470648481813997e-16,8.315406176174035e-14,True
long_form,5,D3_e5mistral,D3_gteqwen2,6.954860015507873,3.808870172524623e-12,6.246547082940382e-10,False
long_form,10,A2_har_rv,A3_garch,-6.46990941645437,1.0387988748309112e-10,2.0152698171719676e-08,True
long_form,10,A2_har_rv,A4_egarch,-2.7619515695687076,0.005758925037595206,0.6219639040602822,False
long_form,10,A2_har_rv,A5_arima,-4.643828106974281,3.4751644274407426e-06,0.0005282249929709929,True
long_form,10,A2_har_rv,B2_tfidf_ridge,-13.452132283469256,8.361113312364124e-41,2.67555625995652e-38,True
long_form,10,A2_har_rv,C1_bert_s1,-13.537576209968755,2.692029900999266e-41,8.776017477257607e-39,True
long_form,10,A2_har_rv,C1_bert_s2,-13.091045713339712,9.326046809895435e-39,2.8537703238280032e-36,True
long_form,10,A2_har_rv,C2_finbert_s1,-15.457406894562512,3.983049136785201e-53,1.5533891633462284e-50,True
long_form,10,A2_har_rv,C2_finbert_s2,-14.465966510461099,7.818508187667255e-47,2.814662947560212e-44,True
long_form,10,A2_har_rv,C2_finbert_s3,-14.238099423810976,1.9236480206234444e-45,6.7712410325945245e-43,True
long_form,10,A2_har_rv,C2_finbert_s4,-13.65508273464919,5.602738702420885e-42,1.848903771798892e-39,True
long_form,10,A2_har_rv,C3_roberta_s1,-15.086023096010866,1.0073842246633016e-50,3.8280600537205464e-48,True
long_form,10,A2_har_rv,C4_longformer,-13.13808000554232,5.081459027587708e-39,1.5752522985521893e-36,True
long_form,10,A2_har_rv,C5_qwen3,-13.415914032658423,1.3489764780569586e-40,4.262765670659989e-38,True
long_form,10,A2_har_rv,C5_gteqwen2,-13.734260365454096,1.9317016591070892e-42,6.567785640964104e-40,True
long_form,10,A2_har_rv,C5_e5mistral,-13.462046982522173,7.333363996811608e-41,2.3613432069733376e-38,True
long_form,10,A2_har_rv,D1_concat_mlp,-10.305581617237586,9.520294715021432e-25,2.703763699066087e-22,True
long_form,10,A2_har_rv,D2_gated_fusion,-8.798078147749168,1.6871576700469146e-18,4.15040786831541e-16,True
long_form,10,A2_har_rv,D3_qwen3,-8.805755464472831,1.5766166389798237e-18,3.910009264669963e-16,True
long_form,10,A2_har_rv,D3_gteqwen2,-5.531196517617973,3.2817449141028567e-08,5.447696557410742e-06,True
long_form,10,A2_har_rv,D3_e5mistral,-8.180164960826946,3.2752499280531075e-16,7.59857983308321e-14,True
long_form,10,A3_garch,A2_har_rv,6.46990941645437,1.0387988748309112e-10,2.0152698171719676e-08,False
long_form,10,A3_garch,A4_egarch,-0.5415016818133631,0.5881770473612878,1.0,False
long_form,10,A3_garch,A5_arima,3.3963478175940316,0.0006862684463583376,0.09058743491930056,False
long_form,10,A3_garch,B2_tfidf_ridge,0.5581059648627765,0.5767877795100207,1.0,False
long_form,10,A3_garch,C1_bert_s1,0.34408821609783835,0.7307890657133966,1.0,False
long_form,10,A3_garch,C1_bert_s2,0.7275905110080783,0.4668857661304248,1.0,False
long_form,10,A3_garch,C2_finbert_s1,-0.5149936311279366,0.6065718209435855,1.0,False
long_form,10,A3_garch,C2_finbert_s2,-0.3033096192307251,0.7616618708275219,1.0,False
long_form,10,A3_garch,C2_finbert_s3,0.0013008020619740073,0.9989621431224139,1.0,False
long_form,10,A3_garch,C2_finbert_s4,0.5105536440044524,0.6096778503847693,1.0,False
long_form,10,A3_garch,C3_roberta_s1,-0.24190203457002718,0.8088623270533983,1.0,False
long_form,10,A3_garch,C4_longformer,0.6972577142183328,0.4856619612947899,1.0,False
long_form,10,A3_garch,C5_qwen3,2.4103774083015024,0.01595863194044742,1.0,False
long_form,10,A3_garch,C5_gteqwen2,2.4266610550175183,0.015260618150404907,1.0,False
long_form,10,A3_garch,C5_e5mistral,2.627276845642142,0.008623688069273865,0.8796161830659343,False
long_form,10,A3_garch,D1_concat_mlp,4.2036869457810075,2.6548499597121984e-05,0.0037698869427913216,False
long_form,10,A3_garch,D2_gated_fusion,4.824708722514033,1.4282410867058085e-06,0.00022280560952610612,False
long_form,10,A3_garch,D3_qwen3,4.715264152508157,2.4551851260573546e-06,0.0003780985094128326,False
long_form,10,A3_garch,D3_gteqwen2,5.587642654484796,2.3779575214051534e-08,3.994968635960658e-06,False
long_form,10,A3_garch,D3_e5mistral,5.211237511835163,1.923100578794678e-07,3.115422937647378e-05,False
long_form,10,A4_egarch,A2_har_rv,2.7619515695687076,0.005758925037595206,0.6219639040602822,False
long_form,10,A4_egarch,A3_garch,0.5415016818133631,0.5881770473612878,1.0,False
long_form,10,A4_egarch,A5_arima,1.6397942011937863,0.10108761844394172,1.0,False
long_form,10,A4_egarch,B2_tfidf_ridge,0.7562379391598597,0.44952900836685616,1.0,False
long_form,10,A4_egarch,C1_bert_s1,0.6706102576916543,0.5024883709277531,1.0,False
long_form,10,A4_egarch,C1_bert_s2,0.8245959413650329,0.4096258219668546,1.0,False
long_form,10,A4_egarch,C2_finbert_s1,0.3232128775139253,0.746542549162045,1.0,False
long_form,10,A4_egarch,C2_finbert_s2,0.40665119110804226,0.684275165025757,1.0,False
long_form,10,A4_egarch,C2_finbert_s3,0.530997534169603,0.5954353550857461,1.0,False
long_form,10,A4_egarch,C2_finbert_s4,0.7383804022186516,0.4603051658189122,1.0,False
long_form,10,A4_egarch,C3_roberta_s1,0.433759621212631,0.6644748028295429,1.0,False
long_form,10,A4_egarch,C4_longformer,0.8114908283475571,0.4171082075295908,1.0,False
long_form,10,A4_egarch,C5_qwen3,1.4464739460741498,0.14808382760623126,1.0,False
long_form,10,A4_egarch,C5_gteqwen2,1.442305206927797,0.1492557747420095,1.0,False
long_form,10,A4_egarch,C5_e5mistral,1.5199737644836544,0.12855742734024753,1.0,False
long_form,10,A4_egarch,D1_concat_mlp,2.0924222135594146,0.0364324667201567,1.0,False
long_form,10,A4_egarch,D2_gated_fusion,2.3011173051874576,0.021410805956483123,1.0,False
long_form,10,A4_egarch,D3_qwen3,2.2568908110334718,0.02404199384715019,1.0,False
long_form,10,A4_egarch,D3_gteqwen2,2.5417437237563156,0.011048967126368346,1.0,False
long_form,10,A4_egarch,D3_e5mistral,2.398893738176143,0.016467626586149628,1.0,False
long_form,10,A5_arima,A2_har_rv,4.643828106974281,3.4751644274407426e-06,0.0005282249929709929,False
long_form,10,A5_arima,A3_garch,-3.3963478175940316,0.0006862684463583376,0.09058743491930056,False
long_form,10,A5_arima,A4_egarch,-1.6397942011937863,0.10108761844394172,1.0,False
long_form,10,A5_arima,B2_tfidf_ridge,-2.6504779557397424,0.008053755606717897,0.8375905830986613,False
long_form,10,A5_arima,C1_bert_s1,-2.8651742588665337,0.004178751498222047,0.4763776707973133,False
long_form,10,A5_arima,C1_bert_s2,-2.419212746071841,0.015576489447928332,1.0,False
long_form,10,A5_arima,C2_finbert_s1,-3.911651248650256,9.243239685114266e-05,0.012940535559159971,True
long_form,10,A5_arima,C2_finbert_s2,-3.585433798505821,0.0003385413963383953,0.04671871269469855,True
long_form,10,A5_arima,C2_finbert_s3,-3.27077808571718,0.0010770993507675608,0.13148676381999475,False
long_form,10,A5_arima,C2_finbert_s4,-2.6823272192876884,0.007326340439388755,0.7765920865752081,False
long_form,10,A5_arima,C3_roberta_s1,-3.5705720606371076,0.000358310729611419,0.04873025922715298,True
long_form,10,A5_arima,C4_longformer,-2.475704469663326,0.013318081904169308,1.0,False
long_form,10,A5_arima,C5_qwen3,-0.6495617033785672,0.5159941863039419,1.0,False
long_form,10,A5_arima,C5_gteqwen2,-0.6866944095234379,0.4922953944353286,1.0,False
long_form,10,A5_arima,C5_e5mistral,-0.40917919355075194,0.6824192101306549,1.0,False
long_form,10,A5_arima,D1_concat_mlp,1.6698755533677563,0.09498344572117176,1.0,False
long_form,10,A5_arima,D2_gated_fusion,2.467575559843729,0.013624105375820802,1.0,False
long_form,10,A5_arima,D3_qwen3,2.314006410159444,0.02069279735648109,1.0,False
long_form,10,A5_arima,D3_gteqwen2,3.4413055793562206,0.0005818996361542986,0.07797455124467602,False
long_form,10,A5_arima,D3_e5mistral,2.9042465761177576,0.003691543494434713,0.4307453189799006,False
long_form,10,B2_tfidf_ridge,A2_har_rv,13.452132283469256,8.361113312364124e-41,2.67555625995652e-38,False
long_form,10,B2_tfidf_ridge,A3_garch,-0.5581059648627765,0.5767877795100207,1.0,False
long_form,10,B2_tfidf_ridge,A4_egarch,-0.7562379391598597,0.44952900836685616,1.0,False
long_form,10,B2_tfidf_ridge,A5_arima,2.6504779557397424,0.008053755606717897,0.8375905830986613,False
long_form,10,B2_tfidf_ridge,C1_bert_s1,-1.835961338594678,0.06640078370125792,1.0,False
long_form,10,B2_tfidf_ridge,C1_bert_s2,1.4057552658988253,0.15983597795488047,1.0,False
long_form,10,B2_tfidf_ridge,C2_finbert_s1,-8.501700420003987,2.2104989453072648e-17,5.349407447643581e-15,True
long_form,10,B2_tfidf_ridge,C2_finbert_s2,-7.80615949935908,6.648943035307885e-15,1.4627674677677347e-12,True
long_form,10,B2_tfidf_ridge,C2_finbert_s3,-4.34852820127994,1.3876713364757445e-05,0.0020537535779841017,True
long_form,10,B2_tfidf_ridge,C2_finbert_s4,-0.42711298341609133,0.669308629667275,1.0,False
long_form,10,B2_tfidf_ridge,C3_roberta_s1,-6.806210971875128,1.0749606497315704e-11,2.1714205124577723e-09,True
long_form,10,B2_tfidf_ridge,C4_longformer,1.097189257774124,0.2725919749649744,1.0,False
long_form,10,B2_tfidf_ridge,C5_qwen3,5.795665367547016,7.065459284840873e-09,1.2576517527016755e-06,False
long_form,10,B2_tfidf_ridge,C5_gteqwen2,5.308031509583682,1.1381520384748877e-07,1.866569343098816e-05,False
long_form,10,B2_tfidf_ridge,C5_e5mistral,6.380570306008862,1.8632955981734856e-10,3.5402616365296226e-08,False
long_form,10,B2_tfidf_ridge,D1_concat_mlp,14.148026105823334,6.733561080901813e-45,2.3432792561538308e-42,False
long_form,10,B2_tfidf_ridge,D2_gated_fusion,14.580604896277716,1.5327737285552797e-47,5.640607321083429e-45,False
long_form,10,B2_tfidf_ridge,D3_qwen3,13.560172274224207,1.9926332703461815e-41,6.535837126735476e-39,False
long_form,10,B2_tfidf_ridge,D3_gteqwen2,15.175889810151904,2.6713875666156196e-51,1.0204700504471666e-48,False
long_form,10,B2_tfidf_ridge,D3_e5mistral,13.767294116772977,1.236662272483372e-42,4.229384971893133e-40,False
long_form,10,C1_bert_s1,A2_har_rv,13.537576209968755,2.692029900999266e-41,8.776017477257607e-39,False
long_form,10,C1_bert_s1,A3_garch,-0.34408821609783835,0.7307890657133966,1.0,False
long_form,10,C1_bert_s1,A4_egarch,-0.6706102576916543,0.5024883709277531,1.0,False
long_form,10,C1_bert_s1,A5_arima,2.8651742588665337,0.004178751498222047,0.4763776707973133,False
long_form,10,C1_bert_s1,B2_tfidf_ridge,1.835961338594678,0.06640078370125792,1.0,False
long_form,10,C1_bert_s1,C1_bert_s2,4.257800542322414,2.088280550702788e-05,0.0030488896040260704,False
long_form,10,C1_bert_s1,C2_finbert_s1,-10.279400259241466,1.245111316409411e-24,3.511213912274539e-22,True
long_form,10,C1_bert_s1,C2_finbert_s2,-7.887866524120871,3.4841427420920526e-15,7.911633443702113e-13,True
long_form,10,C1_bert_s1,C2_finbert_s3,-2.831585656117879,0.004643446326948711,0.5156814440180058,False
long_form,10,C1_bert_s1,C2_finbert_s4,1.8807443444256247,0.06004330878962551,1.0,False
long_form,10,C1_bert_s1,C3_roberta_s1,-7.536543934294146,5.3587880761683314e-14,1.1360630721476863e-11,True
long_form,10,C1_bert_s1,C4_longformer,2.907758726840103,0.0036503840591517,0.4307453189799006,False
long_form,10,C1_bert_s1,C5_qwen3,6.775682952376561,1.3266973467062656e-11,2.6533946934125312e-09,False
long_form,10,C1_bert_s1,C5_gteqwen2,6.208692145270214,5.611502151576247e-10,1.021293391586877e-07,False
long_form,10,C1_bert_s1,C5_e5mistral,7.377334210032354,1.7781974340153525e-13,3.698650662751933e-11,False
long_form,10,C1_bert_s1,D1_concat_mlp,14.270471977452921,1.2239806521957936e-45,4.357371121817026e-43,False
long_form,10,C1_bert_s1,D2_gated_fusion,14.592708191933154,1.2896152875417665e-47,4.771576563904536e-45,False
long_form,10,C1_bert_s1,D3_qwen3,13.518425364080827,3.472567789756421e-41,1.1251119638810803e-38,False
long_form,10,C1_bert_s1,D3_gteqwen2,15.21262191853257,1.549507677114934e-51,5.9501094801213464e-49,False
long_form,10,C1_bert_s1,D3_e5mistral,13.703775445323089,2.912693937057507e-42,9.728397749772074e-40,False
long_form,10,C1_bert_s2,A2_har_rv,13.091045713339712,9.326046809895435e-39,2.8537703238280032e-36,False
long_form,10,C1_bert_s2,A3_garch,-0.7275905110080783,0.4668857661304248,1.0,False
long_form,10,C1_bert_s2,A4_egarch,-0.8245959413650329,0.4096258219668546,1.0,False
long_form,10,C1_bert_s2,A5_arima,2.419212746071841,0.015576489447928332,1.0,False
long_form,10,C1_bert_s2,B2_tfidf_ridge,-1.4057552658988253,0.15983597795488047,1.0,False
long_form,10,C1_bert_s2,C1_bert_s1,-4.257800542322414,2.088280550702788e-05,0.0030488896040260704,True
long_form,10,C1_bert_s2,C2_finbert_s1,-10.599084986659145,4.493785759066499e-26,1.3031978701292846e-23,True
long_form,10,C1_bert_s2,C2_finbert_s2,-14.135903924686943,7.965719036883598e-45,2.756138786761725e-42,True
long_form,10,C1_bert_s2,C2_finbert_s3,-7.835576601542041,5.2726472308637206e-15,1.170527685251746e-12,True
long_form,10,C1_bert_s2,C2_finbert_s4,-3.3257864401806936,0.0008856988792971908,0.11336945655004042,False
long_form,10,C1_bert_s2,C3_roberta_s1,-9.625167208309653,8.235579695961163e-22,2.1906641991256694e-19,True
long_form,10,C1_bert_s2,C4_longformer,-0.3510389123089676,0.7255684788684102,1.0,False
long_form,10,C1_bert_s2,C5_qwen3,5.646524722979173,1.69374813085595e-08,2.947121747689353e-06,False
long_form,10,C1_bert_s2,C5_gteqwen2,5.073865860825152,3.986601720767858e-07,6.298830718813215e-05,False
long_form,10,C1_bert_s2,C5_e5mistral,6.368191274494177,2.019196766293807e-10,3.755705985306481e-08,False
long_form,10,C1_bert_s2,D1_concat_mlp,13.7306138372901,2.029056225621301e-42,6.858210042599997e-40,False
long_form,10,C1_bert_s2,D2_gated_fusion,14.24205510874986,1.820352377052114e-45,6.444047414764483e-43,False
long_form,10,C1_bert_s2,D3_qwen3,12.761645502127216,6.186602482564366e-37,1.8559807447693099e-34,False
long_form,10,C1_bert_s2,D3_gteqwen2,14.53467675095449,2.9485967223121666e-47,1.0732892069216286e-44,False
long_form,10,C1_bert_s2,D3_e5mistral,13.102696328536402,8.025257564807415e-39,2.471779329960684e-36,False
long_form,10,C2_finbert_s1,A2_har_rv,15.457406894562512,3.983049136785201e-53,1.5533891633462284e-50,False
long_form,10,C2_finbert_s1,A3_garch,0.5149936311279366,0.6065718209435855,1.0,False
long_form,10,C2_finbert_s1,A4_egarch,-0.3232128775139253,0.746542549162045,1.0,False
long_form,10,C2_finbert_s1,A5_arima,3.911651248650256,9.243239685114266e-05,0.012940535559159971,False
long_form,10,C2_finbert_s1,B2_tfidf_ridge,8.501700420003987,2.2104989453072648e-17,5.349407447643581e-15,False
long_form,10,C2_finbert_s1,C1_bert_s1,10.279400259241466,1.245111316409411e-24,3.511213912274539e-22,False
long_form,10,C2_finbert_s1,C1_bert_s2,10.599084986659145,4.493785759066499e-26,1.3031978701292846e-23,False
long_form,10,C2_finbert_s1,C2_finbert_s2,2.2176682000741583,0.026605692838939873,1.0,False
long_form,10,C2_finbert_s1,C2_finbert_s3,4.42972913870827,9.561753886597611e-06,0.0014342630829896417,False
long_form,10,C2_finbert_s1,C2_finbert_s4,10.027742839991344,1.588961852743645e-23,4.38553471357246e-21,False
long_form,10,C2_finbert_s1,C3_roberta_s1,3.279730079548575,0.001043545744603133,0.13148676381999475,False
long_form,10,C2_finbert_s1,C4_longformer,10.131916676091624,5.57828776824262e-24,1.5507639995714484e-21,False
long_form,10,C2_finbert_s1,C5_qwen3,9.113046468126505,9.991616498109649e-20,2.537870590519851e-17,False
long_form,10,C2_finbert_s1,C5_gteqwen2,8.589318821696953,1.0422777914706531e-17,2.5431578111883938e-15,False
long_form,10,C2_finbert_s1,C5_e5mistral,9.727081035159001,3.076035365856227e-22,8.305295487811813e-20,False
long_form,10,C2_finbert_s1,D1_concat_mlp,17.261078838886505,1.4422070373951532e-65,6.028425416311741e-63,False
long_form,10,C2_finbert_s1,D2_gated_fusion,17.123903907114798,1.4118201294329398e-64,5.8449353358523706e-62,False
long_form,10,C2_finbert_s1,D3_qwen3,15.770461839553152,3.406472096269833e-55,1.3557758943153936e-52,False
long_form,10,C2_finbert_s1,D3_gteqwen2,17.47513693789319,3.966874495995362e-67,1.666087288318052e-64,False
long_form,10,C2_finbert_s1,D3_e5mistral,15.926771557900564,3.057285530009876e-56,1.2290287830639703e-53,False
long_form,10,C2_finbert_s2,A2_har_rv,14.465966510461099,7.818508187667255e-47,2.814662947560212e-44,False
long_form,10,C2_finbert_s2,A3_garch,0.3033096192307251,0.7616618708275219,1.0,False
long_form,10,C2_finbert_s2,A4_egarch,-0.40665119110804226,0.684275165025757,1.0,False
long_form,10,C2_finbert_s2,A5_arima,3.585433798505821,0.0003385413963383953,0.04671871269469855,False
long_form,10,C2_finbert_s2,B2_tfidf_ridge,7.80615949935908,6.648943035307885e-15,1.4627674677677347e-12,False
long_form,10,C2_finbert_s2,C1_bert_s1,7.887866524120871,3.4841427420920526e-15,7.911633443702113e-13,False
long_form,10,C2_finbert_s2,C1_bert_s2,14.135903924686943,7.965719036883598e-45,2.756138786761725e-42,False
long_form,10,C2_finbert_s2,C2_finbert_s1,-2.2176682000741583,0.026605692838939873,1.0,False
long_form,10,C2_finbert_s2,C2_finbert_s3,3.3624927767125876,0.0007760754853424164,0.10088981309451413,False
long_form,10,C2_finbert_s2,C2_finbert_s4,13.009836157863107,2.6479599604445373e-38,8.049798279751393e-36,False
long_form,10,C2_finbert_s2,C3_roberta_s1,0.8506590367935165,0.39498446169573675,1.0,False
long_form,10,C2_finbert_s2,C4_longformer,9.726607964598433,3.090200201160128e-22,8.305295487811813e-20,False
long_form,10,C2_finbert_s2,C5_qwen3,8.307395832980147,1.1406093474261012e-16,2.691838059925599e-14,False
long_form,10,C2_finbert_s2,C5_gteqwen2,7.64361408035004,2.359320879962886e-14,5.096133100719834e-12,False
long_form,10,C2_finbert_s2,C5_e5mistral,8.891063972110496,7.3970754772733585e-19,1.8492688693183395e-16,False
long_form,10,C2_finbert_s2,D1_concat_mlp,16.009704881777644,8.432280260637783e-57,3.406641225297664e-54,False
long_form,10,C2_finbert_s2,D2_gated_fusion,16.031052370790434,6.046688492993706e-57,2.4549555281554448e-54,False
long_form,10,C2_finbert_s2,D3_qwen3,14.78909322860448,7.675030987566043e-49,2.8704615893497e-46,False
long_form,10,C2_finbert_s2,D3_gteqwen2,16.196118963064905,4.5573826815517e-58,1.8594121340730936e-55,False
long_form,10,C2_finbert_s2,D3_e5mistral,14.933416251266955,9.435482288028662e-50,3.547741340298777e-47,False
long_form,10,C2_finbert_s3,A2_har_rv,14.238099423810976,1.9236480206234444e-45,6.7712410325945245e-43,False
long_form,10,C2_finbert_s3,A3_garch,-0.0013008020619740073,0.9989621431224139,1.0,False
long_form,10,C2_finbert_s3,A4_egarch,-0.530997534169603,0.5954353550857461,1.0,False
long_form,10,C2_finbert_s3,A5_arima,3.27077808571718,0.0010770993507675608,0.13148676381999475,False
long_form,10,C2_finbert_s3,B2_tfidf_ridge,4.34852820127994,1.3876713364757445e-05,0.0020537535779841017,False
long_form,10,C2_finbert_s3,C1_bert_s1,2.831585656117879,0.004643446326948711,0.5156814440180058,False
long_form,10,C2_finbert_s3,C1_bert_s2,7.835576601542041,5.2726472308637206e-15,1.170527685251746e-12,False
long_form,10,C2_finbert_s3,C2_finbert_s1,-4.42972913870827,9.561753886597611e-06,0.0014342630829896417,True
long_form,10,C2_finbert_s3,C2_finbert_s2,-3.3624927767125876,0.0007760754853424164,0.10088981309451413,False
long_form,10,C2_finbert_s3,C2_finbert_s4,5.644193095133319,1.7167670222670317e-08,2.9528392782992943e-06,False
long_form,10,C2_finbert_s3,C3_roberta_s1,-1.9586527879544993,0.050188453042783014,1.0,False
long_form,10,C2_finbert_s3,C4_longformer,5.856098450042766,4.9275882261559115e-09,8.869658807080641e-07,False
long_form,10,C2_finbert_s3,C5_qwen3,7.34518547219068,2.2588125571474433e-13,4.653153867723733e-11,False
long_form,10,C2_finbert_s3,C5_gteqwen2,6.733527512528735,1.7713912352415388e-11,3.507354645778247e-09,False
long_form,10,C2_finbert_s3,C5_e5mistral,7.880545216359991,3.692816902123429e-15,8.27190986075648e-13,False
long_form,10,C2_finbert_s3,D1_concat_mlp,15.354312742813917,1.873888119064057e-52,7.23320813958726e-50,False
long_form,10,C2_finbert_s3,D2_gated_fusion,15.571046939024109,7.14540151112739e-54,2.8295789984064467e-51,False
long_form,10,C2_finbert_s3,D3_qwen3,14.338879105108218,4.6933396521460876e-46,1.6802155954682994e-43,False
long_form,10,C2_finbert_s3,D3_gteqwen2,15.828145081928268,1.4030050047106505e-55,5.612020018842602e-53,False
long_form,10,C2_finbert_s3,D3_e5mistral,14.542308014048688,2.6452236217642303e-47,9.681518455657082e-45,False
long_form,10,C2_finbert_s4,A2_har_rv,13.65508273464919,5.602738702420885e-42,1.848903771798892e-39,False
long_form,10,C2_finbert_s4,A3_garch,-0.5105536440044524,0.6096778503847693,1.0,False
long_form,10,C2_finbert_s4,A4_egarch,-0.7383804022186516,0.4603051658189122,1.0,False
long_form,10,C2_finbert_s4,A5_arima,2.6823272192876884,0.007326340439388755,0.7765920865752081,False
long_form,10,C2_finbert_s4,B2_tfidf_ridge,0.42711298341609133,0.669308629667275,1.0,False
long_form,10,C2_finbert_s4,C1_bert_s1,-1.8807443444256247,0.06004330878962551,1.0,False
long_form,10,C2_finbert_s4,C1_bert_s2,3.3257864401806936,0.0008856988792971908,0.11336945655004042,False
long_form,10,C2_finbert_s4,C2_finbert_s1,-10.027742839991344,1.588961852743645e-23,4.38553471357246e-21,True
long_form,10,C2_finbert_s4,C2_finbert_s2,-13.009836157863107,2.6479599604445373e-38,8.049798279751393e-36,True
long_form,10,C2_finbert_s4,C2_finbert_s3,-5.644193095133319,1.7167670222670317e-08,2.9528392782992943e-06,True
long_form,10,C2_finbert_s4,C3_roberta_s1,-9.43486181871845,5.0444337487231736e-21,1.3216416421654714e-18,True
long_form,10,C2_finbert_s4,C4_longformer,1.8018209670362388,0.0716115329154391,1.0,False
long_form,10,C2_finbert_s4,C5_qwen3,6.375855549121868,1.9212344463832587e-10,3.611920759200527e-08,False
long_form,10,C2_finbert_s4,C5_gteqwen2,5.740200073418124,9.804795569619646e-09,1.7256440202530577e-06,False
long_form,10,C2_finbert_s4,C5_e5mistral,7.011950097421879,2.543238184255439e-12,5.188205895881096e-10,False
long_form,10,C2_finbert_s4,D1_concat_mlp,14.750864213416447,1.3329722231675681e-48,4.9586566701833535e-46,False
long_form,10,C2_finbert_s4,D2_gated_fusion,15.034752719563127,2.1411076033382274e-50,8.093386740618499e-48,False
long_form,10,C2_finbert_s4,D3_qwen3,13.71427789995457,2.5286661662072338e-42,8.496318318456305e-40,False
long_form,10,C2_finbert_s4,D3_gteqwen2,15.359218921071038,1.7411402786826635e-52,6.755624281288734e-50,False
long_form,10,C2_finbert_s4,D3_e5mistral,13.962721188229205,8.658037197699304e-44,2.9783647960085605e-41,False
long_form,10,C3_roberta_s1,A2_har_rv,15.086023096010866,1.0073842246633016e-50,3.8280600537205464e-48,False
long_form,10,C3_roberta_s1,A3_garch,0.24190203457002718,0.8088623270533983,1.0,False
long_form,10,C3_roberta_s1,A4_egarch,-0.433759621212631,0.6644748028295429,1.0,False
long_form,10,C3_roberta_s1,A5_arima,3.5705720606371076,0.000358310729611419,0.04873025922715298,False
long_form,10,C3_roberta_s1,B2_tfidf_ridge,6.806210971875128,1.0749606497315704e-11,2.1714205124577723e-09,False
long_form,10,C3_roberta_s1,C1_bert_s1,7.536543934294146,5.3587880761683314e-14,1.1360630721476863e-11,False
long_form,10,C3_roberta_s1,C1_bert_s2,9.625167208309653,8.235579695961163e-22,2.1906641991256694e-19,False
long_form,10,C3_roberta_s1,C2_finbert_s1,-3.279730079548575,0.001043545744603133,0.13148676381999475,False
long_form,10,C3_roberta_s1,C2_finbert_s2,-0.8506590367935165,0.39498446169573675,1.0,False
long_form,10,C3_roberta_s1,C2_finbert_s3,1.9586527879544993,0.050188453042783014,1.0,False
long_form,10,C3_roberta_s1,C2_finbert_s4,9.43486181871845,5.0444337487231736e-21,1.3216416421654714e-18,False
long_form,10,C3_roberta_s1,C4_longformer,7.98888733761275,1.5532531832500193e-15,3.5724823214750445e-13,False
long_form,10,C3_roberta_s1,C5_qwen3,8.898844297437977,6.901352102453798e-19,1.7391407298183573e-16,False
long_form,10,C3_roberta_s1,C5_gteqwen2,8.201069588297525,2.7570146951542997e-16,6.451414386661061e-14,False
long_form,10,C3_roberta_s1,C5_e5mistral,9.493302012035613,2.902008629757266e-21,7.661302782559182e-19,False
long_form,10,C3_roberta_s1,D1_concat_mlp,16.96518591768335,1.936546643167355e-63,7.978572169849503e-61,False
long_form,10,C3_roberta_s1,D2_gated_fusion,16.88351136465474,7.386417951814895e-63,3.028431360244107e-60,False
long_form,10,C3_roberta_s1,D3_qwen3,15.496518865373437,2.207863398132741e-53,8.654824520680345e-51,False
long_form,10,C3_roberta_s1,D3_gteqwen2,17.154154754076306,8.549043404343052e-65,3.5564020562067094e-62,False
long_form,10,C3_roberta_s1,D3_e5mistral,15.559859008834174,8.466728960711176e-54,3.335891210520203e-51,False
long_form,10,C4_longformer,A2_har_rv,13.13808000554232,5.081459027587708e-39,1.5752522985521893e-36,False
long_form,10,C4_longformer,A3_garch,-0.6972577142183328,0.4856619612947899,1.0,False
long_form,10,C4_longformer,A4_egarch,-0.8114908283475571,0.4171082075295908,1.0,False
long_form,10,C4_longformer,A5_arima,2.475704469663326,0.013318081904169308,1.0,False
long_form,10,C4_longformer,B2_tfidf_ridge,-1.097189257774124,0.2725919749649744,1.0,False
long_form,10,C4_longformer,C1_bert_s1,-2.907758726840103,0.0036503840591517,0.4307453189799006,False
long_form,10,C4_longformer,C1_bert_s2,0.3510389123089676,0.7255684788684102,1.0,False
long_form,10,C4_longformer,C2_finbert_s1,-10.131916676091624,5.57828776824262e-24,1.5507639995714484e-21,True
long_form,10,C4_longformer,C2_finbert_s2,-9.726607964598433,3.090200201160128e-22,8.305295487811813e-20,True
long_form,10,C4_longformer,C2_finbert_s3,-5.856098450042766,4.9275882261559115e-09,8.869658807080641e-07,True
long_form,10,C4_longformer,C2_finbert_s4,-1.8018209670362388,0.0716115329154391,1.0,False
long_form,10,C4_longformer,C3_roberta_s1,-7.98888733761275,1.5532531832500193e-15,3.5724823214750445e-13,True
long_form,10,C4_longformer,C5_qwen3,5.589945335063836,2.346760187153247e-08,3.9894923181605195e-06,False
long_form,10,C4_longformer,C5_gteqwen2,5.106636033966567,3.3557599950606305e-07,5.369215992097009e-05,False
long_form,10,C4_longformer,C5_e5mistral,6.338354628764078,2.449208118653644e-10,4.506542938322705e-08,False
long_form,10,C4_longformer,D1_concat_mlp,13.696573884843408,3.209029014276842e-42,1.0653976327399116e-39,False
long_form,10,C4_longformer,D2_gated_fusion,14.17649394365326,4.5355093723369674e-45,1.5874282803179385e-42,False
long_form,10,C4_longformer,D3_qwen3,12.5788868282815,6.070421298480174e-36,1.7968447043501316e-33,False
long_form,10,C4_longformer,D3_gteqwen2,14.470335619941736,7.349371101019134e-47,2.6604723385689264e-44,False
long_form,10,C4_longformer,D3_e5mistral,12.95936440618965,5.049384067868178e-38,1.5249139884961897e-35,False
long_form,10,C5_qwen3,A2_har_rv,13.415914032658423,1.3489764780569586e-40,4.262765670659989e-38,False
long_form,10,C5_qwen3,A3_garch,-2.4103774083015024,0.01595863194044742,1.0,False
long_form,10,C5_qwen3,A4_egarch,-1.4464739460741498,0.14808382760623126,1.0,False
long_form,10,C5_qwen3,A5_arima,0.6495617033785672,0.5159941863039419,1.0,False
long_form,10,C5_qwen3,B2_tfidf_ridge,-5.795665367547016,7.065459284840873e-09,1.2576517527016755e-06,True
long_form,10,C5_qwen3,C1_bert_s1,-6.775682952376561,1.3266973467062656e-11,2.6533946934125312e-09,True
long_form,10,C5_qwen3,C1_bert_s2,-5.646524722979173,1.69374813085595e-08,2.947121747689353e-06,True
long_form,10,C5_qwen3,C2_finbert_s1,-9.113046468126505,9.991616498109649e-20,2.537870590519851e-17,True
long_form,10,C5_qwen3,C2_finbert_s2,-8.307395832980147,1.1406093474261012e-16,2.691838059925599e-14,True
long_form,10,C5_qwen3,C2_finbert_s3,-7.34518547219068,2.2588125571474433e-13,4.653153867723733e-11,True
long_form,10,C5_qwen3,C2_finbert_s4,-6.375855549121868,1.9212344463832587e-10,3.611920759200527e-08,True
long_form,10,C5_qwen3,C3_roberta_s1,-8.898844297437977,6.901352102453798e-19,1.7391407298183573e-16,True
long_form,10,C5_qwen3,C4_longformer,-5.589945335063836,2.346760187153247e-08,3.9894923181605195e-06,True
long_form,10,C5_qwen3,C5_gteqwen2,-0.24504514039626005,0.8064278186461001,1.0,False
long_form,10,C5_qwen3,C5_e5mistral,2.8342948736269737,0.004604298607303623,0.5156814440180058,False
long_form,10,C5_qwen3,D1_concat_mlp,7.88837770102363,3.4700146682904005e-15,7.911633443702113e-13,False
long_form,10,C5_qwen3,D2_gated_fusion,10.650386994094081,2.6132503721068985e-26,7.630691086552143e-24,False
long_form,10,C5_qwen3,D3_qwen3,9.263525208151265,2.5038474728400637e-20,6.409849530470563e-18,False
long_form,10,C5_qwen3,D3_gteqwen2,13.42771946521845,1.1543806147400152e-40,3.6709303548732483e-38,False
long_form,10,C5_qwen3,D3_e5mistral,10.3500957970499,6.023178242500799e-25,1.7226289773552286e-22,False
long_form,10,C5_gteqwen2,A2_har_rv,13.734260365454096,1.9317016591070892e-42,6.567785640964104e-40,False
long_form,10,C5_gteqwen2,A3_garch,-2.4266610550175183,0.015260618150404907,1.0,False
long_form,10,C5_gteqwen2,A4_egarch,-1.442305206927797,0.1492557747420095,1.0,False
long_form,10,C5_gteqwen2,A5_arima,0.6866944095234379,0.4922953944353286,1.0,False
long_form,10,C5_gteqwen2,B2_tfidf_ridge,-5.308031509583682,1.1381520384748877e-07,1.866569343098816e-05,True
long_form,10,C5_gteqwen2,C1_bert_s1,-6.208692145270214,5.611502151576247e-10,1.021293391586877e-07,True
long_form,10,C5_gteqwen2,C1_bert_s2,-5.073865860825152,3.986601720767858e-07,6.298830718813215e-05,True
long_form,10,C5_gteqwen2,C2_finbert_s1,-8.589318821696953,1.0422777914706531e-17,2.5431578111883938e-15,True
long_form,10,C5_gteqwen2,C2_finbert_s2,-7.64361408035004,2.359320879962886e-14,5.096133100719834e-12,True
long_form,10,C5_gteqwen2,C2_finbert_s3,-6.733527512528735,1.7713912352415388e-11,3.507354645778247e-09,True
long_form,10,C5_gteqwen2,C2_finbert_s4,-5.740200073418124,9.804795569619646e-09,1.7256440202530577e-06,True
long_form,10,C5_gteqwen2,C3_roberta_s1,-8.201069588297525,2.7570146951542997e-16,6.451414386661061e-14,True
long_form,10,C5_gteqwen2,C4_longformer,-5.106636033966567,3.3557599950606305e-07,5.369215992097009e-05,True
long_form,10,C5_gteqwen2,C5_qwen3,0.24504514039626005,0.8064278186461001,1.0,False
long_form,10,C5_gteqwen2,C5_e5mistral,3.275947006764466,0.0010576055537803717,0.13148676381999475,False
long_form,10,C5_gteqwen2,D1_concat_mlp,7.549558202263322,4.853075220116695e-14,1.0385580971049728e-11,False
long_form,10,C5_gteqwen2,D2_gated_fusion,10.194881710630066,2.9481224662852247e-24,8.254742905598629e-22,False
long_form,10,C5_gteqwen2,D3_qwen3,8.471270315926171,2.865088876620111e-17,6.876213303888266e-15,False
long_form,10,C5_gteqwen2,D3_gteqwen2,13.35835181540951,2.8779297115729083e-40,9.036699294338932e-38,False
long_form,10,C5_gteqwen2,D3_e5mistral,9.93590109712032,3.964448003513394e-23,1.08625875296267e-20,False
long_form,10,C5_e5mistral,A2_har_rv,13.462046982522173,7.333363996811608e-41,2.3613432069733376e-38,False
long_form,10,C5_e5mistral,A3_garch,-2.627276845642142,0.008623688069273865,0.8796161830659343,False
long_form,10,C5_e5mistral,A4_egarch,-1.5199737644836544,0.12855742734024753,1.0,False
long_form,10,C5_e5mistral,A5_arima,0.40917919355075194,0.6824192101306549,1.0,False
long_form,10,C5_e5mistral,B2_tfidf_ridge,-6.380570306008862,1.8632955981734856e-10,3.5402616365296226e-08,True
long_form,10,C5_e5mistral,C1_bert_s1,-7.377334210032354,1.7781974340153525e-13,3.698650662751933e-11,True
long_form,10,C5_e5mistral,C1_bert_s2,-6.368191274494177,2.019196766293807e-10,3.755705985306481e-08,True
long_form,10,C5_e5mistral,C2_finbert_s1,-9.727081035159001,3.076035365856227e-22,8.305295487811813e-20,True
long_form,10,C5_e5mistral,C2_finbert_s2,-8.891063972110496,7.3970754772733585e-19,1.8492688693183395e-16,True
long_form,10,C5_e5mistral,C2_finbert_s3,-7.880545216359991,3.692816902123429e-15,8.27190986075648e-13,True
long_form,10,C5_e5mistral,C2_finbert_s4,-7.011950097421879,2.543238184255439e-12,5.188205895881096e-10,True
long_form,10,C5_e5mistral,C3_roberta_s1,-9.493302012035613,2.902008629757266e-21,7.661302782559182e-19,True
long_form,10,C5_e5mistral,C4_longformer,-6.338354628764078,2.449208118653644e-10,4.506542938322705e-08,True
long_form,10,C5_e5mistral,C5_qwen3,-2.8342948736269737,0.004604298607303623,0.5156814440180058,False
long_form,10,C5_e5mistral,C5_gteqwen2,-3.275947006764466,0.0010576055537803717,0.13148676381999475,False
long_form,10,C5_e5mistral,D1_concat_mlp,7.431644595502788,1.1843351200638665e-13,2.4871037521341197e-11,False
long_form,10,C5_e5mistral,D2_gated_fusion,10.367020428012985,5.058435524607598e-25,1.4568294310869882e-22,False
long_form,10,C5_e5mistral,D3_qwen3,8.390654768225424,5.671504736272684e-17,1.3498181272328989e-14,False
long_form,10,C5_e5mistral,D3_gteqwen2,13.244861686158911,1.2704866474391006e-39,3.963918340009994e-37,False
long_form,10,C5_e5mistral,D3_e5mistral,9.906525851338936,5.30208295844262e-23,1.4421665646963926e-20,False
long_form,10,D1_concat_mlp,A2_har_rv,10.305581617237586,9.520294715021432e-25,2.703763699066087e-22,False
long_form,10,D1_concat_mlp,A3_garch,-4.2036869457810075,2.6548499597121984e-05,0.0037698869427913216,True
long_form,10,D1_concat_mlp,A4_egarch,-2.0924222135594146,0.0364324667201567,1.0,False
long_form,10,D1_concat_mlp,A5_arima,-1.6698755533677563,0.09498344572117176,1.0,False
long_form,10,D1_concat_mlp,B2_tfidf_ridge,-14.148026105823334,6.733561080901813e-45,2.3432792561538308e-42,True
long_form,10,D1_concat_mlp,C1_bert_s1,-14.270471977452921,1.2239806521957936e-45,4.357371121817026e-43,True
long_form,10,D1_concat_mlp,C1_bert_s2,-13.7306138372901,2.029056225621301e-42,6.858210042599997e-40,True
long_form,10,D1_concat_mlp,C2_finbert_s1,-17.261078838886505,1.4422070373951532e-65,6.028425416311741e-63,True
long_form,10,D1_concat_mlp,C2_finbert_s2,-16.009704881777644,8.432280260637783e-57,3.406641225297664e-54,True
long_form,10,D1_concat_mlp,C2_finbert_s3,-15.354312742813917,1.873888119064057e-52,7.23320813958726e-50,True
long_form,10,D1_concat_mlp,C2_finbert_s4,-14.750864213416447,1.3329722231675681e-48,4.9586566701833535e-46,True
long_form,10,D1_concat_mlp,C3_roberta_s1,-16.96518591768335,1.936546643167355e-63,7.978572169849503e-61,True
long_form,10,D1_concat_mlp,C4_longformer,-13.696573884843408,3.209029014276842e-42,1.0653976327399116e-39,True
long_form,10,D1_concat_mlp,C5_qwen3,-7.88837770102363,3.4700146682904005e-15,7.911633443702113e-13,True
long_form,10,D1_concat_mlp,C5_gteqwen2,-7.549558202263322,4.853075220116695e-14,1.0385580971049728e-11,True
long_form,10,D1_concat_mlp,C5_e5mistral,-7.431644595502788,1.1843351200638665e-13,2.4871037521341197e-11,True
long_form,10,D1_concat_mlp,D2_gated_fusion,11.753109754043981,1.2441329651412552e-31,3.65775091751529e-29,False
long_form,10,D1_concat_mlp,D3_qwen3,4.252827788665546,2.1351058246475384e-05,0.003074552387492455,False
long_form,10,D1_concat_mlp,D3_gteqwen2,12.601271841846689,4.596978036952687e-36,1.3698994550119007e-33,False
long_form,10,D1_concat_mlp,D3_e5mistral,7.655031529064856,2.160291235244909e-14,4.709434892833902e-12,False
long_form,10,D2_gated_fusion,A2_har_rv,8.798078147749168,1.6871576700469146e-18,4.15040786831541e-16,False
long_form,10,D2_gated_fusion,A3_garch,-4.824708722514033,1.4282410867058085e-06,0.00022280560952610612,True
long_form,10,D2_gated_fusion,A4_egarch,-2.3011173051874576,0.021410805956483123,1.0,False
long_form,10,D2_gated_fusion,A5_arima,-2.467575559843729,0.013624105375820802,1.0,False
long_form,10,D2_gated_fusion,B2_tfidf_ridge,-14.580604896277716,1.5327737285552797e-47,5.640607321083429e-45,True
long_form,10,D2_gated_fusion,C1_bert_s1,-14.592708191933154,1.2896152875417665e-47,4.771576563904536e-45,True
long_form,10,D2_gated_fusion,C1_bert_s2,-14.24205510874986,1.820352377052114e-45,6.444047414764483e-43,True
long_form,10,D2_gated_fusion,C2_finbert_s1,-17.123903907114798,1.4118201294329398e-64,5.8449353358523706e-62,True
long_form,10,D2_gated_fusion,C2_finbert_s2,-16.031052370790434,6.046688492993706e-57,2.4549555281554448e-54,True
long_form,10,D2_gated_fusion,C2_finbert_s3,-15.571046939024109,7.14540151112739e-54,2.8295789984064467e-51,True
long_form,10,D2_gated_fusion,C2_finbert_s4,-15.034752719563127,2.1411076033382274e-50,8.093386740618499e-48,True
long_form,10,D2_gated_fusion,C3_roberta_s1,-16.88351136465474,7.386417951814895e-63,3.028431360244107e-60,True
long_form,10,D2_gated_fusion,C4_longformer,-14.17649394365326,4.5355093723369674e-45,1.5874282803179385e-42,True
long_form,10,D2_gated_fusion,C5_qwen3,-10.650386994094081,2.6132503721068985e-26,7.630691086552143e-24,True
long_form,10,D2_gated_fusion,C5_gteqwen2,-10.194881710630066,2.9481224662852247e-24,8.254742905598629e-22,True
long_form,10,D2_gated_fusion,C5_e5mistral,-10.367020428012985,5.058435524607598e-25,1.4568294310869882e-22,True
long_form,10,D2_gated_fusion,D1_concat_mlp,-11.753109754043981,1.2441329651412552e-31,3.65775091751529e-29,True
long_form,10,D2_gated_fusion,D3_qwen3,-1.3928289254817567,0.1637105652107385,1.0,False
long_form,10,D2_gated_fusion,D3_gteqwen2,9.318215048030588,1.506047190632047e-20,3.885601751830681e-18,False
long_form,10,D2_gated_fusion,D3_e5mistral,3.180604415755243,0.0014753405210150348,0.17704086252180418,False
long_form,10,D3_qwen3,A2_har_rv,8.805755464472831,1.5766166389798237e-18,3.910009264669963e-16,False
long_form,10,D3_qwen3,A3_garch,-4.715264152508157,2.4551851260573546e-06,0.0003780985094128326,True
long_form,10,D3_qwen3,A4_egarch,-2.2568908110334718,0.02404199384715019,1.0,False
long_form,10,D3_qwen3,A5_arima,-2.314006410159444,0.02069279735648109,1.0,False
long_form,10,D3_qwen3,B2_tfidf_ridge,-13.560172274224207,1.9926332703461815e-41,6.535837126735476e-39,True
long_form,10,D3_qwen3,C1_bert_s1,-13.518425364080827,3.472567789756421e-41,1.1251119638810803e-38,True
long_form,10,D3_qwen3,C1_bert_s2,-12.761645502127216,6.186602482564366e-37,1.8559807447693099e-34,True
long_form,10,D3_qwen3,C2_finbert_s1,-15.770461839553152,3.406472096269833e-55,1.3557758943153936e-52,True
long_form,10,D3_qwen3,C2_finbert_s2,-14.78909322860448,7.675030987566043e-49,2.8704615893497e-46,True
long_form,10,D3_qwen3,C2_finbert_s3,-14.338879105108218,4.6933396521460876e-46,1.6802155954682994e-43,True
long_form,10,D3_qwen3,C2_finbert_s4,-13.71427789995457,2.5286661662072338e-42,8.496318318456305e-40,True
long_form,10,D3_qwen3,C3_roberta_s1,-15.496518865373437,2.207863398132741e-53,8.654824520680345e-51,True
long_form,10,D3_qwen3,C4_longformer,-12.5788868282815,6.070421298480174e-36,1.7968447043501316e-33,True
long_form,10,D3_qwen3,C5_qwen3,-9.263525208151265,2.5038474728400637e-20,6.409849530470563e-18,True
long_form,10,D3_qwen3,C5_gteqwen2,-8.471270315926171,2.865088876620111e-17,6.876213303888266e-15,True
long_form,10,D3_qwen3,C5_e5mistral,-8.390654768225424,5.671504736272684e-17,1.3498181272328989e-14,True
long_form,10,D3_qwen3,D1_concat_mlp,-4.252827788665546,2.1351058246475384e-05,0.003074552387492455,True
long_form,10,D3_qwen3,D2_gated_fusion,1.3928289254817567,0.1637105652107385,1.0,False
long_form,10,D3_qwen3,D3_gteqwen2,9.33705188231436,1.2633136129683718e-20,3.2846153937177667e-18,False
long_form,10,D3_qwen3,D3_e5mistral,6.6369814549382635,3.4122123696281134e-11,6.687936244471102e-09,False
long_form,10,D3_gteqwen2,A2_har_rv,5.531196517617973,3.2817449141028567e-08,5.447696557410742e-06,False
long_form,10,D3_gteqwen2,A3_garch,-5.587642654484796,2.3779575214051534e-08,3.994968635960658e-06,True
long_form,10,D3_gteqwen2,A4_egarch,-2.5417437237563156,0.011048967126368346,1.0,False
long_form,10,D3_gteqwen2,A5_arima,-3.4413055793562206,0.0005818996361542986,0.07797455124467602,False
long_form,10,D3_gteqwen2,B2_tfidf_ridge,-15.175889810151904,2.6713875666156196e-51,1.0204700504471666e-48,True
long_form,10,D3_gteqwen2,C1_bert_s1,-15.21262191853257,1.549507677114934e-51,5.9501094801213464e-49,True
long_form,10,D3_gteqwen2,C1_bert_s2,-14.53467675095449,2.9485967223121666e-47,1.0732892069216286e-44,True
long_form,10,D3_gteqwen2,C2_finbert_s1,-17.47513693789319,3.966874495995362e-67,1.666087288318052e-64,True
long_form,10,D3_gteqwen2,C2_finbert_s2,-16.196118963064905,4.5573826815517e-58,1.8594121340730936e-55,True
long_form,10,D3_gteqwen2,C2_finbert_s3,-15.828145081928268,1.4030050047106505e-55,5.612020018842602e-53,True
long_form,10,D3_gteqwen2,C2_finbert_s4,-15.359218921071038,1.7411402786826635e-52,6.755624281288734e-50,True
long_form,10,D3_gteqwen2,C3_roberta_s1,-17.154154754076306,8.549043404343052e-65,3.5564020562067094e-62,True
long_form,10,D3_gteqwen2,C4_longformer,-14.470335619941736,7.349371101019134e-47,2.6604723385689264e-44,True
long_form,10,D3_gteqwen2,C5_qwen3,-13.42771946521845,1.1543806147400152e-40,3.6709303548732483e-38,True
long_form,10,D3_gteqwen2,C5_gteqwen2,-13.35835181540951,2.8779297115729083e-40,9.036699294338932e-38,True
long_form,10,D3_gteqwen2,C5_e5mistral,-13.244861686158911,1.2704866474391006e-39,3.963918340009994e-37,True
long_form,10,D3_gteqwen2,D1_concat_mlp,-12.601271841846689,4.596978036952687e-36,1.3698994550119007e-33,True
long_form,10,D3_gteqwen2,D2_gated_fusion,-9.318215048030588,1.506047190632047e-20,3.885601751830681e-18,True
long_form,10,D3_gteqwen2,D3_qwen3,-9.33705188231436,1.2633136129683718e-20,3.2846153937177667e-18,True
long_form,10,D3_gteqwen2,D3_e5mistral,-6.38441011637106,1.8173734804016712e-10,3.489357082371209e-08,True
long_form,10,D3_e5mistral,A2_har_rv,8.180164960826946,3.2752499280531075e-16,7.59857983308321e-14,False
long_form,10,D3_e5mistral,A3_garch,-5.211237511835163,1.923100578794678e-07,3.115422937647378e-05,True
long_form,10,D3_e5mistral,A4_egarch,-2.398893738176143,0.016467626586149628,1.0,False
long_form,10,D3_e5mistral,A5_arima,-2.9042465761177576,0.003691543494434713,0.4307453189799006,False
long_form,10,D3_e5mistral,B2_tfidf_ridge,-13.767294116772977,1.236662272483372e-42,4.229384971893133e-40,True
long_form,10,D3_e5mistral,C1_bert_s1,-13.703775445323089,2.912693937057507e-42,9.728397749772074e-40,True
long_form,10,D3_e5mistral,C1_bert_s2,-13.102696328536402,8.025257564807415e-39,2.471779329960684e-36,True
long_form,10,D3_e5mistral,C2_finbert_s1,-15.926771557900564,3.057285530009876e-56,1.2290287830639703e-53,True
long_form,10,D3_e5mistral,C2_finbert_s2,-14.933416251266955,9.435482288028662e-50,3.547741340298777e-47,True
long_form,10,D3_e5mistral,C2_finbert_s3,-14.542308014048688,2.6452236217642303e-47,9.681518455657082e-45,True
long_form,10,D3_e5mistral,C2_finbert_s4,-13.962721188229205,8.658037197699304e-44,2.9783647960085605e-41,True
long_form,10,D3_e5mistral,C3_roberta_s1,-15.559859008834174,8.466728960711176e-54,3.335891210520203e-51,True
long_form,10,D3_e5mistral,C4_longformer,-12.95936440618965,5.049384067868178e-38,1.5249139884961897e-35,True
long_form,10,D3_e5mistral,C5_qwen3,-10.3500957970499,6.023178242500799e-25,1.7226289773552286e-22,True
long_form,10,D3_e5mistral,C5_gteqwen2,-9.93590109712032,3.964448003513394e-23,1.08625875296267e-20,True
long_form,10,D3_e5mistral,C5_e5mistral,-9.906525851338936,5.30208295844262e-23,1.4421665646963926e-20,True
long_form,10,D3_e5mistral,D1_concat_mlp,-7.655031529064856,2.160291235244909e-14,4.709434892833902e-12,True
long_form,10,D3_e5mistral,D2_gated_fusion,-3.180604415755243,0.0014753405210150348,0.17704086252180418,False
long_form,10,D3_e5mistral,D3_qwen3,-6.6369814549382635,3.4122123696281134e-11,6.687936244471102e-09,True
long_form,10,D3_e5mistral,D3_gteqwen2,6.38441011637106,1.8173734804016712e-10,3.489357082371209e-08,False
long_form,20,A2_har_rv,A3_garch,-6.945516125021143,4.069973806455958e-12,9.360939754848704e-10,True
long_form,20,A2_har_rv,A4_egarch,-3.014208607659395,0.002584682055797546,0.36185548781165644,False
long_form,20,A2_har_rv,A5_arima,-4.102085963211276,4.1355257572984656e-05,0.007113104302553361,True
long_form,20,A2_har_rv,B2_tfidf_ridge,-11.859742907722218,3.5875979459867587e-32,1.234133693419445e-29,True
long_form,20,A2_har_rv,C1_bert_s1,-11.787036992169346,8.399108544506881e-32,2.838898688043326e-29,True
long_form,20,A2_har_rv,C1_bert_s2,-11.587637256740512,8.439437186321641e-31,2.801893145858785e-28,True
long_form,20,A2_har_rv,C2_finbert_s1,-10.38056733899283,4.4042796946489895e-25,1.250815433280313e-22,True
long_form,20,A2_har_rv,C2_finbert_s2,-10.069361049412006,1.0485392658312268e-23,2.8939683736941858e-21,True
long_form,20,A2_har_rv,C2_finbert_s3,-10.731740571788515,1.1023638692216113e-26,3.329138885049266e-24,True
long_form,20,A2_har_rv,C2_finbert_s4,-9.332491647864614,1.3195127721058567e-20,3.4835137183594615e-18,True
long_form,20,A2_har_rv,C3_roberta_s1,-12.573237325311773,6.531069479824696e-36,2.3511850127368906e-33,True
long_form,20,A2_har_rv,C4_longformer,-10.43345453508196,2.546445563245509e-25,7.384692133411975e-23,True
long_form,20,A2_har_rv,C5_qwen3,-13.195361095659978,2.4278375392452868e-39,9.322896150701902e-37,True
long_form,20,A2_har_rv,C5_gteqwen2,-13.496088144210795,4.690071902718075e-41,1.8291280420600493e-38,True
long_form,20,A2_har_rv,C5_e5mistral,-13.850072402939206,4.044816907410089e-43,1.6260163967788557e-40,True
long_form,20,A2_har_rv,D1_concat_mlp,-9.606361001935685,9.876602226799008e-22,2.6469293967821344e-19,True
long_form,20,A2_har_rv,D2_gated_fusion,-7.758595896418469,9.661487526197516e-15,2.3380799813397986e-12,True
long_form,20,A2_har_rv,D3_qwen3,-5.632344165450158,1.8387631125439204e-08,3.677526225087841e-06,True
long_form,20,A2_har_rv,D3_gteqwen2,-1.8024744421197596,0.07150888634937037,1.0,False
long_form,20,A2_har_rv,D3_e5mistral,-4.273516835516309,1.946723574150731e-05,0.003387299019022272,True
long_form,20,A3_garch,A2_har_rv,6.945516125021143,4.069973806455958e-12,9.360939754848704e-10,False
long_form,20,A3_garch,A4_egarch,0.00580403956980961,0.9953692189679857,1.0,False
long_form,20,A3_garch,A5_arima,4.353991059510759,1.3536662250479823e-05,0.0023824525560844486,False
long_form,20,A3_garch,B2_tfidf_ridge,1.3025761046884232,0.19275748523246766,1.0,False
long_form,20,A3_garch,C1_bert_s1,1.3362014676887608,0.18152191251642175,1.0,False
long_form,20,A3_garch,C1_bert_s2,1.6585985222462822,0.09723641286878411,1.0,False
long_form,20,A3_garch,C2_finbert_s1,2.3365181601753,0.01948911599183477,1.0,False
long_form,20,A3_garch,C2_finbert_s2,2.586947311064039,0.009700740480926824,1.0,False
long_form,20,A3_garch,C2_finbert_s3,1.9287031094270204,0.05380351065586378,1.0,False
long_form,20,A3_garch,C2_finbert_s4,3.217393395055831,0.001298828173468657,0.19222656967336121,False
long_form,20,A3_garch,C3_roberta_s1,0.667288928566284,0.5046070846918277,1.0,False
long_form,20,A3_garch,C4_longformer,2.457845378440303,0.013998650610857569,1.0,False
long_form,20,A3_garch,C5_qwen3,2.9868700266497834,0.002827146553289854,0.39014622435399987,False
long_form,20,A3_garch,C5_gteqwen2,2.821358385499809,0.004794006884338006,0.6136328811952648,False
long_form,20,A3_garch,C5_e5mistral,2.9415297808562917,0.003275435353750701,0.4380037145813302,False
long_form,20,A3_garch,D1_concat_mlp,4.5702383892774625,4.945705872218294e-06,0.0008803356452548564,False
long_form,20,A3_garch,D2_gated_fusion,4.774787236621871,1.8313411038138977e-06,0.0003296413986865016,False
long_form,20,A3_garch,D3_qwen3,5.970379010832779,2.469323660990659e-09,5.136193214860571e-07,False
long_form,20,A3_garch,D3_gteqwen2,6.467372079895515,1.0565305653773635e-10,2.3666284664452944e-08,False
long_form,20,A3_garch,D3_e5mistral,6.266677296383426,3.881668722115852e-10,8.384404439770241e-08,False
long_form,20,A4_egarch,A2_har_rv,3.014208607659395,0.002584682055797546,0.36185548781165644,False
long_form,20,A4_egarch,A3_garch,-0.00580403956980961,0.9953692189679857,1.0,False
long_form,20,A4_egarch,A5_arima,1.7994211252383043,0.07199023062140676,1.0,False
long_form,20,A4_egarch,B2_tfidf_ridge,0.6507836481798698,0.5152050815560804,1.0,False
long_form,20,A4_egarch,C1_bert_s1,0.6667027385271765,0.5049814969265057,1.0,False
long_form,20,A4_egarch,C1_bert_s2,0.8143630120663525,0.4154615649722119,1.0,False
long_form,20,A4_egarch,C2_finbert_s1,1.141607795476464,0.2536516796736406,1.0,False
long_form,20,A4_egarch,C2_finbert_s2,1.2664520875344103,0.20538860747200813,1.0,False
long_form,20,A4_egarch,C2_finbert_s3,0.9510323817424844,0.341617028486894,1.0,False
long_form,20,A4_egarch,C2_finbert_s4,1.540359123900888,0.12351288564136384,1.0,False
long_form,20,A4_egarch,C3_roberta_s1,0.3358285672212629,0.7370090636666329,1.0,False
long_form,20,A4_egarch,C4_longformer,1.2034087528874726,0.22885423784756395,1.0,False
long_form,20,A4_egarch,C5_qwen3,1.3763009228432987,0.16876749102332325,1.0,False
long_form,20,A4_egarch,C5_gteqwen2,1.3011667326281258,0.19323933175226388,1.0,False
long_form,20,A4_egarch,C5_e5mistral,1.3541105526578652,0.17573983707503785,1.0,False
long_form,20,A4_egarch,D1_concat_mlp,2.1402539411237016,0.03236477920020666,1.0,False
long_form,20,A4_egarch,D2_gated_fusion,2.238729507800945,0.02520125173997676,1.0,False
long_form,20,A4_egarch,D3_qwen3,2.703578965663131,0.006874394112916531,0.8111785053241507,False
long_form,20,A4_egarch,D3_gteqwen2,2.9160124414119317,0.0035553345321487828,0.4621934891793418,False
long_form,20,A4_egarch,D3_e5mistral,2.8165677450335975,0.004866018020071912,0.6136328811952648,False
long_form,20,A5_arima,A2_har_rv,4.102085963211276,4.1355257572984656e-05,0.007113104302553361,False
long_form,20,A5_arima,A3_garch,-4.353991059510759,1.3536662250479823e-05,0.0023824525560844486,True
long_form,20,A5_arima,A4_egarch,-1.7994211252383043,0.07199023062140676,1.0,False
long_form,20,A5_arima,B2_tfidf_ridge,-2.7819915791354375,0.00541545795331245,0.660685870304119,False
long_form,20,A5_arima,C1_bert_s1,-2.7283840234984567,0.006378620489588341,0.7654344587506009,False
long_form,20,A5_arima,C1_bert_s2,-2.40360072869311,0.01625738655907949,1.0,False
long_form,20,A5_arima,C2_finbert_s1,-1.5857469725984759,0.112836737633001,1.0,False
long_form,20,A5_arima,C2_finbert_s2,-1.287876661140705,0.19782661896453937,1.0,False
long_form,20,A5_arima,C2_finbert_s3,-2.0308637411428383,0.04230223441458776,1.0,False
long_form,20,A5_arima,C2_finbert_s4,-0.615570318826481,0.5381958764275667,1.0,False
long_form,20,A5_arima,C3_roberta_s1,-3.4319400183573623,0.0006023511907178367,0.09276208337054685,False
long_form,20,A5_arima,C4_longformer,-1.4581031095620784,0.14485187130617738,1.0,False
long_form,20,A5_arima,C5_qwen3,-1.2300067736566096,0.2187311904175595,1.0,False
long_form,20,A5_arima,C5_gteqwen2,-1.4362993732265328,0.15095676419967727,1.0,False
long_form,20,A5_arima,C5_e5mistral,-1.2904665062520304,0.19692649627341058,1.0,False
long_form,20,A5_arima,D1_concat_mlp,1.0445681085083098,0.29625458257040743,1.0,False
long_form,20,A5_arima,D2_gated_fusion,1.338937393917374,0.18062957482916245,1.0,False
long_form,20,A5_arima,D3_qwen3,2.794565124982895,0.0052094853172970565,0.645976179344835,False
long_form,20,A5_arima,D3_gteqwen2,3.4793230105362816,0.0005053935763014805,0.07884139790303096,False
long_form,20,A5_arima,D3_e5mistral,3.1817454007172685,0.0014695707032109254,0.2145573226687951,False
long_form,20,B2_tfidf_ridge,A2_har_rv,11.859742907722218,3.5875979459867587e-32,1.234133693419445e-29,False
long_form,20,B2_tfidf_ridge,A3_garch,-1.3025761046884232,0.19275748523246766,1.0,False
long_form,20,B2_tfidf_ridge,A4_egarch,-0.6507836481798698,0.5152050815560804,1.0,False
long_form,20,B2_tfidf_ridge,A5_arima,2.7819915791354375,0.00541545795331245,0.660685870304119,False
long_form,20,B2_tfidf_ridge,C1_bert_s1,0.2869767059528062,0.774137681652434,1.0,False
long_form,20,B2_tfidf_ridge,C1_bert_s2,2.942169430028621,0.003268684437174106,0.4380037145813302,False
long_form,20,B2_tfidf_ridge,C2_finbert_s1,6.242963812988354,4.515236894814253e-10,9.6626069549025e-08,False
long_form,20,B2_tfidf_ridge,C2_finbert_s2,9.818110315975353,1.267147859624352e-22,3.446642178178238e-20,False
long_form,20,B2_tfidf_ridge,C2_finbert_s3,4.986098420219942,6.292224007505127e-07,0.00011703536653959535,False
long_form,20,B2_tfidf_ridge,C2_finbert_s4,11.622333395811873,5.66393507147232e-31,1.891754313871755e-28,False
long_form,20,B2_tfidf_ridge,C3_roberta_s1,-5.453540799207071,5.0868737092135734e-08,9.868534995874332e-06,True
long_form,20,B2_tfidf_ridge,C4_longformer,9.03399197947154,2.051047659503531e-19,5.29170296151911e-17,False
long_form,20,B2_tfidf_ridge,C5_qwen3,3.7889280569933788,0.00015242261883577154,0.024997309489066533,False
long_form,20,B2_tfidf_ridge,C5_gteqwen2,3.3588475305513965,0.0007863845301139052,0.1195304485773136,False
long_form,20,B2_tfidf_ridge,C5_e5mistral,3.698350456775617,0.00021847661423147024,0.03539321150549818,False
long_form,20,B2_tfidf_ridge,D1_concat_mlp,11.817227119218174,5.903303853083374e-32,2.0071233100483471e-29,False
long_form,20,B2_tfidf_ridge,D2_gated_fusion,13.428712268487981,1.1438536706392043e-40,4.4381522420801124e-38,False
long_form,20,B2_tfidf_ridge,D3_qwen3,12.766869579420506,5.811780997713287e-37,2.1503589691539163e-34,False
long_form,20,B2_tfidf_ridge,D3_gteqwen2,13.87640182758566,2.8271193871204435e-43,1.1478104711709e-40,False
long_form,20,B2_tfidf_ridge,D3_e5mistral,13.018792584797652,2.3690595098326815e-38,8.955044947167536e-36,False
long_form,20,C1_bert_s1,A2_har_rv,11.787036992169346,8.399108544506881e-32,2.838898688043326e-29,False
long_form,20,C1_bert_s1,A3_garch,-1.3362014676887608,0.18152191251642175,1.0,False
long_form,20,C1_bert_s1,A4_egarch,-0.6667027385271765,0.5049814969265057,1.0,False
long_form,20,C1_bert_s1,A5_arima,2.7283840234984567,0.006378620489588341,0.7654344587506009,False
long_form,20,C1_bert_s1,B2_tfidf_ridge,-0.2869767059528062,0.774137681652434,1.0,False
long_form,20,C1_bert_s1,C1_bert_s2,3.1452004256193766,0.0016658873702365,0.23988778131405603,False
long_form,20,C1_bert_s1,C2_finbert_s1,7.773069420332087,8.626231107376855e-15,2.1048003901999526e-12,False
long_form,20,C1_bert_s1,C2_finbert_s2,12.236254620089143,4.0471810196730135e-34,1.4165133568855547e-31,False
long_form,20,C1_bert_s1,C2_finbert_s3,5.506077564917631,3.7843084972563035e-08,7.492930824567481e-06,False
long_form,20,C1_bert_s1,C2_finbert_s4,12.647121871947348,2.605391364841703e-36,9.587840222617468e-34,False
long_form,20,C1_bert_s1,C3_roberta_s1,-9.473880926445043,3.492104943954653e-21,9.288999150919377e-19,True
long_form,20,C1_bert_s1,C4_longformer,10.857888011907784,2.8484424569854042e-27,8.716233918375337e-25,False
long_form,20,C1_bert_s1,C5_qwen3,3.972054301191805,7.188833902605992e-05,0.012221017634430188,False
long_form,20,C1_bert_s1,C5_gteqwen2,3.5049423081535642,0.0004592379943973172,0.07255960311477612,False
long_form,20,C1_bert_s1,C5_e5mistral,3.8566961624258216,0.00011584276822099224,0.019461585061126697,False
long_form,20,C1_bert_s1,D1_concat_mlp,11.489265665515399,2.5982484382980952e-30,8.418324940085829e-28,False
long_form,20,C1_bert_s1,D2_gated_fusion,13.13261614752516,5.4731713815939535e-39,2.0907514677688903e-36,False
long_form,20,C1_bert_s1,D3_qwen3,12.637792382956219,2.926789932918804e-36,1.0653515355824446e-33,False
long_form,20,C1_bert_s1,D3_gteqwen2,13.76978930526635,1.2008635295952283e-42,4.779436847789008e-40,False
long_form,20,C1_bert_s1,D3_e5mistral,12.82588708890028,2.7608728393906594e-37,1.0325664419321066e-34,False
long_form,20,C1_bert_s2,A2_har_rv,11.587637256740512,8.439437186321641e-31,2.801893145858785e-28,False
long_form,20,C1_bert_s2,A3_garch,-1.6585985222462822,0.09723641286878411,1.0,False
long_form,20,C1_bert_s2,A4_egarch,-0.8143630120663525,0.4154615649722119,1.0,False
long_form,20,C1_bert_s2,A5_arima,2.40360072869311,0.01625738655907949,1.0,False
long_form,20,C1_bert_s2,B2_tfidf_ridge,-2.942169430028621,0.003268684437174106,0.4380037145813302,False
long_form,20,C1_bert_s2,C1_bert_s1,-3.1452004256193766,0.0016658873702365,0.23988778131405603,False
long_form,20,C1_bert_s2,C2_finbert_s1,5.717607344405544,1.1196782787619238e-08,2.261750123099086e-06,False
long_form,20,C1_bert_s2,C2_finbert_s2,8.934750546213895,5.010980993479641e-19,1.282811134330788e-16,False
long_form,20,C1_bert_s2,C2_finbert_s3,3.844834693485318,0.00012158083477675672,0.020182418572941615,False
long_form,20,C1_bert_s2,C2_finbert_s4,13.770706993709394,1.1860588036235919e-42,4.744235214494368e-40,False
long_form,20,C1_bert_s2,C3_roberta_s1,-8.027855232223457,1.134989254403995e-15,2.8147733509219074e-13,True
long_form,20,C1_bert_s2,C4_longformer,7.681811330035483,1.7567745245271263e-14,4.216258858865103e-12,False
long_form,20,C1_bert_s2,C5_qwen3,3.0496137544857476,0.002298947258870332,0.32645051075958714,False
long_form,20,C1_bert_s2,C5_gteqwen2,2.5981462665208,0.00939025513978053,1.0,False
long_form,20,C1_bert_s2,C5_e5mistral,2.957956241690263,0.00310603519757925,0.422420786870778,False
long_form,20,C1_bert_s2,D1_concat_mlp,11.002089500486345,5.953202467918092e-28,1.8573991699904445e-25,False
long_form,20,C1_bert_s2,D2_gated_fusion,12.896204564336621,1.1325184909478354e-37,4.258269525963861e-35,False
long_form,20,C1_bert_s2,D3_qwen3,12.292619756805092,2.044591011553951e-34,7.237852180900987e-32,False
long_form,20,C1_bert_s2,D3_gteqwen2,13.523183702853059,3.273050932428735e-41,1.283035965512064e-38,False
long_form,20,C1_bert_s2,D3_e5mistral,12.646619139683546,2.6217793191897878e-36,9.595712308234623e-34,False
long_form,20,C2_finbert_s1,A2_har_rv,10.38056733899283,4.4042796946489895e-25,1.250815433280313e-22,False
long_form,20,C2_finbert_s1,A3_garch,-2.3365181601753,0.01948911599183477,1.0,False
long_form,20,C2_finbert_s1,A4_egarch,-1.141607795476464,0.2536516796736406,1.0,False
long_form,20,C2_finbert_s1,A5_arima,1.5857469725984759,0.112836737633001,1.0,False
long_form,20,C2_finbert_s1,B2_tfidf_ridge,-6.242963812988354,4.515236894814253e-10,9.6626069549025e-08,True
long_form,20,C2_finbert_s1,C1_bert_s1,-7.773069420332087,8.626231107376855e-15,2.1048003901999526e-12,True
long_form,20,C2_finbert_s1,C1_bert_s2,-5.717607344405544,1.1196782787619238e-08,2.261750123099086e-06,True
long_form,20,C2_finbert_s1,C2_finbert_s2,2.2593694405165663,0.023887543158878467,1.0,False
long_form,20,C2_finbert_s1,C2_finbert_s3,-3.5230012359936542,0.00042910061962517807,0.06865609914002849,False
long_form,20,C2_finbert_s1,C2_finbert_s4,6.477990739666424,9.851712877735631e-11,2.2264871103682527e-08,False
long_form,20,C2_finbert_s1,C3_roberta_s1,-10.907147781560958,1.672354214429181e-27,5.150850980441877e-25,True
long_form,20,C2_finbert_s1,C4_longformer,0.8581513949889449,0.39083490204520094,1.0,False
long_form,20,C2_finbert_s1,C5_qwen3,1.2570678001242057,0.20876624425447018,1.0,False
long_form,20,C2_finbert_s1,C5_gteqwen2,0.7833925176406838,0.4334201301749748,1.0,False
long_form,20,C2_finbert_s1,C5_e5mistral,1.15022514264234,0.2500859652111988,1.0,False
long_form,20,C2_finbert_s1,D1_concat_mlp,8.713851099492606,3.5377398601035794e-18,8.91510444746102e-16,False
long_form,20,C2_finbert_s1,D2_gated_fusion,10.72418965400485,1.1948036022659003e-26,3.584410806797701e-24,False
long_form,20,C2_finbert_s1,D3_qwen3,10.605786745643112,4.193701314672654e-26,1.2329481865137603e-23,False
long_form,20,C2_finbert_s1,D3_gteqwen2,11.999338089927663,6.90946192517441e-33,2.4044927499606943e-30,False
long_form,20,C2_finbert_s1,D3_e5mistral,11.113331410711092,1.755662671810518e-28,5.583007296357448e-26,False
long_form,20,C2_finbert_s2,A2_har_rv,10.069361049412006,1.0485392658312268e-23,2.8939683736941858e-21,False
long_form,20,C2_finbert_s2,A3_garch,-2.586947311064039,0.009700740480926824,1.0,False
long_form,20,C2_finbert_s2,A4_egarch,-1.2664520875344103,0.20538860747200813,1.0,False
long_form,20,C2_finbert_s2,A5_arima,1.287876661140705,0.19782661896453937,1.0,False
long_form,20,C2_finbert_s2,B2_tfidf_ridge,-9.818110315975353,1.267147859624352e-22,3.446642178178238e-20,True
long_form,20,C2_finbert_s2,C1_bert_s1,-12.236254620089143,4.0471810196730135e-34,1.4165133568855547e-31,True
long_form,20,C2_finbert_s2,C1_bert_s2,-8.934750546213895,5.010980993479641e-19,1.282811134330788e-16,True
long_form,20,C2_finbert_s2,C2_finbert_s1,-2.2593694405165663,0.023887543158878467,1.0,False
long_form,20,C2_finbert_s2,C2_finbert_s3,-7.337202695477778,2.3975759019170246e-13,5.706230646562518e-11,True
long_form,20,C2_finbert_s2,C2_finbert_s4,5.7570301821903245,8.880926345133654e-09,1.8117089744072654e-06,False
long_form,20,C2_finbert_s2,C3_roberta_s1,-15.595177874721712,4.98880986051066e-54,2.095300141414477e-51,True
long_form,20,C2_finbert_s2,C4_longformer,-1.8084791838377123,0.07056995558259697,1.0,False
long_form,20,C2_finbert_s2,C5_qwen3,0.5343088183286692,0.5931429255197443,1.0,False
long_form,20,C2_finbert_s2,C5_gteqwen2,0.02526580658202495,0.9798435856760033,1.0,False
long_form,20,C2_finbert_s2,C5_e5mistral,0.4002587138691807,0.6889767947179917,1.0,False
long_form,20,C2_finbert_s2,D1_concat_mlp,8.2701424564781,1.556777321398497e-16,3.8919433034962423e-14,False
long_form,20,C2_finbert_s2,D2_gated_fusion,10.075077331629666,9.900524218618591e-24,2.7523457327759683e-21,False
long_form,20,C2_finbert_s2,D3_qwen3,10.285289309520001,1.1738613980109608e-24,3.3102891423909097e-22,False
long_form,20,C2_finbert_s2,D3_gteqwen2,11.822875529907,5.525892610737699e-32,1.889855272872293e-29,False
long_form,20,C2_finbert_s2,D3_e5mistral,10.80328719597115,5.126202858787002e-27,1.5583656690712486e-24,False
long_form,20,C2_finbert_s3,A2_har_rv,10.731740571788515,1.1023638692216113e-26,3.329138885049266e-24,False
long_form,20,C2_finbert_s3,A3_garch,-1.9287031094270204,0.05380351065586378,1.0,False
long_form,20,C2_finbert_s3,A4_egarch,-0.9510323817424844,0.341617028486894,1.0,False
long_form,20,C2_finbert_s3,A5_arima,2.0308637411428383,0.04230223441458776,1.0,False
long_form,20,C2_finbert_s3,B2_tfidf_ridge,-4.986098420219942,6.292224007505127e-07,0.00011703536653959535,True
long_form,20,C2_finbert_s3,C1_bert_s1,-5.506077564917631,3.7843084972563035e-08,7.492930824567481e-06,True
long_form,20,C2_finbert_s3,C1_bert_s2,-3.844834693485318,0.00012158083477675672,0.020182418572941615,True
long_form,20,C2_finbert_s3,C2_finbert_s1,3.5230012359936542,0.00042910061962517807,0.06865609914002849,False
long_form,20,C2_finbert_s3,C2_finbert_s2,7.337202695477778,2.3975759019170246e-13,5.706230646562518e-11,False
long_form,20,C2_finbert_s3,C2_finbert_s4,10.561573920434242,6.679375091410464e-26,1.9503775266918554e-23,False
long_form,20,C2_finbert_s3,C3_roberta_s1,-10.382751289988656,4.305981114830821e-25,1.2315105988416149e-22,True
long_form,20,C2_finbert_s3,C4_longformer,4.836352877474939,1.3474356334601492e-06,0.00024523328528974715,False
long_form,20,C2_finbert_s3,C5_qwen3,2.278105833770948,0.022746854142232174,1.0,False
long_form,20,C2_finbert_s3,C5_gteqwen2,1.8292962254953828,0.06739291128631256,1.0,False
long_form,20,C2_finbert_s3,C5_e5mistral,2.190195304016511,0.028539202399314446,1.0,False
long_form,20,C2_finbert_s3,D1_concat_mlp,9.72826172765211,3.0443494782158025e-22,8.219743591182667e-20,False
long_form,20,C2_finbert_s3,D2_gated_fusion,11.511992241894538,2.0054253764230618e-30,6.537686727139181e-28,False
long_form,20,C2_finbert_s3,D3_qwen3,11.09357479351234,2.182709263214829e-28,6.897361271758859e-26,False
long_form,20,C2_finbert_s3,D3_gteqwen2,12.372306555899092,7.747351863006134e-35,2.7580572632301836e-32,False
long_form,20,C2_finbert_s3,D3_e5mistral,11.539545496297201,1.4640676426264126e-30,4.802141867814633e-28,False
long_form,20,C2_finbert_s4,A2_har_rv,9.332491647864614,1.3195127721058567e-20,3.4835137183594615e-18,False
long_form,20,C2_finbert_s4,A3_garch,-3.217393395055831,0.001298828173468657,0.19222656967336121,False
long_form,20,C2_finbert_s4,A4_egarch,-1.540359123900888,0.12351288564136384,1.0,False
long_form,20,C2_finbert_s4,A5_arima,0.615570318826481,0.5381958764275667,1.0,False
long_form,20,C2_finbert_s4,B2_tfidf_ridge,-11.622333395811873,5.66393507147232e-31,1.891754313871755e-28,True
long_form,20,C2_finbert_s4,C1_bert_s1,-12.647121871947348,2.605391364841703e-36,9.587840222617468e-34,True
long_form,20,C2_finbert_s4,C1_bert_s2,-13.770706993709394,1.1860588036235919e-42,4.744235214494368e-40,True
long_form,20,C2_finbert_s4,C2_finbert_s1,-6.477990739666424,9.851712877735631e-11,2.2264871103682527e-08,True
long_form,20,C2_finbert_s4,C2_finbert_s2,-5.7570301821903245,8.880926345133654e-09,1.8117089744072654e-06,True
long_form,20,C2_finbert_s4,C2_finbert_s3,-10.561573920434242,6.679375091410464e-26,1.9503775266918554e-23,True
long_form,20,C2_finbert_s4,C3_roberta_s1,-13.852907438847925,3.891910094819558e-43,1.5723316783071014e-40,True
long_form,20,C2_finbert_s4,C4_longformer,-6.330404008295709,2.578669201293106e-10,5.724645626870696e-08,True
long_form,20,C2_finbert_s4,C5_qwen3,-1.4174561792676659,0.15638903008504737,1.0,False
long_form,20,C2_finbert_s4,C5_gteqwen2,-1.9313156445004223,0.05347975495308238,1.0,False
long_form,20,C2_finbert_s4,C5_e5mistral,-1.607895520121626,0.10789801907449359,1.0,False
long_form,20,C2_finbert_s4,D1_concat_mlp,6.002718629549473,2.0260830819541122e-09,4.2547744721036357e-07,False
long_form,20,C2_finbert_s4,D2_gated_fusion,7.9633590952296185,1.907773716459043e-15,4.693123342489246e-13,False
long_form,20,C2_finbert_s4,D3_qwen3,9.258701388553337,2.620709358332905e-20,6.866258518832212e-18,False
long_form,20,C2_finbert_s4,D3_gteqwen2,11.069908645336815,2.831720726981887e-28,8.891603082723125e-26,False
long_form,20,C2_finbert_s4,D3_e5mistral,9.871429864379184,7.504869050163716e-23,2.056334119744858e-20,False
long_form,20,C3_roberta_s1,A2_har_rv,12.573237325311773,6.531069479824696e-36,2.3511850127368906e-33,False
long_form,20,C3_roberta_s1,A3_garch,-0.667288928566284,0.5046070846918277,1.0,False
long_form,20,C3_roberta_s1,A4_egarch,-0.3358285672212629,0.7370090636666329,1.0,False
long_form,20,C3_roberta_s1,A5_arima,3.4319400183573623,0.0006023511907178367,0.09276208337054685,False
long_form,20,C3_roberta_s1,B2_tfidf_ridge,5.453540799207071,5.0868737092135734e-08,9.868534995874332e-06,False
long_form,20,C3_roberta_s1,C1_bert_s1,9.473880926445043,3.492104943954653e-21,9.288999150919377e-19,False
long_form,20,C3_roberta_s1,C1_bert_s2,8.027855232223457,1.134989254403995e-15,2.8147733509219074e-13,False
long_form,20,C3_roberta_s1,C2_finbert_s1,10.907147781560958,1.672354214429181e-27,5.150850980441877e-25,False
long_form,20,C3_roberta_s1,C2_finbert_s2,15.595177874721712,4.98880986051066e-54,2.095300141414477e-51,False
long_form,20,C3_roberta_s1,C2_finbert_s3,10.382751289988656,4.305981114830821e-25,1.2315105988416149e-22,False
long_form,20,C3_roberta_s1,C2_finbert_s4,13.852907438847925,3.891910094819558e-43,1.5723316783071014e-40,False
long_form,20,C3_roberta_s1,C4_longformer,15.357570874007472,1.796598411417485e-52,7.509781359725088e-50,False
long_form,20,C3_roberta_s1,C5_qwen3,5.502217178091027,3.8678111113049374e-08,7.580909778157677e-06,False
long_form,20,C3_roberta_s1,C5_gteqwen2,5.047240834494416,4.5824126356440953e-07,8.706584007723782e-05,False
long_form,20,C3_roberta_s1,C5_e5mistral,5.4041305506531625,6.702237830321556e-08,1.2868296634217387e-05,False
long_form,20,C3_roberta_s1,D1_concat_mlp,13.054201981444272,1.5037633480198174e-38,5.714300722475306e-36,False
long_form,20,C3_roberta_s1,D2_gated_fusion,14.46792038582218,7.645418687206398e-47,3.134621661754623e-44,False
long_form,20,C3_roberta_s1,D3_qwen3,13.602763642257345,1.1334523625673482e-41,4.465802308515352e-39,False
long_form,20,C3_roberta_s1,D3_gteqwen2,14.576187148214407,1.6413742739377903e-47,6.795289494102452e-45,False
long_form,20,C3_roberta_s1,D3_e5mistral,13.749930433699301,1.5703459771697942e-42,6.218570069592385e-40,False
long_form,20,C4_longformer,A2_har_rv,10.43345453508196,2.546445563245509e-25,7.384692133411975e-23,False
long_form,20,C4_longformer,A3_garch,-2.457845378440303,0.013998650610857569,1.0,False
long_form,20,C4_longformer,A4_egarch,-1.2034087528874726,0.22885423784756395,1.0,False
long_form,20,C4_longformer,A5_arima,1.4581031095620784,0.14485187130617738,1.0,False
long_form,20,C4_longformer,B2_tfidf_ridge,-9.03399197947154,2.051047659503531e-19,5.29170296151911e-17,True
long_form,20,C4_longformer,C1_bert_s1,-10.857888011907784,2.8484424569854042e-27,8.716233918375337e-25,True
long_form,20,C4_longformer,C1_bert_s2,-7.681811330035483,1.7567745245271263e-14,4.216258858865103e-12,True
long_form,20,C4_longformer,C2_finbert_s1,-0.8581513949889449,0.39083490204520094,1.0,False
long_form,20,C4_longformer,C2_finbert_s2,1.8084791838377123,0.07056995558259697,1.0,False
long_form,20,C4_longformer,C2_finbert_s3,-4.836352877474939,1.3474356334601492e-06,0.00024523328528974715,True
long_form,20,C4_longformer,C2_finbert_s4,6.330404008295709,2.578669201293106e-10,5.724645626870696e-08,False
long_form,20,C4_longformer,C3_roberta_s1,-15.357570874007472,1.796598411417485e-52,7.509781359725088e-50,True
long_form,20,C4_longformer,C5_qwen3,0.9687119944159894,0.3327185582302472,1.0,False
long_form,20,C4_longformer,C5_gteqwen2,0.4686193159438663,0.6393546963290146,1.0,False
long_form,20,C4_longformer,C5_e5mistral,0.8429775455770945,0.3992665200495044,1.0,False
long_form,20,C4_longformer,D1_concat_mlp,8.9185789325711,5.790968584034245e-19,1.4709060203446981e-16,False
long_form,20,C4_longformer,D2_gated_fusion,10.625247663913276,3.414819911013606e-26,1.0107866936600275e-23,False
long_form,20,C4_longformer,D3_qwen3,10.982911625950665,7.339400614334451e-28,2.2752141904436797e-25,False
long_form,20,C4_longformer,D3_gteqwen2,12.477460521384515,2.1332996797470566e-35,7.637212853494462e-33,False
long_form,20,C4_longformer,D3_e5mistral,11.38319421381202,8.64627815608967e-30,2.7841015662608734e-27,False
long_form,20,C5_qwen3,A2_har_rv,13.195361095659978,2.4278375392452868e-39,9.322896150701902e-37,False
long_form,20,C5_qwen3,A3_garch,-2.9868700266497834,0.002827146553289854,0.39014622435399987,False
long_form,20,C5_qwen3,A4_egarch,-1.3763009228432987,0.16876749102332325,1.0,False
long_form,20,C5_qwen3,A5_arima,1.2300067736566096,0.2187311904175595,1.0,False
long_form,20,C5_qwen3,B2_tfidf_ridge,-3.7889280569933788,0.00015242261883577154,0.024997309489066533,True
long_form,20,C5_qwen3,C1_bert_s1,-3.972054301191805,7.188833902605992e-05,0.012221017634430188,True
long_form,20,C5_qwen3,C1_bert_s2,-3.0496137544857476,0.002298947258870332,0.32645051075958714,False
long_form,20,C5_qwen3,C2_finbert_s1,-1.2570678001242057,0.20876624425447018,1.0,False
long_form,20,C5_qwen3,C2_finbert_s2,-0.5343088183286692,0.5931429255197443,1.0,False
long_form,20,C5_qwen3,C2_finbert_s3,-2.278105833770948,0.022746854142232174,1.0,False
long_form,20,C5_qwen3,C2_finbert_s4,1.4174561792676659,0.15638903008504737,1.0,False
long_form,20,C5_qwen3,C3_roberta_s1,-5.502217178091027,3.8678111113049374e-08,7.580909778157677e-06,True
long_form,20,C5_qwen3,C4_longformer,-0.9687119944159894,0.3327185582302472,1.0,False
long_form,20,C5_qwen3,C5_gteqwen2,-3.3279977517686024,0.0008787238656233731,0.13180857984350597,False
long_form,20,C5_qwen3,C5_e5mistral,-0.6986685521801279,0.48477975528049755,1.0,False
long_form,20,C5_qwen3,D1_concat_mlp,5.913224658036186,3.4942863652875414e-09,7.198229912492336e-07,False
long_form,20,C5_qwen3,D2_gated_fusion,6.699340890169932,2.2371312189407174e-11,5.1006591791848355e-09,False
long_form,20,C5_qwen3,D3_qwen3,11.338051550065003,1.4376362291304173e-29,4.6004359332173355e-27,False
long_form,20,C5_qwen3,D3_gteqwen2,14.104684223806515,1.233063898010944e-44,5.030900703884652e-42,False
long_form,20,C5_qwen3,D3_e5mistral,11.958872829916716,1.1159093898905224e-32,3.861046489021208e-30,False
long_form,20,C5_gteqwen2,A2_har_rv,13.496088144210795,4.690071902718075e-41,1.8291280420600493e-38,False
long_form,20,C5_gteqwen2,A3_garch,-2.821358385499809,0.004794006884338006,0.6136328811952648,False
long_form,20,C5_gteqwen2,A4_egarch,-1.3011667326281258,0.19323933175226388,1.0,False
long_form,20,C5_gteqwen2,A5_arima,1.4362993732265328,0.15095676419967727,1.0,False
long_form,20,C5_gteqwen2,B2_tfidf_ridge,-3.3588475305513965,0.0007863845301139052,0.1195304485773136,False
long_form,20,C5_gteqwen2,C1_bert_s1,-3.5049423081535642,0.0004592379943973172,0.07255960311477612,False
long_form,20,C5_gteqwen2,C1_bert_s2,-2.5981462665208,0.00939025513978053,1.0,False
long_form,20,C5_gteqwen2,C2_finbert_s1,-0.7833925176406838,0.4334201301749748,1.0,False
long_form,20,C5_gteqwen2,C2_finbert_s2,-0.02526580658202495,0.9798435856760033,1.0,False
long_form,20,C5_gteqwen2,C2_finbert_s3,-1.8292962254953828,0.06739291128631256,1.0,False
long_form,20,C5_gteqwen2,C2_finbert_s4,1.9313156445004223,0.05347975495308238,1.0,False
long_form,20,C5_gteqwen2,C3_roberta_s1,-5.047240834494416,4.5824126356440953e-07,8.706584007723782e-05,True
long_form,20,C5_gteqwen2,C4_longformer,-0.4686193159438663,0.6393546963290146,1.0,False
long_form,20,C5_gteqwen2,C5_qwen3,3.3279977517686024,0.0008787238656233731,0.13180857984350597,False
long_form,20,C5_gteqwen2,C5_e5mistral,1.9564472139201092,0.050447671580573096,1.0,False
long_form,20,C5_gteqwen2,D1_concat_mlp,6.32542446368879,2.662784864333403e-10,5.858126701533486e-08,False
long_form,20,C5_gteqwen2,D2_gated_fusion,7.1093996065374805,1.2671767636697103e-12,2.939850091713728e-10,False
long_form,20,C5_gteqwen2,D3_qwen3,11.568741750951755,1.0481613842096293e-30,3.458932567891777e-28,False
long_form,20,C5_gteqwen2,D3_gteqwen2,14.482526731208488,6.216239324151615e-47,2.5610906015504653e-44,False
long_form,20,C5_gteqwen2,D3_e5mistral,12.267387481125933,2.776627327693431e-34,9.773728193480876e-32,False
long_form,20,C5_e5mistral,A2_har_rv,13.850072402939206,4.044816907410089e-43,1.6260163967788557e-40,False
long_form,20,C5_e5mistral,A3_garch,-2.9415297808562917,0.003275435353750701,0.4380037145813302,False
long_form,20,C5_e5mistral,A4_egarch,-1.3541105526578652,0.17573983707503785,1.0,False
long_form,20,C5_e5mistral,A5_arima,1.2904665062520304,0.19692649627341058,1.0,False
long_form,20,C5_e5mistral,B2_tfidf_ridge,-3.698350456775617,0.00021847661423147024,0.03539321150549818,True
long_form,20,C5_e5mistral,C1_bert_s1,-3.8566961624258216,0.00011584276822099224,0.019461585061126697,True
long_form,20,C5_e5mistral,C1_bert_s2,-2.957956241690263,0.00310603519757925,0.422420786870778,False
long_form,20,C5_e5mistral,C2_finbert_s1,-1.15022514264234,0.2500859652111988,1.0,False
long_form,20,C5_e5mistral,C2_finbert_s2,-0.4002587138691807,0.6889767947179917,1.0,False
long_form,20,C5_e5mistral,C2_finbert_s3,-2.190195304016511,0.028539202399314446,1.0,False
long_form,20,C5_e5mistral,C2_finbert_s4,1.607895520121626,0.10789801907449359,1.0,False
long_form,20,C5_e5mistral,C3_roberta_s1,-5.4041305506531625,6.702237830321556e-08,1.2868296634217387e-05,True
long_form,20,C5_e5mistral,C4_longformer,-0.8429775455770945,0.3992665200495044,1.0,False
long_form,20,C5_e5mistral,C5_qwen3,0.6986685521801279,0.48477975528049755,1.0,False
long_form,20,C5_e5mistral,C5_gteqwen2,-1.9564472139201092,0.050447671580573096,1.0,False
long_form,20,C5_e5mistral,D1_concat_mlp,6.2692712820503464,3.8178733333987193e-10,8.322963866809208e-08,False
long_form,20,C5_e5mistral,D2_gated_fusion,7.118591914499837,1.1859881228990366e-12,2.7752122075837454e-10,False
long_form,20,C5_e5mistral,D3_qwen3,11.680979873934033,2.879039455035033e-31,9.673572568917711e-29,False
long_form,20,C5_e5mistral,D3_gteqwen2,14.73745216608475,1.6265176190492557e-48,6.766313295244903e-46,False
long_form,20,C5_e5mistral,D3_e5mistral,12.574527076740624,6.427414578272684e-36,2.3267240773347117e-33,False
long_form,20,D1_concat_mlp,A2_har_rv,9.606361001935685,9.876602226799008e-22,2.6469293967821344e-19,False
long_form,20,D1_concat_mlp,A3_garch,-4.5702383892774625,4.945705872218294e-06,0.0008803356452548564,True
long_form,20,D1_concat_mlp,A4_egarch,-2.1402539411237016,0.03236477920020666,1.0,False
long_form,20,D1_concat_mlp,A5_arima,-1.0445681085083098,0.29625458257040743,1.0,False
long_form,20,D1_concat_mlp,B2_tfidf_ridge,-11.817227119218174,5.903303853083374e-32,2.0071233100483471e-29,True
long_form,20,D1_concat_mlp,C1_bert_s1,-11.489265665515399,2.5982484382980952e-30,8.418324940085829e-28,True
long_form,20,D1_concat_mlp,C1_bert_s2,-11.002089500486345,5.953202467918092e-28,1.8573991699904445e-25,True
long_form,20,D1_concat_mlp,C2_finbert_s1,-8.713851099492606,3.5377398601035794e-18,8.91510444746102e-16,True
long_form,20,D1_concat_mlp,C2_finbert_s2,-8.2701424564781,1.556777321398497e-16,3.8919433034962423e-14,True
long_form,20,D1_concat_mlp,C2_finbert_s3,-9.72826172765211,3.0443494782158025e-22,8.219743591182667e-20,True
long_form,20,D1_concat_mlp,C2_finbert_s4,-6.002718629549473,2.0260830819541122e-09,4.2547744721036357e-07,True
long_form,20,D1_concat_mlp,C3_roberta_s1,-13.054201981444272,1.5037633480198174e-38,5.714300722475306e-36,True
long_form,20,D1_concat_mlp,C4_longformer,-8.9185789325711,5.790968584034245e-19,1.4709060203446981e-16,True
long_form,20,D1_concat_mlp,C5_qwen3,-5.913224658036186,3.4942863652875414e-09,7.198229912492336e-07,True
long_form,20,D1_concat_mlp,C5_gteqwen2,-6.32542446368879,2.662784864333403e-10,5.858126701533486e-08,True
long_form,20,D1_concat_mlp,C5_e5mistral,-6.2692712820503464,3.8178733333987193e-10,8.322963866809208e-08,True
long_form,20,D1_concat_mlp,D2_gated_fusion,4.8767286568708315,1.0996595567175191e-06,0.0002023373584360235,False
long_form,20,D1_concat_mlp,D3_qwen3,10.655504325877997,2.479297737774651e-26,7.38830725856846e-24,False
long_form,20,D1_concat_mlp,D3_gteqwen2,13.397211660177694,1.73287806786429e-40,6.68890934195616e-38,False
long_form,20,D1_concat_mlp,D3_e5mistral,12.790396635416101,4.321269431112699e-37,1.6075122283739241e-34,False
long_form,20,D2_gated_fusion,A2_har_rv,7.758595896418469,9.661487526197516e-15,2.3380799813397986e-12,False
long_form,20,D2_gated_fusion,A3_garch,-4.774787236621871,1.8313411038138977e-06,0.0003296413986865016,True
long_form,20,D2_gated_fusion,A4_egarch,-2.238729507800945,0.02520125173997676,1.0,False
long_form,20,D2_gated_fusion,A5_arima,-1.338937393917374,0.18062957482916245,1.0,False
long_form,20,D2_gated_fusion,B2_tfidf_ridge,-13.428712268487981,1.1438536706392043e-40,4.4381522420801124e-38,True
long_form,20,D2_gated_fusion,C1_bert_s1,-13.13261614752516,5.4731713815939535e-39,2.0907514677688903e-36,True
long_form,20,D2_gated_fusion,C1_bert_s2,-12.896204564336621,1.1325184909478354e-37,4.258269525963861e-35,True
long_form,20,D2_gated_fusion,C2_finbert_s1,-10.72418965400485,1.1948036022659003e-26,3.584410806797701e-24,True
long_form,20,D2_gated_fusion,C2_finbert_s2,-10.075077331629666,9.900524218618591e-24,2.7523457327759683e-21,True
long_form,20,D2_gated_fusion,C2_finbert_s3,-11.511992241894538,2.0054253764230618e-30,6.537686727139181e-28,True
long_form,20,D2_gated_fusion,C2_finbert_s4,-7.9633590952296185,1.907773716459043e-15,4.693123342489246e-13,True
long_form,20,D2_gated_fusion,C3_roberta_s1,-14.46792038582218,7.645418687206398e-47,3.134621661754623e-44,True
long_form,20,D2_gated_fusion,C4_longformer,-10.625247663913276,3.414819911013606e-26,1.0107866936600275e-23,True
long_form,20,D2_gated_fusion,C5_qwen3,-6.699340890169932,2.2371312189407174e-11,5.1006591791848355e-09,True
long_form,20,D2_gated_fusion,C5_gteqwen2,-7.1093996065374805,1.2671767636697103e-12,2.939850091713728e-10,True
long_form,20,D2_gated_fusion,C5_e5mistral,-7.118591914499837,1.1859881228990366e-12,2.7752122075837454e-10,True
long_form,20,D2_gated_fusion,D1_concat_mlp,-4.8767286568708315,1.0996595567175191e-06,0.0002023373584360235,True
long_form,20,D2_gated_fusion,D3_qwen3,7.250124298512827,4.557519425564752e-13,1.0755745844332814e-10,False
long_form,20,D2_gated_fusion,D3_gteqwen2,10.258317845633096,1.5468752618233296e-24,4.331250733105323e-22,False
long_form,20,D2_gated_fusion,D3_e5mistral,9.156158514604709,6.741944315829989e-20,1.752905522115797e-17,False
long_form,20,D3_qwen3,A2_har_rv,5.632344165450158,1.8387631125439204e-08,3.677526225087841e-06,False
long_form,20,D3_qwen3,A3_garch,-5.970379010832779,2.469323660990659e-09,5.136193214860571e-07,True
long_form,20,D3_qwen3,A4_egarch,-2.703578965663131,0.006874394112916531,0.8111785053241507,False
long_form,20,D3_qwen3,A5_arima,-2.794565124982895,0.0052094853172970565,0.645976179344835,False
long_form,20,D3_qwen3,B2_tfidf_ridge,-12.766869579420506,5.811780997713287e-37,2.1503589691539163e-34,True
long_form,20,D3_qwen3,C1_bert_s1,-12.637792382956219,2.926789932918804e-36,1.0653515355824446e-33,True
long_form,20,D3_qwen3,C1_bert_s2,-12.292619756805092,2.044591011553951e-34,7.237852180900987e-32,True
long_form,20,D3_qwen3,C2_finbert_s1,-10.605786745643112,4.193701314672654e-26,1.2329481865137603e-23,True
long_form,20,D3_qwen3,C2_finbert_s2,-10.285289309520001,1.1738613980109608e-24,3.3102891423909097e-22,True
long_form,20,D3_qwen3,C2_finbert_s3,-11.09357479351234,2.182709263214829e-28,6.897361271758859e-26,True
long_form,20,D3_qwen3,C2_finbert_s4,-9.258701388553337,2.620709358332905e-20,6.866258518832212e-18,True
long_form,20,D3_qwen3,C3_roberta_s1,-13.602763642257345,1.1334523625673482e-41,4.465802308515352e-39,True
long_form,20,D3_qwen3,C4_longformer,-10.982911625950665,7.339400614334451e-28,2.2752141904436797e-25,True
long_form,20,D3_qwen3,C5_qwen3,-11.338051550065003,1.4376362291304173e-29,4.6004359332173355e-27,True
long_form,20,D3_qwen3,C5_gteqwen2,-11.568741750951755,1.0481613842096293e-30,3.458932567891777e-28,True
long_form,20,D3_qwen3,C5_e5mistral,-11.680979873934033,2.879039455035033e-31,9.673572568917711e-29,True
long_form,20,D3_qwen3,D1_concat_mlp,-10.655504325877997,2.479297737774651e-26,7.38830725856846e-24,True
long_form,20,D3_qwen3,D2_gated_fusion,-7.250124298512827,4.557519425564752e-13,1.0755745844332814e-10,True
long_form,20,D3_qwen3,D3_gteqwen2,10.398995391105268,3.639970487785108e-25,1.0483115004821112e-22,False
long_form,20,D3_qwen3,D3_e5mistral,6.171357366570339,7.104444063347622e-10,1.506142141429696e-07,False
long_form,20,D3_gteqwen2,A2_har_rv,1.8024744421197596,0.07150888634937037,1.0,False
long_form,20,D3_gteqwen2,A3_garch,-6.467372079895515,1.0565305653773635e-10,2.3666284664452944e-08,True
long_form,20,D3_gteqwen2,A4_egarch,-2.9160124414119317,0.0035553345321487828,0.4621934891793418,False
long_form,20,D3_gteqwen2,A5_arima,-3.4793230105362816,0.0005053935763014805,0.07884139790303096,False
long_form,20,D3_gteqwen2,B2_tfidf_ridge,-13.87640182758566,2.8271193871204435e-43,1.1478104711709e-40,True
long_form,20,D3_gteqwen2,C1_bert_s1,-13.76978930526635,1.2008635295952283e-42,4.779436847789008e-40,True
long_form,20,D3_gteqwen2,C1_bert_s2,-13.523183702853059,3.273050932428735e-41,1.283035965512064e-38,True
long_form,20,D3_gteqwen2,C2_finbert_s1,-11.999338089927663,6.90946192517441e-33,2.4044927499606943e-30,True
long_form,20,D3_gteqwen2,C2_finbert_s2,-11.822875529907,5.525892610737699e-32,1.889855272872293e-29,True
long_form,20,D3_gteqwen2,C2_finbert_s3,-12.372306555899092,7.747351863006134e-35,2.7580572632301836e-32,True
long_form,20,D3_gteqwen2,C2_finbert_s4,-11.069908645336815,2.831720726981887e-28,8.891603082723125e-26,True
long_form,20,D3_gteqwen2,C3_roberta_s1,-14.576187148214407,1.6413742739377903e-47,6.795289494102452e-45,True
long_form,20,D3_gteqwen2,C4_longformer,-12.477460521384515,2.1332996797470566e-35,7.637212853494462e-33,True
long_form,20,D3_gteqwen2,C5_qwen3,-14.104684223806515,1.233063898010944e-44,5.030900703884652e-42,True
long_form,20,D3_gteqwen2,C5_gteqwen2,-14.482526731208488,6.216239324151615e-47,2.5610906015504653e-44,True
long_form,20,D3_gteqwen2,C5_e5mistral,-14.73745216608475,1.6265176190492557e-48,6.766313295244903e-46,True
long_form,20,D3_gteqwen2,D1_concat_mlp,-13.397211660177694,1.73287806786429e-40,6.68890934195616e-38,True
long_form,20,D3_gteqwen2,D2_gated_fusion,-10.258317845633096,1.5468752618233296e-24,4.331250733105323e-22,True
long_form,20,D3_gteqwen2,D3_qwen3,-10.398995391105268,3.639970487785108e-25,1.0483115004821112e-22,True
long_form,20,D3_gteqwen2,D3_e5mistral,-5.015142489103607,5.41480270242406e-07,0.00010179829080557233,True
long_form,20,D3_e5mistral,A2_har_rv,4.273516835516309,1.946723574150731e-05,0.003387299019022272,False
long_form,20,D3_e5mistral,A3_garch,-6.266677296383426,3.881668722115852e-10,8.384404439770241e-08,True
long_form,20,D3_e5mistral,A4_egarch,-2.8165677450335975,0.004866018020071912,0.6136328811952648,False
long_form,20,D3_e5mistral,A5_arima,-3.1817454007172685,0.0014695707032109254,0.2145573226687951,False
long_form,20,D3_e5mistral,B2_tfidf_ridge,-13.018792584797652,2.3690595098326815e-38,8.955044947167536e-36,True
long_form,20,D3_e5mistral,C1_bert_s1,-12.82588708890028,2.7608728393906594e-37,1.0325664419321066e-34,True
long_form,20,D3_e5mistral,C1_bert_s2,-12.646619139683546,2.6217793191897878e-36,9.595712308234623e-34,True
long_form,20,D3_e5mistral,C2_finbert_s1,-11.113331410711092,1.755662671810518e-28,5.583007296357448e-26,True
long_form,20,D3_e5mistral,C2_finbert_s2,-10.80328719597115,5.126202858787002e-27,1.5583656690712486e-24,True
long_form,20,D3_e5mistral,C2_finbert_s3,-11.539545496297201,1.4640676426264126e-30,4.802141867814633e-28,True
long_form,20,D3_e5mistral,C2_finbert_s4,-9.871429864379184,7.504869050163716e-23,2.056334119744858e-20,True
long_form,20,D3_e5mistral,C3_roberta_s1,-13.749930433699301,1.5703459771697942e-42,6.218570069592385e-40,True
long_form,20,D3_e5mistral,C4_longformer,-11.38319421381202,8.64627815608967e-30,2.7841015662608734e-27,True
long_form,20,D3_e5mistral,C5_qwen3,-11.958872829916716,1.1159093898905224e-32,3.861046489021208e-30,True
long_form,20,D3_e5mistral,C5_gteqwen2,-12.267387481125933,2.776627327693431e-34,9.773728193480876e-32,True
long_form,20,D3_e5mistral,C5_e5mistral,-12.574527076740624,6.427414578272684e-36,2.3267240773347117e-33,True
long_form,20,D3_e5mistral,D1_concat_mlp,-12.790396635416101,4.321269431112699e-37,1.6075122283739241e-34,True
long_form,20,D3_e5mistral,D2_gated_fusion,-9.156158514604709,6.741944315829989e-20,1.752905522115797e-17,True
long_form,20,D3_e5mistral,D3_qwen3,-6.171357366570339,7.104444063347622e-10,1.506142141429696e-07,True
long_form,20,D3_e5mistral,D3_gteqwen2,5.015142489103607,5.41480270242406e-07,0.00010179829080557233,False
event_driven,5,A2_har_rv,A3_garch,-4.8375384951024865,1.322358655832813e-06,0.0001216569963366188,True
event_driven,5,A2_har_rv,A4_egarch,-5.384674940988368,7.32269552938384e-08,7.908511171734547e-06,True
event_driven,5,A2_har_rv,A5_arima,-8.016434579520492,1.1356455212994228e-15,1.499052088115238e-13,True
event_driven,5,A2_har_rv,B2_tfidf_ridge,-29.546358358731787,1.2378713464257107e-188,4.728668543346215e-186,True
event_driven,5,A2_har_rv,C1_bert_s1,-24.676071757070286,7.399365973591136e-133,2.4121933073907104e-130,True
event_driven,5,A2_har_rv,C1_bert_s2,-25.982003254900427,6.91808460362888e-147,2.3521487652338192e-144,True
event_driven,5,A2_har_rv,C2_finbert_s1,-18.803426575762835,2.4466591019473852e-78,5.725182298556882e-76,True
event_driven,5,A2_har_rv,C2_finbert_s2,-27.19866060833781,1.43124153108755e-160,5.037970189428176e-158,True
event_driven,5,A2_har_rv,C2_finbert_s3,-20.32228649872138,4.418183209985452e-91,1.1133821689163339e-88,True
event_driven,5,A2_har_rv,C2_finbert_s4,-23.71401769095873,5.8163297901455866e-123,1.8612255328465877e-120,True
event_driven,5,A2_har_rv,C3_roberta_s1,-20.75205622996311,7.353410015802974e-95,1.970713884235197e-92,True
event_driven,5,A2_har_rv,C4_longformer,-22.673425373660734,1.1103843597884063e-112,3.397776140952523e-110,True
event_driven,5,A2_har_rv,C5_qwen3,-21.15565443876794,1.7726840308030566e-98,4.786246883168253e-96,True
event_driven,5,A2_har_rv,C5_gteqwen2,-21.779058963464415,3.380497161885168e-104,9.330172166803064e-102,True
event_driven,5,A2_har_rv,C5_e5mistral,-22.924403533430414,4.0379936768744804e-115,1.24370205247734e-112,True
event_driven,5,A2_har_rv,D1_concat_mlp,-24.18411915331216,9.463508669458192e-128,3.0661768089044543e-125,True
event_driven,5,A2_har_rv,D2_gated_fusion,-21.381916419468848,1.552883480061612e-100,4.254900735368817e-98,True
event_driven,5,A2_har_rv,D3_qwen3,-13.550902361441645,1.0970638559248314e-41,2.0405387720201862e-39,True
event_driven,5,A2_har_rv,D3_gteqwen2,-5.810183922666663,6.315765775583344e-09,6.947342353141678e-07,True
event_driven,5,A2_har_rv,D3_e5mistral,-15.111534377305409,2.287925492980138e-51,4.5300924761006736e-49,True
event_driven,5,A3_garch,A2_har_rv,4.8375384951024865,1.322358655832813e-06,0.0001216569963366188,False
event_driven,5,A3_garch,A4_egarch,-4.016869881460458,5.914788764758385e-05,0.004495239461216372,True
event_driven,5,A3_garch,A5_arima,-5.250104646687351,1.5324916499411554e-07,1.5324916499411554e-05,True
event_driven,5,A3_garch,B2_tfidf_ridge,-12.594256360934871,2.9234705765918386e-36,5.2622470378653095e-34,True
event_driven,5,A3_garch,C1_bert_s1,-8.64821902164045,5.538122114761877e-18,7.642608518371391e-16,True
event_driven,5,A3_garch,C1_bert_s2,-9.461937558619304,3.2792122148248494e-21,4.78764983364428e-19,True
event_driven,5,A3_garch,C2_finbert_s1,-4.423391785774031,9.757151908027606e-06,0.000819600760274319,True
event_driven,5,A3_garch,C2_finbert_s2,-10.338554809129985,5.293601063270695e-25,8.469761701233113e-23,True
event_driven,5,A3_garch,C2_finbert_s3,-5.816551992337367,6.080225480518418e-09,6.809852538180628e-07,True
event_driven,5,A3_garch,C2_finbert_s4,-7.745142502988772,9.906920932678775e-15,1.2878997212482408e-12,True
event_driven,5,A3_garch,C3_roberta_s1,-5.915629813282679,3.348906568793126e-09,3.817753488424164e-07,True
event_driven,5,A3_garch,C4_longformer,-7.0432588583815505,1.926354538303047e-12,2.350152536729717e-10,True
event_driven,5,A3_garch,C5_qwen3,-5.178520295377477,2.2537738010415336e-07,2.1636228489998722e-05,True
event_driven,5,A3_garch,C5_gteqwen2,-5.351048430883112,8.82119381702134e-08,9.174041569702193e-06,True
event_driven,5,A3_garch,C5_e5mistral,-7.236596525640919,4.73291424851006e-13,5.963471953122676e-11,True
event_driven,5,A3_garch,D1_concat_mlp,-2.44698799758988,0.01441236897067371,0.6917937105923381,False
event_driven,5,A3_garch,D2_gated_fusion,-1.8802953416064496,0.06007940422183519,1.0,False
event_driven,5,A3_garch,D3_qwen3,2.197991124522099,0.027958833231508284,1.0,False
event_driven,5,A3_garch,D3_gteqwen2,3.633085957094972,0.00028060975847351557,0.01908146357619906,False
event_driven,5,A3_garch,D3_e5mistral,1.9996784481777934,0.04554575121870516,1.0,False
event_driven,5,A4_egarch,A2_har_rv,5.384674940988368,7.32269552938384e-08,7.908511171734547e-06,False
event_driven,5,A4_egarch,A3_garch,4.016869881460458,5.914788764758385e-05,0.004495239461216372,False
event_driven,5,A4_egarch,A5_arima,2.7242125349501904,0.006449960343872486,0.3740976999446042,False
event_driven,5,A4_egarch,B2_tfidf_ridge,-1.4006299809884775,0.16133710867196607,1.0,False
event_driven,5,A4_egarch,C1_bert_s1,0.38497069990825605,0.7002623846249988,1.0,False
event_driven,5,A4_egarch,C1_bert_s2,0.05313475048172954,0.957624966392032,1.0,False
event_driven,5,A4_egarch,C2_finbert_s1,2.1690672526422117,0.030086931554770553,1.0,False
event_driven,5,A4_egarch,C2_finbert_s2,-0.3391054016195853,0.7345331653479791,1.0,False
event_driven,5,A4_egarch,C2_finbert_s3,1.596349100817225,0.11042345836794494,1.0,False
event_driven,5,A4_egarch,C2_finbert_s4,0.8148857092988915,0.4151454631249945,1.0,False
event_driven,5,A4_egarch,C3_roberta_s1,1.5504136959271646,0.12105485711274518,1.0,False
event_driven,5,A4_egarch,C4_longformer,1.097163399667004,0.27258049172812343,1.0,False
event_driven,5,A4_egarch,C5_qwen3,1.8803564685856606,0.060071078137175965,1.0,False
event_driven,5,A4_egarch,C5_gteqwen2,1.8232058658887522,0.06828410159207052,1.0,False
event_driven,5,A4_egarch,C5_e5mistral,0.9645457364657448,0.3347816793868062,1.0,False
event_driven,5,A4_egarch,D1_concat_mlp,2.960128936042875,0.003077976012483903,0.18467856074903416,False
event_driven,5,A4_egarch,D2_gated_fusion,3.1640003665115928,0.0015580213880595805,0.096597326059694,False
event_driven,5,A4_egarch,D3_qwen3,4.57072697558599,4.8835035307625395e-06,0.00042974831070710347,False
event_driven,5,A4_egarch,D3_gteqwen2,5.039814686503124,4.6921739379701023e-07,4.410643501691896e-05,False
event_driven,5,A4_egarch,D3_e5mistral,4.506693441626512,6.614278358727222e-06,0.0005688279388505411,False
event_driven,5,A5_arima,A2_har_rv,8.016434579520492,1.1356455212994228e-15,1.499052088115238e-13,False
event_driven,5,A5_arima,A3_garch,5.250104646687351,1.5324916499411554e-07,1.5324916499411554e-05,False
event_driven,5,A5_arima,A4_egarch,-2.7242125349501904,0.006449960343872486,0.3740976999446042,False
event_driven,5,A5_arima,B2_tfidf_ridge,-9.24768767961312,2.4710703628297754e-20,3.558341322474876e-18,True
event_driven,5,A5_arima,C1_bert_s1,-5.331550202525508,9.821868075018005e-08,1.0018305436518366e-05,True
event_driven,5,A5_arima,C1_bert_s2,-6.102681427836181,1.058301827114322e-09,1.2276301194526136e-07,True
event_driven,5,A5_arima,C2_finbert_s1,-1.1537082704451356,0.24863077394468722,1.0,False
event_driven,5,A5_arima,C2_finbert_s2,-6.984216005139298,2.9359191588054513e-12,3.5231029905665416e-10,True
event_driven,5,A5_arima,C2_finbert_s3,-2.524122116521193,0.011604876234034793,0.6030753790361019,False
event_driven,5,A5_arima,C2_finbert_s4,-4.388994027117077,1.1434054452104871e-05,0.0009375924650725995,True
event_driven,5,A5_arima,C3_roberta_s1,-2.6322142363627665,0.008488224708461499,0.4753405836738439,False
event_driven,5,A5_arima,C4_longformer,-3.7192061960828333,0.00020028473191095479,0.014420500697588745,True
event_driven,5,A5_arima,C5_qwen3,-1.8730615800113068,0.06107149140044651,1.0,False
event_driven,5,A5_arima,C5_gteqwen2,-2.0252876191368117,0.04284839739221484,1.0,False
event_driven,5,A5_arima,C5_e5mistral,-3.9807429336070173,6.889340389210487e-05,0.0050981118880157605,True
event_driven,5,A5_arima,D1_concat_mlp,0.8500225497732249,0.3953206546204504,1.0,False
event_driven,5,A5_arima,D2_gated_fusion,1.3843809410528347,0.166254144827258,1.0,False
event_driven,5,A5_arima,D3_qwen3,5.368404859175091,8.014056761776043e-08,8.494900167482606e-06,False
event_driven,5,A5_arima,D3_gteqwen2,6.734408470560663,1.681499698143552e-11,1.9841696438093915e-09,False
event_driven,5,A5_arima,D3_e5mistral,5.184040187582323,2.1881138335305853e-07,2.1443515568599736e-05,False
event_driven,5,B2_tfidf_ridge,A2_har_rv,29.546358358731787,1.2378713464257107e-188,4.728668543346215e-186,False
event_driven,5,B2_tfidf_ridge,A3_garch,12.594256360934871,2.9234705765918386e-36,5.2622470378653095e-34,False
event_driven,5,B2_tfidf_ridge,A4_egarch,1.4006299809884775,0.16133710867196607,1.0,False
event_driven,5,B2_tfidf_ridge,A5_arima,9.24768767961312,2.4710703628297754e-20,3.558341322474876e-18,False
event_driven,5,B2_tfidf_ridge,C1_bert_s1,29.403858620952686,7.207994688517301e-187,2.7390379816365745e-184,False
event_driven,5,B2_tfidf_ridge,C1_bert_s2,21.36374812843597,2.2757602319919127e-100,6.190067831018002e-98,False
event_driven,5,B2_tfidf_ridge,C2_finbert_s1,36.636124442955506,2.6064040240720233e-286,1.0946896901102497e-283,False
event_driven,5,B2_tfidf_ridge,C2_finbert_s2,20.327725567023116,3.9618335025762247e-91,1.0063057096543611e-88,False
event_driven,5,B2_tfidf_ridge,C2_finbert_s3,34.04954231370096,1.838400873874123e-248,7.610979617838869e-246,False
event_driven,5,B2_tfidf_ridge,C2_finbert_s4,30.652853403085263,1.3091631223734018e-202,5.0795529148087987e-200,False
event_driven,5,B2_tfidf_ridge,C3_roberta_s1,35.934783340495095,8.421906127145164e-276,3.5203567611466783e-273,False
event_driven,5,B2_tfidf_ridge,C4_longformer,31.89415722379031,7.472781804274215e-219,3.033949412535331e-216,False
event_driven,5,B2_tfidf_ridge,C5_qwen3,29.81203318728981,6.033616020671352e-192,2.3169085519377993e-189,False
event_driven,5,B2_tfidf_ridge,C5_gteqwen2,28.261828762637982,5.2044887552107355e-173,1.8944339068967077e-170,False
event_driven,5,B2_tfidf_ridge,C5_e5mistral,31.3055517369128,4.467501298062529e-211,1.7780655166288867e-208,False
event_driven,5,B2_tfidf_ridge,D1_concat_mlp,29.170272796528042,5.420497373332544e-184,2.0381070123730367e-181,False
event_driven,5,B2_tfidf_ridge,D2_gated_fusion,31.842436822392933,3.6488150383490164e-218,1.4741212754930027e-215,False
event_driven,5,B2_tfidf_ridge,D3_qwen3,31.082989432526357,3.595069821703479e-208,1.4164575097511708e-205,False
event_driven,5,B2_tfidf_ridge,D3_gteqwen2,32.66107722656878,3.47770132380116e-229,1.4258575427584755e-226,False
event_driven,5,B2_tfidf_ridge,D3_e5mistral,30.87771018355695,1.6547402574845282e-205,6.45348700418966e-203,False
event_driven,5,C1_bert_s1,A2_har_rv,24.676071757070286,7.399365973591136e-133,2.4121933073907104e-130,False
event_driven,5,C1_bert_s1,A3_garch,8.64821902164045,5.538122114761877e-18,7.642608518371391e-16,False
event_driven,5,C1_bert_s1,A4_egarch,-0.38497069990825605,0.7002623846249988,1.0,False
event_driven,5,C1_bert_s1,A5_arima,5.331550202525508,9.821868075018005e-08,1.0018305436518366e-05,False
event_driven,5,C1_bert_s1,B2_tfidf_ridge,-29.403858620952686,7.207994688517301e-187,2.7390379816365745e-184,True
event_driven,5,C1_bert_s1,C1_bert_s2,-8.811216732769307,1.316376218686235e-18,1.842926706160729e-16,True
event_driven,5,C1_bert_s1,C2_finbert_s1,31.08180435741564,3.7250124331901356e-208,1.4602048738105331e-205,False
event_driven,5,C1_bert_s1,C2_finbert_s2,-22.505646773431266,4.590174842877642e-111,1.3678721031775374e-108,True
event_driven,5,C1_bert_s1,C2_finbert_s3,23.051396542854473,2.302088234819309e-116,7.136473527939859e-114,False
event_driven,5,C1_bert_s1,C2_finbert_s4,11.76157250461646,7.465405209721846e-32,1.269118885652714e-29,False
event_driven,5,C1_bert_s1,C3_roberta_s1,25.987047703601437,6.087913677177028e-147,2.0820664775945434e-144,False
event_driven,5,C1_bert_s1,C4_longformer,17.084395176400502,4.526298929150452e-65,9.776805686964976e-63,False
event_driven,5,C1_bert_s1,C5_qwen3,17.297938658162575,1.1876099894937162e-66,2.5889897770963014e-64,False
event_driven,5,C1_bert_s1,C5_gteqwen2,16.09652581337449,5.2679283120159556e-58,1.074657375651255e-55,False
event_driven,5,C1_bert_s1,C5_e5mistral,9.63914917113986,5.964024707836457e-22,9.065317555911415e-20,False
event_driven,5,C1_bert_s1,D1_concat_mlp,20.328238890413495,3.921272929953563e-91,1.003845870068112e-88,False
event_driven,5,C1_bert_s1,D2_gated_fusion,23.233767185280357,3.6653427302250573e-118,1.1435869318302178e-115,False
event_driven,5,C1_bert_s1,D3_qwen3,25.118049543450063,1.577210184523026e-137,5.330970423687828e-135,False
event_driven,5,C1_bert_s1,D3_gteqwen2,27.36276670542651,1.8401338193531039e-162,6.514073720509988e-160,False
event_driven,5,C1_bert_s1,D3_e5mistral,24.87613703821321,5.813410723896871e-135,1.9067987174381736e-132,False
event_driven,5,C1_bert_s2,A2_har_rv,25.982003254900427,6.91808460362888e-147,2.3521487652338192e-144,False
event_driven,5,C1_bert_s2,A3_garch,9.461937558619304,3.2792122148248494e-21,4.78764983364428e-19,False
event_driven,5,C1_bert_s2,A4_egarch,-0.05313475048172954,0.957624966392032,1.0,False
event_driven,5,C1_bert_s2,A5_arima,6.102681427836181,1.058301827114322e-09,1.2276301194526136e-07,False
event_driven,5,C1_bert_s2,B2_tfidf_ridge,-21.36374812843597,2.2757602319919127e-100,6.190067831018002e-98,True
event_driven,5,C1_bert_s2,C1_bert_s1,8.811216732769307,1.316376218686235e-18,1.842926706160729e-16,False
event_driven,5,C1_bert_s2,C2_finbert_s1,33.70212392031478,1.4339534552367204e-243,5.9078882355752884e-241,False
event_driven,5,C1_bert_s2,C2_finbert_s2,-10.077929326817868,7.678328649341636e-24,1.2131759265959785e-21,True
event_driven,5,C1_bert_s2,C2_finbert_s3,31.748544819938235,6.452337533221059e-217,2.5809350132884236e-214,False
event_driven,5,C1_bert_s2,C2_finbert_s4,21.8338098464023,1.0448141658380701e-104,2.904583381029835e-102,False
event_driven,5,C1_bert_s2,C3_roberta_s1,28.36242354452498,3.282915293371924e-174,1.2015469973741242e-171,False
event_driven,5,C1_bert_s2,C4_longformer,21.874830571713648,4.326870990118912e-105,1.2115238772332955e-102,False
event_driven,5,C1_bert_s2,C5_qwen3,18.65923753843317,3.537134888603855e-77,8.06466754601679e-75,False
event_driven,5,C1_bert_s2,C5_gteqwen2,17.54345749610921,1.7112977605551172e-68,3.7648550732212577e-66,False
event_driven,5,C1_bert_s2,C5_e5mistral,12.179434198726003,4.990752274218655e-34,8.783724002624832e-32,False
event_driven,5,C1_bert_s2,D1_concat_mlp,22.175615139277483,6.423663335111041e-108,1.8500150405119798e-105,False
event_driven,5,C1_bert_s2,D2_gated_fusion,25.079398459367145,4.0694363045741186e-137,1.3591917257277556e-134,False
event_driven,5,C1_bert_s2,D3_qwen3,26.56106383412213,2.5155565935790473e-153,8.754136945655085e-151,False
event_driven,5,C1_bert_s2,D3_gteqwen2,28.752389353559938,6.702004895721043e-179,2.50654983099967e-176,False
event_driven,5,C1_bert_s2,D3_e5mistral,26.295031820345617,2.3748230248300478e-150,8.216887665911965e-148,False
event_driven,5,C2_finbert_s1,A2_har_rv,18.803426575762835,2.4466591019473852e-78,5.725182298556882e-76,False
event_driven,5,C2_finbert_s1,A3_garch,4.423391785774031,9.757151908027606e-06,0.000819600760274319,False
event_driven,5,C2_finbert_s1,A4_egarch,-2.1690672526422117,0.030086931554770553,1.0,False
event_driven,5,C2_finbert_s1,A5_arima,1.1537082704451356,0.24863077394468722,1.0,False
event_driven,5,C2_finbert_s1,B2_tfidf_ridge,-36.636124442955506,2.6064040240720233e-286,1.0946896901102497e-283,True
event_driven,5,C2_finbert_s1,C1_bert_s1,-31.08180435741564,3.7250124331901356e-208,1.4602048738105331e-205,True
event_driven,5,C2_finbert_s1,C1_bert_s2,-33.70212392031478,1.4339534552367204e-243,5.9078882355752884e-241,True
event_driven,5,C2_finbert_s1,C2_finbert_s2,-34.730288921600646,3.5193203921199015e-258,1.464037283121879e-255,True
event_driven,5,C2_finbert_s1,C2_finbert_s3,-14.363380567782423,1.3442941006792648e-46,2.5810446733041883e-44,True
event_driven,5,C2_finbert_s1,C2_finbert_s4,-27.90633183841093,8.424517906908964e-169,3.015977410673409e-166,True
event_driven,5,C2_finbert_s1,C3_roberta_s1,-14.466430134350876,3.0592628756469126e-47,5.934969978755011e-45,True
event_driven,5,C2_finbert_s1,C4_longformer,-20.66638502238798,4.2249827045542714e-94,1.106945468593219e-91,True
event_driven,5,C2_finbert_s1,C5_qwen3,-4.0568056006121544,4.9898759875732225e-05,0.0038921032703071136,True
event_driven,5,C2_finbert_s1,C5_gteqwen2,-4.768693376123445,1.8646429011590353e-06,0.0001678178611043132,True
event_driven,5,C2_finbert_s1,C5_e5mistral,-16.560326510702996,2.851789848034141e-61,5.988758680871696e-59,True
event_driven,5,C2_finbert_s1,D1_concat_mlp,7.053511121579025,1.7898143411565777e-12,2.2193697830341562e-10,False
event_driven,5,C2_finbert_s1,D2_gated_fusion,9.655587290159227,5.083926087601394e-22,7.829246174906148e-20,False
event_driven,5,C2_finbert_s1,D3_qwen3,16.92062955519045,7.167152818408104e-64,1.5337707031393343e-61,False
event_driven,5,C2_finbert_s1,D3_gteqwen2,20.333518612066403,3.5273934895098484e-91,9.100675202935409e-89,False
event_driven,5,C2_finbert_s1,D3_e5mistral,16.526713667150727,4.9531352422842095e-61,1.0302521303951156e-58,False
event_driven,5,C2_finbert_s2,A2_har_rv,27.19866060833781,1.43124153108755e-160,5.037970189428176e-158,False
event_driven,5,C2_finbert_s2,A3_garch,10.338554809129985,5.293601063270695e-25,8.469761701233113e-23,False
event_driven,5,C2_finbert_s2,A4_egarch,0.3391054016195853,0.7345331653479791,1.0,False
event_driven,5,C2_finbert_s2,A5_arima,6.984216005139298,2.9359191588054513e-12,3.5231029905665416e-10,False
event_driven,5,C2_finbert_s2,B2_tfidf_ridge,-20.327725567023116,3.9618335025762247e-91,1.0063057096543611e-88,True
event_driven,5,C2_finbert_s2,C1_bert_s1,22.505646773431266,4.590174842877642e-111,1.3678721031775374e-108,False
event_driven,5,C2_finbert_s2,C1_bert_s2,10.077929326817868,7.678328649341636e-24,1.2131759265959785e-21,False
event_driven,5,C2_finbert_s2,C2_finbert_s1,34.730288921600646,3.5193203921199015e-258,1.464037283121879e-255,False
event_driven,5,C2_finbert_s2,C2_finbert_s3,31.806903479287307,1.0831551364098234e-217,4.35428364836749e-215,False
event_driven,5,C2_finbert_s2,C2_finbert_s4,26.798622884446164,5.250434743880913e-156,1.8376521603583194e-153,False
event_driven,5,C2_finbert_s2,C3_roberta_s1,32.13021012959025,5.2159060713808694e-222,2.1280896771233947e-219,False
event_driven,5,C2_finbert_s2,C4_longformer,28.41926206022216,6.861195769320994e-175,2.5249200431101257e-172,False
event_driven,5,C2_finbert_s2,C5_qwen3,23.414300850963276,5.900701576261459e-120,1.876423101251144e-117,False
event_driven,5,C2_finbert_s2,C5_gteqwen2,22.082536402600727,4.863967747688742e-107,1.3910947758389802e-104,False
event_driven,5,C2_finbert_s2,C5_e5mistral,20.39020590900991,1.1301217019432957e-91,2.938316425052569e-89,False
event_driven,5,C2_finbert_s2,D1_concat_mlp,25.109080572587768,1.9654641185422058e-137,6.603959438301812e-135,False
event_driven,5,C2_finbert_s2,D2_gated_fusion,27.942838751657266,3.1303613352371656e-169,1.1269300806853796e-166,False
event_driven,5,C2_finbert_s2,D3_qwen3,28.46970789995122,1.7058396809990185e-175,6.311606819696368e-173,False
event_driven,5,C2_finbert_s2,D3_gteqwen2,30.32448488605754,2.0616400876327723e-198,7.957930738262501e-196,False
event_driven,5,C2_finbert_s2,D3_e5mistral,28.20005916075089,2.826999748272254e-172,1.023373908874556e-169,False
event_driven,5,C2_finbert_s3,A2_har_rv,20.32228649872138,4.418183209985452e-91,1.1133821689163339e-88,False
event_driven,5,C2_finbert_s3,A3_garch,5.816551992337367,6.080225480518418e-09,6.809852538180628e-07,False
event_driven,5,C2_finbert_s3,A4_egarch,-1.596349100817225,0.11042345836794494,1.0,False
event_driven,5,C2_finbert_s3,A5_arima,2.524122116521193,0.011604876234034793,0.6030753790361019,False
event_driven,5,C2_finbert_s3,B2_tfidf_ridge,-34.04954231370096,1.838400873874123e-248,7.610979617838869e-246,True
event_driven,5,C2_finbert_s3,C1_bert_s1,-23.051396542854473,2.302088234819309e-116,7.136473527939859e-114,True
event_driven,5,C2_finbert_s3,C1_bert_s2,-31.748544819938235,6.452337533221059e-217,2.5809350132884236e-214,True
event_driven,5,C2_finbert_s3,C2_finbert_s1,14.363380567782423,1.3442941006792648e-46,2.5810446733041883e-44,False
event_driven,5,C2_finbert_s3,C2_finbert_s2,-31.806903479287307,1.0831551364098234e-217,4.35428364836749e-215,True
event_driven,5,C2_finbert_s3,C2_finbert_s4,-20.688136113971435,2.712208016009603e-94,7.160229162265352e-92,True
event_driven,5,C2_finbert_s3,C3_roberta_s1,-0.9968002257259206,0.31887109490301613,1.0,False
event_driven,5,C2_finbert_s3,C4_longformer,-10.357855864638424,4.330970990708223e-25,7.016173004947322e-23,True
event_driven,5,C2_finbert_s3,C5_qwen3,3.30962816807492,0.0009355150015018379,0.059872960096117624,False
event_driven,5,C2_finbert_s3,C5_gteqwen2,2.5243425373420663,0.01159760344300196,0.6030753790361019,False
event_driven,5,C2_finbert_s3,C5_e5mistral,-8.16777667781683,3.287652103826129e-16,4.4054538191270133e-14,True
event_driven,5,C2_finbert_s3,D1_concat_mlp,11.084657498453035,1.73411457307096e-28,2.8439478998363744e-26,False
event_driven,5,C2_finbert_s3,D2_gated_fusion,13.666554835696315,2.2807782640667666e-42,4.3334787017268565e-40,False
event_driven,5,C2_finbert_s3,D3_qwen3,19.15162949532923,3.560537533138056e-81,8.474079328868573e-79,False
event_driven,5,C2_finbert_s3,D3_gteqwen2,22.05079113555265,9.683708653972405e-107,2.7308058404202182e-104,False
event_driven,5,C2_finbert_s3,D3_e5mistral,18.764436022645373,5.048065795951909e-78,1.161055133068939e-75,False
event_driven,5,C2_finbert_s4,A2_har_rv,23.71401769095873,5.8163297901455866e-123,1.8612255328465877e-120,False
event_driven,5,C2_finbert_s4,A3_garch,7.745142502988772,9.906920932678775e-15,1.2878997212482408e-12,False
event_driven,5,C2_finbert_s4,A4_egarch,-0.8148857092988915,0.4151454631249945,1.0,False
event_driven,5,C2_finbert_s4,A5_arima,4.388994027117077,1.1434054452104871e-05,0.0009375924650725995,False
event_driven,5,C2_finbert_s4,B2_tfidf_ridge,-30.652853403085263,1.3091631223734018e-202,5.0795529148087987e-200,True
event_driven,5,C2_finbert_s4,C1_bert_s1,-11.76157250461646,7.465405209721846e-32,1.269118885652714e-29,True
event_driven,5,C2_finbert_s4,C1_bert_s2,-21.8338098464023,1.0448141658380701e-104,2.904583381029835e-102,True
event_driven,5,C2_finbert_s4,C2_finbert_s1,27.90633183841093,8.424517906908964e-169,3.015977410673409e-166,False
event_driven,5,C2_finbert_s4,C2_finbert_s2,-26.798622884446164,5.250434743880913e-156,1.8376521603583194e-153,True
event_driven,5,C2_finbert_s4,C2_finbert_s3,20.688136113971435,2.712208016009603e-94,7.160229162265352e-92,False
event_driven,5,C2_finbert_s4,C3_roberta_s1,17.763000130945677,3.676996024334072e-70,8.236471094508321e-68,False
event_driven,5,C2_finbert_s4,C4_longformer,7.34225617194933,2.1641015995276266e-13,2.770050047395362e-11,False
event_driven,5,C2_finbert_s4,C5_qwen3,12.301170115383341,1.1236511448906296e-34,2.0000990379053205e-32,False
event_driven,5,C2_finbert_s4,C5_gteqwen2,11.214865454949365,4.0430828843030535e-29,6.79237924562913e-27,False
event_driven,5,C2_finbert_s4,C5_e5mistral,2.1859609553803057,0.02882766470862039,1.0,False
event_driven,5,C2_finbert_s4,D1_concat_mlp,17.74057852162474,5.454416871435041e-70,1.210880545458579e-67,False
event_driven,5,C2_finbert_s4,D2_gated_fusion,20.70721251924099,1.8379440959393672e-94,4.888931295198717e-92,False
event_driven,5,C2_finbert_s4,D3_qwen3,23.72286813738954,4.7350264036946135e-123,1.5246785019896656e-120,False
event_driven,5,C2_finbert_s4,D3_gteqwen2,26.2183368922297,1.6906463199953892e-149,5.815823340784139e-147,False
event_driven,5,C2_finbert_s4,D3_e5mistral,23.394737609045556,9.244036770217222e-120,2.9211156193886424e-117,False
event_driven,5,C3_roberta_s1,A2_har_rv,20.75205622996311,7.353410015802974e-95,1.970713884235197e-92,False
event_driven,5,C3_roberta_s1,A3_garch,5.915629813282679,3.348906568793126e-09,3.817753488424164e-07,False
event_driven,5,C3_roberta_s1,A4_egarch,-1.5504136959271646,0.12105485711274518,1.0,False
event_driven,5,C3_roberta_s1,A5_arima,2.6322142363627665,0.008488224708461499,0.4753405836738439,False
event_driven,5,C3_roberta_s1,B2_tfidf_ridge,-35.934783340495095,8.421906127145164e-276,3.5203567611466783e-273,True
event_driven,5,C3_roberta_s1,C1_bert_s1,-25.987047703601437,6.087913677177028e-147,2.0820664775945434e-144,True
event_driven,5,C3_roberta_s1,C1_bert_s2,-28.36242354452498,3.282915293371924e-174,1.2015469973741242e-171,True
event_driven,5,C3_roberta_s1,C2_finbert_s1,14.466430134350876,3.0592628756469126e-47,5.934969978755011e-45,False
event_driven,5,C3_roberta_s1,C2_finbert_s2,-32.13021012959025,5.2159060713808694e-222,2.1280896771233947e-219,True
event_driven,5,C3_roberta_s1,C2_finbert_s3,0.9968002257259206,0.31887109490301613,1.0,False
event_driven,5,C3_roberta_s1,C2_finbert_s4,-17.763000130945677,3.676996024334072e-70,8.236471094508321e-68,True
event_driven,5,C3_roberta_s1,C4_longformer,-11.098360897427908,1.4888983848690228e-28,2.4715713188825778e-26,True
event_driven,5,C3_roberta_s1,C5_qwen3,4.275568162780193,1.9135388142343504e-05,0.0015308310513874803,False
event_driven,5,C3_roberta_s1,C5_gteqwen2,3.3929112322345585,0.0006926080281286646,0.04571212985649186,False
event_driven,5,C3_roberta_s1,C5_e5mistral,-8.870239167214043,7.774048640712167e-19,1.1039149069811277e-16,True
event_driven,5,C3_roberta_s1,D1_concat_mlp,12.032902922834248,2.9461900862787697e-33,5.067446948399483e-31,False
event_driven,5,C3_roberta_s1,D2_gated_fusion,14.829679066109689,1.5268131485190214e-49,2.992553771097282e-47,False
event_driven,5,C3_roberta_s1,D3_qwen3,19.83066095895199,7.489567232143877e-87,1.8723918080359693e-84,False
event_driven,5,C3_roberta_s1,D3_gteqwen2,22.633104964496155,2.7224660287997847e-112,8.22184740697535e-110,False
event_driven,5,C3_roberta_s1,D3_e5mistral,19.445482334319315,1.3127396782934615e-83,3.2293396086019153e-81,False
event_driven,5,C4_longformer,A2_har_rv,22.673425373660734,1.1103843597884063e-112,3.397776140952523e-110,False
event_driven,5,C4_longformer,A3_garch,7.0432588583815505,1.926354538303047e-12,2.350152536729717e-10,False
event_driven,5,C4_longformer,A4_egarch,-1.097163399667004,0.27258049172812343,1.0,False
event_driven,5,C4_longformer,A5_arima,3.7192061960828333,0.00020028473191095479,0.014420500697588745,False
event_driven,5,C4_longformer,B2_tfidf_ridge,-31.89415722379031,7.472781804274215e-219,3.033949412535331e-216,True
event_driven,5,C4_longformer,C1_bert_s1,-17.084395176400502,4.526298929150452e-65,9.776805686964976e-63,True
event_driven,5,C4_longformer,C1_bert_s2,-21.874830571713648,4.326870990118912e-105,1.2115238772332955e-102,True
event_driven,5,C4_longformer,C2_finbert_s1,20.66638502238798,4.2249827045542714e-94,1.106945468593219e-91,False
event_driven,5,C4_longformer,C2_finbert_s2,-28.41926206022216,6.861195769320994e-175,2.5249200431101257e-172,True
event_driven,5,C4_longformer,C2_finbert_s3,10.357855864638424,4.330970990708223e-25,7.016173004947322e-23,False
event_driven,5,C4_longformer,C2_finbert_s4,-7.34225617194933,2.1641015995276266e-13,2.770050047395362e-11,True
event_driven,5,C4_longformer,C3_roberta_s1,11.098360897427908,1.4888983848690228e-28,2.4715713188825778e-26,False
event_driven,5,C4_longformer,C5_qwen3,9.513279539514643,2.007625355591923e-21,3.0114380333878846e-19,False
event_driven,5,C4_longformer,C5_gteqwen2,8.54580122575859,1.3479012590900015e-17,1.833145712362402e-15,False
event_driven,5,C4_longformer,C5_e5mistral,-1.9459986170020602,0.05166604752348603,1.0,False
event_driven,5,C4_longformer,D1_concat_mlp,15.68163076833545,3.692099284348195e-55,7.458040554383354e-53,False
event_driven,5,C4_longformer,D2_gated_fusion,18.540563466717764,3.1402867430369865e-76,7.09704803926359e-74,False
event_driven,5,C4_longformer,D3_qwen3,22.431528536953387,2.3562269297560667e-110,6.927307173482836e-108,False
event_driven,5,C4_longformer,D3_gteqwen2,25.047395882904002,8.91077994317165e-137,2.9583789411329875e-134,False
event_driven,5,C4_longformer,D3_e5mistral,22.065733807205813,7.003708915857825e-107,1.989053332103622e-104,False
event_driven,5,C5_qwen3,A2_har_rv,21.15565443876794,1.7726840308030566e-98,4.786246883168253e-96,False
event_driven,5,C5_qwen3,A3_garch,5.178520295377477,2.2537738010415336e-07,2.1636228489998722e-05,False
event_driven,5,C5_qwen3,A4_egarch,-1.8803564685856606,0.060071078137175965,1.0,False
event_driven,5,C5_qwen3,A5_arima,1.8730615800113068,0.06107149140044651,1.0,False
event_driven,5,C5_qwen3,B2_tfidf_ridge,-29.81203318728981,6.033616020671352e-192,2.3169085519377993e-189,True
event_driven,5,C5_qwen3,C1_bert_s1,-17.297938658162575,1.1876099894937162e-66,2.5889897770963014e-64,True
event_driven,5,C5_qwen3,C1_bert_s2,-18.65923753843317,3.537134888603855e-77,8.06466754601679e-75,True
event_driven,5,C5_qwen3,C2_finbert_s1,4.0568056006121544,4.9898759875732225e-05,0.0038921032703071136,False
event_driven,5,C5_qwen3,C2_finbert_s2,-23.414300850963276,5.900701576261459e-120,1.876423101251144e-117,True
event_driven,5,C5_qwen3,C2_finbert_s3,-3.30962816807492,0.0009355150015018379,0.059872960096117624,False
event_driven,5,C5_qwen3,C2_finbert_s4,-12.301170115383341,1.1236511448906296e-34,2.0000990379053205e-32,True
event_driven,5,C5_qwen3,C3_roberta_s1,-4.275568162780193,1.9135388142343504e-05,0.0015308310513874803,True
event_driven,5,C5_qwen3,C4_longformer,-9.513279539514643,2.007625355591923e-21,3.0114380333878846e-19,True
event_driven,5,C5_qwen3,C5_gteqwen2,-2.5551298938421367,0.010620659801352591,0.5735156292730399,False
event_driven,5,C5_qwen3,C5_e5mistral,-19.085790975446812,1.2353910954249733e-80,2.915522985202937e-78,True
event_driven,5,C5_qwen3,D1_concat_mlp,9.466337379325267,3.1445076541659447e-21,4.653871328165598e-19,False
event_driven,5,C5_qwen3,D2_gated_fusion,12.156518330144234,6.597160826955276e-34,1.147905983890218e-31,False
event_driven,5,C5_qwen3,D3_qwen3,19.209638041135946,1.1857483160902135e-81,2.8695109249383166e-79,False
event_driven,5,C5_qwen3,D3_gteqwen2,22.37749403730443,7.739249201317661e-110,2.259860766784757e-107,False
event_driven,5,C5_qwen3,D3_e5mistral,18.78321519466775,3.5620918369700585e-78,8.264053061770536e-76,False
event_driven,5,C5_gteqwen2,A2_har_rv,21.779058963464415,3.380497161885168e-104,9.330172166803064e-102,False
event_driven,5,C5_gteqwen2,A3_garch,5.351048430883112,8.82119381702134e-08,9.174041569702193e-06,False
event_driven,5,C5_gteqwen2,A4_egarch,-1.8232058658887522,0.06828410159207052,1.0,False
event_driven,5,C5_gteqwen2,A5_arima,2.0252876191368117,0.04284839739221484,1.0,False
event_driven,5,C5_gteqwen2,B2_tfidf_ridge,-28.261828762637982,5.2044887552107355e-173,1.8944339068967077e-170,True
event_driven,5,C5_gteqwen2,C1_bert_s1,-16.09652581337449,5.2679283120159556e-58,1.074657375651255e-55,True
event_driven,5,C5_gteqwen2,C1_bert_s2,-17.54345749610921,1.7112977605551172e-68,3.7648550732212577e-66,True
event_driven,5,C5_gteqwen2,C2_finbert_s1,4.768693376123445,1.8646429011590353e-06,0.0001678178611043132,False
event_driven,5,C5_gteqwen2,C2_finbert_s2,-22.082536402600727,4.863967747688742e-107,1.3910947758389802e-104,True
event_driven,5,C5_gteqwen2,C2_finbert_s3,-2.5243425373420663,0.01159760344300196,0.6030753790361019,False
event_driven,5,C5_gteqwen2,C2_finbert_s4,-11.214865454949365,4.0430828843030535e-29,6.79237924562913e-27,True
event_driven,5,C5_gteqwen2,C3_roberta_s1,-3.3929112322345585,0.0006926080281286646,0.04571212985649186,True
event_driven,5,C5_gteqwen2,C4_longformer,-8.54580122575859,1.3479012590900015e-17,1.833145712362402e-15,True
event_driven,5,C5_gteqwen2,C5_qwen3,2.5551298938421367,0.010620659801352591,0.5735156292730399,False
event_driven,5,C5_gteqwen2,C5_e5mistral,-16.838943579080745,2.8152332822099216e-63,5.968294558285034e-61,True
event_driven,5,C5_gteqwen2,D1_concat_mlp,10.007277743022707,1.567337013077108e-23,2.4450457404002884e-21,False
event_driven,5,C5_gteqwen2,D2_gated_fusion,12.723237073177751,5.714322948894515e-37,1.0514354225965907e-34,False
event_driven,5,C5_gteqwen2,D3_qwen3,19.700979269184096,9.405961498783426e-86,2.3326784516982894e-83,False
event_driven,5,C5_gteqwen2,D3_gteqwen2,23.28096409016034,1.2490906090328865e-118,3.9221445123632637e-116,False
event_driven,5,C5_gteqwen2,D3_e5mistral,19.43807795067027,1.5133245701896674e-83,3.692511951262788e-81,False
event_driven,5,C5_e5mistral,A2_har_rv,22.924403533430414,4.0379936768744804e-115,1.24370205247734e-112,False
event_driven,5,C5_e5mistral,A3_garch,7.236596525640919,4.73291424851006e-13,5.963471953122676e-11,False
event_driven,5,C5_e5mistral,A4_egarch,-0.9645457364657448,0.3347816793868062,1.0,False
event_driven,5,C5_e5mistral,A5_arima,3.9807429336070173,6.889340389210487e-05,0.0050981118880157605,False
event_driven,5,C5_e5mistral,B2_tfidf_ridge,-31.3055517369128,4.467501298062529e-211,1.7780655166288867e-208,True
event_driven,5,C5_e5mistral,C1_bert_s1,-9.63914917113986,5.964024707836457e-22,9.065317555911415e-20,True
event_driven,5,C5_e5mistral,C1_bert_s2,-12.179434198726003,4.990752274218655e-34,8.783724002624832e-32,True
event_driven,5,C5_e5mistral,C2_finbert_s1,16.560326510702996,2.851789848034141e-61,5.988758680871696e-59,False
event_driven,5,C5_e5mistral,C2_finbert_s2,-20.39020590900991,1.1301217019432957e-91,2.938316425052569e-89,True
event_driven,5,C5_e5mistral,C2_finbert_s3,8.16777667781683,3.287652103826129e-16,4.4054538191270133e-14,False
event_driven,5,C5_e5mistral,C2_finbert_s4,-2.1859609553803057,0.02882766470862039,1.0,False
event_driven,5,C5_e5mistral,C3_roberta_s1,8.870239167214043,7.774048640712167e-19,1.1039149069811277e-16,False
event_driven,5,C5_e5mistral,C4_longformer,1.9459986170020602,0.05166604752348603,1.0,False
event_driven,5,C5_e5mistral,C5_qwen3,19.085790975446812,1.2353910954249733e-80,2.915522985202937e-78,False
event_driven,5,C5_e5mistral,C5_gteqwen2,16.838943579080745,2.8152332822099216e-63,5.968294558285034e-61,False
event_driven,5,C5_e5mistral,D1_concat_mlp,16.305247496528203,1.831391996500723e-59,3.772667512791489e-57,False
event_driven,5,C5_e5mistral,D2_gated_fusion,19.197573208783414,1.490817226418758e-81,3.577961343405019e-79,False
event_driven,5,C5_e5mistral,D3_qwen3,22.461987434548913,1.2038003784870849e-110,3.563249120321771e-108,False
event_driven,5,C5_e5mistral,D3_gteqwen2,24.996279310170678,3.109854749542503e-136,1.0262520673490259e-133,False
event_driven,5,C5_e5mistral,D3_e5mistral,22.327053124058093,2.342911861456926e-109,6.794444398225084e-107,False
event_driven,5,D1_concat_mlp,A2_har_rv,24.18411915331216,9.463508669458192e-128,3.0661768089044543e-125,False
event_driven,5,D1_concat_mlp,A3_garch,2.44698799758988,0.01441236897067371,0.6917937105923381,False
event_driven,5,D1_concat_mlp,A4_egarch,-2.960128936042875,0.003077976012483903,0.18467856074903416,False
event_driven,5,D1_concat_mlp,A5_arima,-0.8500225497732249,0.3953206546204504,1.0,False
event_driven,5,D1_concat_mlp,B2_tfidf_ridge,-29.170272796528042,5.420497373332544e-184,2.0381070123730367e-181,True
event_driven,5,D1_concat_mlp,C1_bert_s1,-20.328238890413495,3.921272929953563e-91,1.003845870068112e-88,True
event_driven,5,D1_concat_mlp,C1_bert_s2,-22.175615139277483,6.423663335111041e-108,1.8500150405119798e-105,True
event_driven,5,D1_concat_mlp,C2_finbert_s1,-7.053511121579025,1.7898143411565777e-12,2.2193697830341562e-10,True
event_driven,5,D1_concat_mlp,C2_finbert_s2,-25.109080572587768,1.9654641185422058e-137,6.603959438301812e-135,True
event_driven,5,D1_concat_mlp,C2_finbert_s3,-11.084657498453035,1.73411457307096e-28,2.8439478998363744e-26,True
event_driven,5,D1_concat_mlp,C2_finbert_s4,-17.74057852162474,5.454416871435041e-70,1.210880545458579e-67,True
event_driven,5,D1_concat_mlp,C3_roberta_s1,-12.032902922834248,2.9461900862787697e-33,5.067446948399483e-31,True
event_driven,5,D1_concat_mlp,C4_longformer,-15.68163076833545,3.692099284348195e-55,7.458040554383354e-53,True
event_driven,5,D1_concat_mlp,C5_qwen3,-9.466337379325267,3.1445076541659447e-21,4.653871328165598e-19,True
event_driven,5,D1_concat_mlp,C5_gteqwen2,-10.007277743022707,1.567337013077108e-23,2.4450457404002884e-21,True
event_driven,5,D1_concat_mlp,C5_e5mistral,-16.305247496528203,1.831391996500723e-59,3.772667512791489e-57,True
event_driven,5,D1_concat_mlp,D2_gated_fusion,12.602140291217248,2.6470818211007576e-36,4.817688914403379e-34,False
event_driven,5,D1_concat_mlp,D3_qwen3,28.727641121339133,1.3354446061414294e-178,4.9678539348461174e-176,False
event_driven,5,D1_concat_mlp,D3_gteqwen2,31.108570343065274,1.669982085969733e-208,6.613129060440143e-206,False
event_driven,5,D1_concat_mlp,D3_e5mistral,29.345053857919478,3.83628489134019e-186,1.4501156889265917e-183,False
event_driven,5,D2_gated_fusion,A2_har_rv,21.381916419468848,1.552883480061612e-100,4.254900735368817e-98,False
event_driven,5,D2_gated_fusion,A3_garch,1.8802953416064496,0.06007940422183519,1.0,False
event_driven,5,D2_gated_fusion,A4_egarch,-3.1640003665115928,0.0015580213880595805,0.096597326059694,False
event_driven,5,D2_gated_fusion,A5_arima,-1.3843809410528347,0.166254144827258,1.0,False
event_driven,5,D2_gated_fusion,B2_tfidf_ridge,-31.842436822392933,3.6488150383490164e-218,1.4741212754930027e-215,True
event_driven,5,D2_gated_fusion,C1_bert_s1,-23.233767185280357,3.6653427302250573e-118,1.1435869318302178e-115,True
event_driven,5,D2_gated_fusion,C1_bert_s2,-25.079398459367145,4.0694363045741186e-137,1.3591917257277556e-134,True
event_driven,5,D2_gated_fusion,C2_finbert_s1,-9.655587290159227,5.083926087601394e-22,7.829246174906148e-20,True
event_driven,5,D2_gated_fusion,C2_finbert_s2,-27.942838751657266,3.1303613352371656e-169,1.1269300806853796e-166,True
event_driven,5,D2_gated_fusion,C2_finbert_s3,-13.666554835696315,2.2807782640667666e-42,4.3334787017268565e-40,True
event_driven,5,D2_gated_fusion,C2_finbert_s4,-20.70721251924099,1.8379440959393672e-94,4.888931295198717e-92,True
event_driven,5,D2_gated_fusion,C3_roberta_s1,-14.829679066109689,1.5268131485190214e-49,2.992553771097282e-47,True
event_driven,5,D2_gated_fusion,C4_longformer,-18.540563466717764,3.1402867430369865e-76,7.09704803926359e-74,True
event_driven,5,D2_gated_fusion,C5_qwen3,-12.156518330144234,6.597160826955276e-34,1.147905983890218e-31,True
event_driven,5,D2_gated_fusion,C5_gteqwen2,-12.723237073177751,5.714322948894515e-37,1.0514354225965907e-34,True
event_driven,5,D2_gated_fusion,C5_e5mistral,-19.197573208783414,1.490817226418758e-81,3.577961343405019e-79,True
event_driven,5,D2_gated_fusion,D1_concat_mlp,-12.602140291217248,2.6470818211007576e-36,4.817688914403379e-34,True
event_driven,5,D2_gated_fusion,D3_qwen3,22.53740404337476,2.2738666570845317e-111,6.821599971253595e-109,False
event_driven,5,D2_gated_fusion,D3_gteqwen2,27.756903212731206,4.785291228766789e-167,1.7035636774409768e-164,False
event_driven,5,D2_gated_fusion,D3_e5mistral,22.673211460561134,1.1156846382335923e-112,3.397776140952523e-110,False
event_driven,5,D3_qwen3,A2_har_rv,13.550902361441645,1.0970638559248314e-41,2.0405387720201862e-39,False
event_driven,5,D3_qwen3,A3_garch,-2.197991124522099,0.027958833231508284,1.0,False
event_driven,5,D3_qwen3,A4_egarch,-4.57072697558599,4.8835035307625395e-06,0.00042974831070710347,True
event_driven,5,D3_qwen3,A5_arima,-5.368404859175091,8.014056761776043e-08,8.494900167482606e-06,True
event_driven,5,D3_qwen3,B2_tfidf_ridge,-31.082989432526357,3.595069821703479e-208,1.4164575097511708e-205,True
event_driven,5,D3_qwen3,C1_bert_s1,-25.118049543450063,1.577210184523026e-137,5.330970423687828e-135,True
event_driven,5,D3_qwen3,C1_bert_s2,-26.56106383412213,2.5155565935790473e-153,8.754136945655085e-151,True
event_driven,5,D3_qwen3,C2_finbert_s1,-16.92062955519045,7.167152818408104e-64,1.5337707031393343e-61,True
event_driven,5,D3_qwen3,C2_finbert_s2,-28.46970789995122,1.7058396809990185e-175,6.311606819696368e-173,True
event_driven,5,D3_qwen3,C2_finbert_s3,-19.15162949532923,3.560537533138056e-81,8.474079328868573e-79,True
event_driven,5,D3_qwen3,C2_finbert_s4,-23.72286813738954,4.7350264036946135e-123,1.5246785019896656e-120,True
event_driven,5,D3_qwen3,C3_roberta_s1,-19.83066095895199,7.489567232143877e-87,1.8723918080359693e-84,True
event_driven,5,D3_qwen3,C4_longformer,-22.431528536953387,2.3562269297560667e-110,6.927307173482836e-108,True
event_driven,5,D3_qwen3,C5_qwen3,-19.209638041135946,1.1857483160902135e-81,2.8695109249383166e-79,True
event_driven,5,D3_qwen3,C5_gteqwen2,-19.700979269184096,9.405961498783426e-86,2.3326784516982894e-83,True
event_driven,5,D3_qwen3,C5_e5mistral,-22.461987434548913,1.2038003784870849e-110,3.563249120321771e-108,True
event_driven,5,D3_qwen3,D1_concat_mlp,-28.727641121339133,1.3354446061414294e-178,4.9678539348461174e-176,True
event_driven,5,D3_qwen3,D2_gated_fusion,-22.53740404337476,2.2738666570845317e-111,6.821599971253595e-109,True
event_driven,5,D3_qwen3,D3_gteqwen2,13.556551245478696,1.0163530070881464e-41,1.9107436533257153e-39,False
event_driven,5,D3_qwen3,D3_e5mistral,-3.653366890122476,0.00025935065500484565,0.018154545850339196,True
event_driven,5,D3_gteqwen2,A2_har_rv,5.810183922666663,6.315765775583344e-09,6.947342353141678e-07,False
event_driven,5,D3_gteqwen2,A3_garch,-3.633085957094972,0.00028060975847351557,0.01908146357619906,True
event_driven,5,D3_gteqwen2,A4_egarch,-5.039814686503124,4.6921739379701023e-07,4.410643501691896e-05,True
event_driven,5,D3_gteqwen2,A5_arima,-6.734408470560663,1.681499698143552e-11,1.9841696438093915e-09,True
event_driven,5,D3_gteqwen2,B2_tfidf_ridge,-32.66107722656878,3.47770132380116e-229,1.4258575427584755e-226,True
event_driven,5,D3_gteqwen2,C1_bert_s1,-27.36276670542651,1.8401338193531039e-162,6.514073720509988e-160,True
event_driven,5,D3_gteqwen2,C1_bert_s2,-28.752389353559938,6.702004895721043e-179,2.50654983099967e-176,True
event_driven,5,D3_gteqwen2,C2_finbert_s1,-20.333518612066403,3.5273934895098484e-91,9.100675202935409e-89,True
event_driven,5,D3_gteqwen2,C2_finbert_s2,-30.32448488605754,2.0616400876327723e-198,7.957930738262501e-196,True
event_driven,5,D3_gteqwen2,C2_finbert_s3,-22.05079113555265,9.683708653972405e-107,2.7308058404202182e-104,True
event_driven,5,D3_gteqwen2,C2_finbert_s4,-26.2183368922297,1.6906463199953892e-149,5.815823340784139e-147,True
event_driven,5,D3_gteqwen2,C3_roberta_s1,-22.633104964496155,2.7224660287997847e-112,8.22184740697535e-110,True
event_driven,5,D3_gteqwen2,C4_longformer,-25.047395882904002,8.91077994317165e-137,2.9583789411329875e-134,True
event_driven,5,D3_gteqwen2,C5_qwen3,-22.37749403730443,7.739249201317661e-110,2.259860766784757e-107,True
event_driven,5,D3_gteqwen2,C5_gteqwen2,-23.28096409016034,1.2490906090328865e-118,3.9221445123632637e-116,True
event_driven,5,D3_gteqwen2,C5_e5mistral,-24.996279310170678,3.109854749542503e-136,1.0262520673490259e-133,True
event_driven,5,D3_gteqwen2,D1_concat_mlp,-31.108570343065274,1.669982085969733e-208,6.613129060440143e-206,True
event_driven,5,D3_gteqwen2,D2_gated_fusion,-27.756903212731206,4.785291228766789e-167,1.7035636774409768e-164,True
event_driven,5,D3_gteqwen2,D3_qwen3,-13.556551245478696,1.0163530070881464e-41,1.9107436533257153e-39,True
event_driven,5,D3_gteqwen2,D3_e5mistral,-15.50286662035118,5.903092335203511e-54,1.1806184670407022e-51,True
event_driven,5,D3_e5mistral,A2_har_rv,15.111534377305409,2.287925492980138e-51,4.5300924761006736e-49,False
event_driven,5,D3_e5mistral,A3_garch,-1.9996784481777934,0.04554575121870516,1.0,False
event_driven,5,D3_e5mistral,A4_egarch,-4.506693441626512,6.614278358727222e-06,0.0005688279388505411,True
event_driven,5,D3_e5mistral,A5_arima,-5.184040187582323,2.1881138335305853e-07,2.1443515568599736e-05,True
event_driven,5,D3_e5mistral,B2_tfidf_ridge,-30.87771018355695,1.6547402574845282e-205,6.45348700418966e-203,True
event_driven,5,D3_e5mistral,C1_bert_s1,-24.87613703821321,5.813410723896871e-135,1.9067987174381736e-132,True
event_driven,5,D3_e5mistral,C1_bert_s2,-26.295031820345617,2.3748230248300478e-150,8.216887665911965e-148,True
event_driven,5,D3_e5mistral,C2_finbert_s1,-16.526713667150727,4.9531352422842095e-61,1.0302521303951156e-58,True
event_driven,5,D3_e5mistral,C2_finbert_s2,-28.20005916075089,2.826999748272254e-172,1.023373908874556e-169,True
event_driven,5,D3_e5mistral,C2_finbert_s3,-18.764436022645373,5.048065795951909e-78,1.161055133068939e-75,True
event_driven,5,D3_e5mistral,C2_finbert_s4,-23.394737609045556,9.244036770217222e-120,2.9211156193886424e-117,True
event_driven,5,D3_e5mistral,C3_roberta_s1,-19.445482334319315,1.3127396782934615e-83,3.2293396086019153e-81,True
event_driven,5,D3_e5mistral,C4_longformer,-22.065733807205813,7.003708915857825e-107,1.989053332103622e-104,True
event_driven,5,D3_e5mistral,C5_qwen3,-18.78321519466775,3.5620918369700585e-78,8.264053061770536e-76,True
event_driven,5,D3_e5mistral,C5_gteqwen2,-19.43807795067027,1.5133245701896674e-83,3.692511951262788e-81,True
event_driven,5,D3_e5mistral,C5_e5mistral,-22.327053124058093,2.342911861456926e-109,6.794444398225084e-107,True
event_driven,5,D3_e5mistral,D1_concat_mlp,-29.345053857919478,3.83628489134019e-186,1.4501156889265917e-183,True
event_driven,5,D3_e5mistral,D2_gated_fusion,-22.673211460561134,1.1156846382335923e-112,3.397776140952523e-110,True
event_driven,5,D3_e5mistral,D3_qwen3,3.653366890122476,0.00025935065500484565,0.018154545850339196,False
event_driven,5,D3_e5mistral,D3_gteqwen2,15.50286662035118,5.903092335203511e-54,1.1806184670407022e-51,False
event_driven,10,A2_har_rv,A3_garch,-4.69471702505086,2.6839161058426e-06,0.0001986097918323524,True
event_driven,10,A2_har_rv,A4_egarch,-4.887848176419368,1.0257548119601054e-06,8.411189458072864e-05,True
event_driven,10,A2_har_rv,A5_arima,-6.789217505961501,1.1526647069056037e-11,1.2147254033625636e-09,True
event_driven,10,A2_har_rv,B2_tfidf_ridge,-28.040565972777472,2.2550515616878285e-170,8.79470109058253e-168,True
event_driven,10,A2_har_rv,C1_bert_s1,-22.413490733711523,3.5430006826997126e-110,1.034556199348316e-107,True
event_driven,10,A2_har_rv,C1_bert_s2,-24.710985497043836,3.2345809210536485e-133,1.0997575131582405e-130,True
event_driven,10,A2_har_rv,C2_finbert_s1,-24.139359426003278,2.7670284885752637e-127,9.297215721612886e-125,True
event_driven,10,A2_har_rv,C2_finbert_s2,-24.36342680969638,1.356490786250853e-129,4.5849388575278836e-127,True
event_driven,10,A2_har_rv,C2_finbert_s3,-18.199001583990174,1.5693535799731836e-73,3.735061520336177e-71,True
event_driven,10,A2_har_rv,C2_finbert_s4,-20.366803649152242,1.8218799799556233e-91,4.700450348285508e-89,True
event_driven,10,A2_har_rv,C3_roberta_s1,-23.9753740044205,1.3165786160889335e-125,4.371041005415259e-123,True
event_driven,10,A2_har_rv,C4_longformer,-21.337284700805263,4.0036309745441676e-100,1.0809803631269253e-97,True
event_driven,10,A2_har_rv,C5_qwen3,-21.766099524561586,4.5041201570701506e-104,1.2431371633513616e-101,True
event_driven,10,A2_har_rv,C5_gteqwen2,-22.497293569290992,5.580596972998316e-111,1.6518567040075016e-108,True
event_driven,10,A2_har_rv,C5_e5mistral,-22.247379989826342,1.355069563813406e-108,3.821296169953805e-106,True
event_driven,10,A2_har_rv,D1_concat_mlp,-23.645786989455367,2.870245192786525e-122,9.299594424628341e-120,True
event_driven,10,A2_har_rv,D2_gated_fusion,-21.272831374350243,1.5469253869933894e-99,4.1457600371422835e-97,True
event_driven,10,A2_har_rv,D3_qwen3,-8.848588680215626,9.437119394992704e-19,1.245699760139037e-16,True
event_driven,10,A2_har_rv,D3_gteqwen2,-7.061024131278169,1.6960176607820779e-12,1.8656194268602857e-10,True
event_driven,10,A2_har_rv,D3_e5mistral,-9.433077687090734,4.317242405972163e-21,6.130484216480471e-19,True
event_driven,10,A3_garch,A2_har_rv,4.69471702505086,2.6839161058426e-06,0.0001986097918323524,False
event_driven,10,A3_garch,A4_egarch,-3.837195811916253,0.00012475315117219837,0.0077346953726762984,True
event_driven,10,A3_garch,A5_arima,-3.424702231061128,0.0006164615272374522,0.03575476857977222,True
event_driven,10,A3_garch,B2_tfidf_ridge,-15.490381913589438,7.173340192555282e-54,1.4920547600514986e-51,True
event_driven,10,A3_garch,C1_bert_s1,-11.029181229676052,3.2106653092863546e-28,5.0086378824867133e-26,True
event_driven,10,A3_garch,C1_bert_s2,-12.632585576669705,1.8048370999322708e-36,3.2487067798780874e-34,True
event_driven,10,A3_garch,C2_finbert_s1,-12.087601202984775,1.5236548057925327e-33,2.6511593620790068e-31,True
event_driven,10,A3_garch,C2_finbert_s2,-12.195945014801747,4.084376867114803e-34,7.188503286122054e-32,True
event_driven,10,A3_garch,C2_finbert_s3,-7.017341415381309,2.318986750530121e-12,2.5045056905725306e-10,True
event_driven,10,A3_garch,C2_finbert_s4,-9.050321861232431,1.5266492804455234e-19,2.0762430214059117e-17,True
event_driven,10,A3_garch,C3_roberta_s1,-11.577675569275623,6.413176279367167e-31,1.0517609098162154e-28,True
event_driven,10,A3_garch,C4_longformer,-9.5506625026939,1.4027607409191309e-21,2.0199754669235485e-19,True
event_driven,10,A3_garch,C5_qwen3,-8.02314573192592,1.0756115039807825e-15,1.3337582649361704e-13,True
event_driven,10,A3_garch,C5_gteqwen2,-8.363010805762984,6.428588334871358e-17,8.10002130193791e-15,True
event_driven,10,A3_garch,C5_e5mistral,-9.611661765199159,7.7874239966659245e-22,1.136963903513225e-19,True
event_driven,10,A3_garch,D1_concat_mlp,-5.620523020373997,1.9240792683926794e-08,1.744492014992631e-06,True
event_driven,10,A3_garch,D2_gated_fusion,-2.7244605961277846,0.006445137882444092,0.2964763425924282,False
event_driven,10,A3_garch,D3_qwen3,2.667190042870478,0.00765376697936755,0.3367657470921722,False
event_driven,10,A3_garch,D3_gteqwen2,3.0712355590483638,0.0021340373883465763,0.10670186941732882,False
event_driven,10,A3_garch,D3_e5mistral,2.659382911399571,0.007833382892347623,0.3367657470921722,False
event_driven,10,A4_egarch,A2_har_rv,4.887848176419368,1.0257548119601054e-06,8.411189458072864e-05,False
event_driven,10,A4_egarch,A3_garch,3.837195811916253,0.00012475315117219837,0.0077346953726762984,False
event_driven,10,A4_egarch,A5_arima,3.0857463627140875,0.0020326370094307907,0.10569712449040111,False
event_driven,10,A4_egarch,B2_tfidf_ridge,-2.4793552235334935,0.013168555552786546,0.4740679999003157,False
event_driven,10,A4_egarch,C1_bert_s1,-0.4648985776489771,0.6420081381101631,1.0,False
event_driven,10,A4_egarch,C1_bert_s2,-1.1306991601871712,0.2581925819422726,1.0,False
event_driven,10,A4_egarch,C2_finbert_s1,-0.8458133541849641,0.39766496973436116,1.0,False
event_driven,10,A4_egarch,C2_finbert_s2,-0.898340832485432,0.3690125214911914,1.0,False
event_driven,10,A4_egarch,C2_finbert_s3,1.3289827168210502,0.18386580064469532,1.0,False
event_driven,10,A4_egarch,C2_finbert_s4,0.46382907128688683,0.6427742516313308,1.0,False
event_driven,10,A4_egarch,C3_roberta_s1,-0.5858858992799724,0.5579574826587869,1.0,False
event_driven,10,A4_egarch,C4_longformer,0.2875894967029989,0.7736633695487608,1.0,False
event_driven,10,A4_egarch,C5_qwen3,1.0884817048463415,0.27639300170195924,1.0,False
event_driven,10,A4_egarch,C5_gteqwen2,0.9816480177391067,0.3262827822707575,1.0,False
event_driven,10,A4_egarch,C5_e5mistral,0.27486512186575707,0.7834221354518695,1.0,False
event_driven,10,A4_egarch,D1_concat_mlp,1.96673445432624,0.04922487621192821,1.0,False
event_driven,10,A4_egarch,D2_gated_fusion,2.9386362797941836,0.0032996090501633073,0.15838123440783874,False
event_driven,10,A4_egarch,D3_qwen3,4.433084798089785,9.328956862833122e-06,0.000615711152946986,False
event_driven,10,A4_egarch,D3_gteqwen2,4.5372038402476775,5.7270119471781e-06,0.00038943681240811084,False
event_driven,10,A4_egarch,D3_e5mistral,4.4317109824372265,9.388559038625403e-06,0.000615711152946986,False
event_driven,10,A5_arima,A2_har_rv,6.789217505961501,1.1526647069056037e-11,1.2147254033625636e-09,False
event_driven,10,A5_arima,A3_garch,3.424702231061128,0.0006164615272374522,0.03575476857977222,False
event_driven,10,A5_arima,A4_egarch,-3.0857463627140875,0.0020326370094307907,0.10569712449040111,False
event_driven,10,A5_arima,B2_tfidf_ridge,-13.19537376065195,1.2659013333727336e-39,2.32925845340583e-37,True
event_driven,10,A5_arima,C1_bert_s1,-8.682842885386655,4.091379397020492e-18,5.318793216126639e-16,True
event_driven,10,A5_arima,C1_bert_s2,-10.274173000128332,1.03174787475387e-24,1.5682567696258826e-22,True
event_driven,10,A5_arima,C2_finbert_s1,-9.699109775417375,3.3283081825824352e-22,4.9258961102220044e-20,True
event_driven,10,A5_arima,C2_finbert_s2,-9.818245932793015,1.032875468584051e-22,1.5493132028760766e-20,True
event_driven,10,A5_arima,C2_finbert_s3,-4.575198966162357,4.780522549448521e-06,0.00033463657846139643,True
event_driven,10,A5_arima,C2_finbert_s4,-6.639279890643654,3.216772607027658e-11,3.216772607027658e-09,True
event_driven,10,A5_arima,C3_roberta_s1,-9.165492329011597,5.300770855112497e-20,7.315063780055245e-18,True
event_driven,10,A5_arima,C4_longformer,-7.119190940647825,1.1149527976837483e-12,1.248747133405798e-10,True
event_driven,10,A5_arima,C5_qwen3,-5.426736635326091,5.7926881930294775e-08,5.097565609865941e-06,True
event_driven,10,A5_arima,C5_gteqwen2,-5.738723662176346,9.649476551009898e-09,9.070507957949305e-07,True
event_driven,10,A5_arima,C5_e5mistral,-7.202806575655878,6.065488562273085e-13,6.914656960991316e-11,True
event_driven,10,A5_arima,D1_concat_mlp,-3.1326645933750616,0.001734272442925409,0.09711925680382291,False
event_driven,10,A5_arima,D2_gated_fusion,-0.2774198720413214,0.7814600183778573,1.0,False
event_driven,10,A5_arima,D3_qwen3,4.816625407784254,1.4686091164566599e-06,0.00011455151108361947,False
event_driven,10,A5_arima,D3_gteqwen2,5.1744836763267,2.303067181245584e-07,1.9345764322462907e-05,False
event_driven,10,A5_arima,D3_e5mistral,4.822557835447212,1.4256232453618483e-06,0.00011404985962894786,False
event_driven,10,B2_tfidf_ridge,A2_har_rv,28.040565972777472,2.2550515616878285e-170,8.79470109058253e-168,False
event_driven,10,B2_tfidf_ridge,A3_garch,15.490381913589438,7.173340192555282e-54,1.4920547600514986e-51,False
event_driven,10,B2_tfidf_ridge,A4_egarch,2.4793552235334935,0.013168555552786546,0.4740679999003157,False
event_driven,10,B2_tfidf_ridge,A5_arima,13.19537376065195,1.2659013333727336e-39,2.32925845340583e-37,False
event_driven,10,B2_tfidf_ridge,C1_bert_s1,27.62052626341389,1.9222088474855327e-165,7.381281974344446e-163,False
event_driven,10,B2_tfidf_ridge,C1_bert_s2,19.6284255104992,3.871993177504787e-85,9.679982943761968e-83,False
event_driven,10,B2_tfidf_ridge,C2_finbert_s1,24.04833923748265,2.3681922734755208e-126,7.90976219340824e-124,False
event_driven,10,B2_tfidf_ridge,C2_finbert_s2,23.633420444368763,3.822312661087445e-122,1.2307846768701573e-119,False
event_driven,10,B2_tfidf_ridge,C2_finbert_s3,32.85445403747018,8.339306146334849e-232,3.5025085814606364e-229,False
event_driven,10,B2_tfidf_ridge,C2_finbert_s4,30.506685172625247,1.013766176049247e-200,4.1969919688438824e-198,False
event_driven,10,B2_tfidf_ridge,C3_roberta_s1,26.955821685018122,8.783075207025516e-158,3.337568578669696e-155,False
event_driven,10,B2_tfidf_ridge,C4_longformer,30.697865459860036,3.5827024105252183e-203,1.4975696075995413e-200,False
event_driven,10,B2_tfidf_ridge,C5_qwen3,26.064270127596053,8.742975174602184e-148,3.199928913904399e-145,False
event_driven,10,B2_tfidf_ridge,C5_gteqwen2,24.943019174337266,1.1593903840530617e-135,3.988302921142532e-133,False
event_driven,10,B2_tfidf_ridge,C5_e5mistral,30.157328731335628,2.814987225417386e-196,1.159774736871963e-193,False
event_driven,10,B2_tfidf_ridge,D1_concat_mlp,27.8911129967073,1.3046862099867495e-168,5.062182494748588e-166,False
event_driven,10,B2_tfidf_ridge,D2_gated_fusion,28.736633779035106,1.069260548721914e-178,4.2556569839132176e-176,False
event_driven,10,B2_tfidf_ridge,D3_qwen3,30.075353764342285,3.056736925472766e-195,1.2471486655928886e-192,False
event_driven,10,B2_tfidf_ridge,D3_gteqwen2,30.14332881663557,4.2320941835961277e-196,1.7351586152744123e-193,False
event_driven,10,B2_tfidf_ridge,D3_e5mistral,29.881813744225134,8.323735658099732e-193,3.379436677188491e-190,False
event_driven,10,C1_bert_s1,A2_har_rv,22.413490733711523,3.5430006826997126e-110,1.034556199348316e-107,False
event_driven,10,C1_bert_s1,A3_garch,11.029181229676052,3.2106653092863546e-28,5.0086378824867133e-26,False
event_driven,10,C1_bert_s1,A4_egarch,0.4648985776489771,0.6420081381101631,1.0,False
event_driven,10,C1_bert_s1,A5_arima,8.682842885386655,4.091379397020492e-18,5.318793216126639e-16,False
event_driven,10,C1_bert_s1,B2_tfidf_ridge,-27.62052626341389,1.9222088474855327e-165,7.381281974344446e-163,True
event_driven,10,C1_bert_s1,C1_bert_s2,-16.433563613185765,2.2814243575746482e-60,4.973505099512733e-58,True
event_driven,10,C1_bert_s1,C2_finbert_s1,-11.050041131486335,2.5483843508872406e-28,4.02644727440184e-26,True
event_driven,10,C1_bert_s1,C2_finbert_s2,-10.44766253148021,1.6949268203720748e-25,2.6101873033729953e-23,True
event_driven,10,C1_bert_s1,C2_finbert_s3,25.15616622411761,6.289372465270045e-138,2.1761228729834356e-135,False
event_driven,10,C1_bert_s1,C2_finbert_s4,16.92787848071639,6.368043046307655e-64,1.4519138145581453e-61,False
event_driven,10,C1_bert_s1,C3_roberta_s1,-2.509832916500615,0.012085096548860464,0.45923366885669764,False
event_driven,10,C1_bert_s1,C4_longformer,12.63896901869747,1.6650024724868098e-36,3.030304499925994e-34,False
event_driven,10,C1_bert_s1,C5_qwen3,13.354395674329403,1.5378499259877932e-40,2.891157860857051e-38,False
event_driven,10,C1_bert_s1,C5_gteqwen2,12.289532735017742,1.297874046409073e-34,2.3102158026081497e-32,False
event_driven,10,C1_bert_s1,C5_e5mistral,9.255231796768213,2.303941265983725e-20,3.225517772377215e-18,False
event_driven,10,C1_bert_s1,D1_concat_mlp,17.138539361944378,1.812433408085362e-65,4.20484550675804e-63,False
event_driven,10,C1_bert_s1,D2_gated_fusion,20.18426954514625,7.009031087544956e-90,1.7802938962364189e-87,False
event_driven,10,C1_bert_s1,D3_qwen3,23.702712629663495,7.663878252365816e-123,2.498424310271256e-120,False
event_driven,10,C1_bert_s1,D3_gteqwen2,23.894120836555892,8.842338381578742e-125,2.917971665920985e-122,False
event_driven,10,C1_bert_s1,D3_e5mistral,23.489324136987616,1.0650270850572135e-120,3.3867861304819388e-118,False
event_driven,10,C1_bert_s2,A2_har_rv,24.710985497043836,3.2345809210536485e-133,1.0997575131582405e-130,False
event_driven,10,C1_bert_s2,A3_garch,12.632585576669705,1.8048370999322708e-36,3.2487067798780874e-34,False
event_driven,10,C1_bert_s2,A4_egarch,1.1306991601871712,0.2581925819422726,1.0,False
event_driven,10,C1_bert_s2,A5_arima,10.274173000128332,1.03174787475387e-24,1.5682567696258826e-22,False
event_driven,10,C1_bert_s2,B2_tfidf_ridge,-19.6284255104992,3.871993177504787e-85,9.679982943761968e-83,True
event_driven,10,C1_bert_s2,C1_bert_s1,16.433563613185765,2.2814243575746482e-60,4.973505099512733e-58,False
event_driven,10,C1_bert_s2,C2_finbert_s1,7.77393750528529,7.900341378065494e-15,9.480409653678592e-13,False
event_driven,10,C1_bert_s2,C2_finbert_s2,8.85191784988068,9.160610876793894e-19,1.227521857490382e-16,False
event_driven,10,C1_bert_s2,C2_finbert_s3,30.651225100118303,1.4244317614197735e-202,5.925636127506257e-200,False
event_driven,10,C1_bert_s2,C2_finbert_s4,26.742642419804532,2.3072247903921878e-155,8.721309707682469e-153,False
event_driven,10,C1_bert_s2,C3_roberta_s1,11.954294149323117,7.578058187631785e-33,1.2731137755221399e-30,False
event_driven,10,C1_bert_s2,C4_longformer,24.864371179069778,7.86308128950902e-135,2.689173801012085e-132,False
event_driven,10,C1_bert_s2,C5_qwen3,17.628117311535437,3.9295696929203965e-69,9.195193081433728e-67,False
event_driven,10,C1_bert_s2,C5_gteqwen2,16.53195065443526,4.559748970200212e-61,1.0031447734440467e-58,False
event_driven,10,C1_bert_s2,C5_e5mistral,16.018632797100835,1.8306872346985306e-57,3.881056937560885e-55,False
event_driven,10,C1_bert_s2,D1_concat_mlp,21.57640095997815,2.5691551698061376e-102,7.039485165268817e-100,False
event_driven,10,C1_bert_s2,D2_gated_fusion,23.751896802025055,2.4429148234636028e-123,8.012760620960617e-121,False
event_driven,10,C1_bert_s2,D3_qwen3,26.427462570614406,8.072659917839023e-152,3.0030294894361164e-149,False
event_driven,10,C1_bert_s2,D3_gteqwen2,26.545908245802107,3.8004950680419154e-153,1.4213851554476764e-150,False
event_driven,10,C1_bert_s2,D3_e5mistral,26.18581956611975,3.955967599285922e-149,1.4557960765372193e-146,False
event_driven,10,C2_finbert_s1,A2_har_rv,24.139359426003278,2.7670284885752637e-127,9.297215721612886e-125,False
event_driven,10,C2_finbert_s1,A3_garch,12.087601202984775,1.5236548057925327e-33,2.6511593620790068e-31,False
event_driven,10,C2_finbert_s1,A4_egarch,0.8458133541849641,0.39766496973436116,1.0,False
event_driven,10,C2_finbert_s1,A5_arima,9.699109775417375,3.3283081825824352e-22,4.9258961102220044e-20,False
event_driven,10,C2_finbert_s1,B2_tfidf_ridge,-24.04833923748265,2.3681922734755208e-126,7.90976219340824e-124,True
event_driven,10,C2_finbert_s1,C1_bert_s1,11.050041131486335,2.5483843508872406e-28,4.02644727440184e-26,False
event_driven,10,C2_finbert_s1,C1_bert_s2,-7.77393750528529,7.900341378065494e-15,9.480409653678592e-13,True
event_driven,10,C2_finbert_s1,C2_finbert_s2,-1.5905472367760294,0.11172415112188397,1.0,False
event_driven,10,C2_finbert_s1,C2_finbert_s3,28.645249156479107,1.357696704750272e-177,5.376478950811077e-175,False
event_driven,10,C2_finbert_s1,C2_finbert_s4,22.25586968247793,1.1255136445446444e-108,3.1964587505067898e-106,False
event_driven,10,C2_finbert_s1,C3_roberta_s1,6.790059794690578,1.1459673616627958e-11,1.2147254033625636e-09,False
event_driven,10,C2_finbert_s1,C4_longformer,20.62934450937751,9.047258705102877e-94,2.352287263326748e-91,False
event_driven,10,C2_finbert_s1,C5_qwen3,16.027216672046645,1.5968365980784208e-57,3.4172303198878205e-55,False
event_driven,10,C2_finbert_s1,C5_gteqwen2,14.92720705566255,3.6077151678155814e-50,7.287584638987475e-48,False
event_driven,10,C2_finbert_s1,C5_e5mistral,13.383325675065826,1.0452378140508038e-40,1.9859518466965272e-38,False
event_driven,10,C2_finbert_s1,D1_concat_mlp,20.254725320164315,1.7196641921981147e-90,4.402340332027174e-88,False
event_driven,10,C2_finbert_s1,D2_gated_fusion,22.806874269733818,5.709363421526957e-114,1.735646480144195e-111,False
event_driven,10,C2_finbert_s1,D3_qwen3,25.855150472801263,1.7410758743805277e-145,6.2678731477699e-143,False
event_driven,10,C2_finbert_s1,D3_gteqwen2,25.98768179291797,6.105722530548565e-147,2.2102715560585803e-144,False
event_driven,10,C2_finbert_s1,D3_e5mistral,25.596923031071157,1.1369295412215165e-142,4.001991985099738e-140,False
event_driven,10,C2_finbert_s2,A2_har_rv,24.36342680969638,1.356490786250853e-129,4.5849388575278836e-127,False
event_driven,10,C2_finbert_s2,A3_garch,12.195945014801747,4.084376867114803e-34,7.188503286122054e-32,False
event_driven,10,C2_finbert_s2,A4_egarch,0.898340832485432,0.3690125214911914,1.0,False
event_driven,10,C2_finbert_s2,A5_arima,9.818245932793015,1.032875468584051e-22,1.5493132028760766e-20,False
event_driven,10,C2_finbert_s2,B2_tfidf_ridge,-23.633420444368763,3.822312661087445e-122,1.2307846768701573e-119,True
event_driven,10,C2_finbert_s2,C1_bert_s1,10.44766253148021,1.6949268203720748e-25,2.6101873033729953e-23,False
event_driven,10,C2_finbert_s2,C1_bert_s2,-8.85191784988068,9.160610876793894e-19,1.227521857490382e-16,True
event_driven,10,C2_finbert_s2,C2_finbert_s1,1.5905472367760294,0.11172415112188397,1.0,False
event_driven,10,C2_finbert_s2,C2_finbert_s3,29.037520689379978,2.354346585776247e-182,9.511560206536038e-180,False
event_driven,10,C2_finbert_s2,C2_finbert_s4,23.241598194084304,3.104007667353042e-118,9.68450392214149e-116,False
event_driven,10,C2_finbert_s2,C3_roberta_s1,7.466415803250589,8.510000349433314e-14,9.871600405342644e-12,False
event_driven,10,C2_finbert_s2,C4_longformer,22.38460734034295,6.689006618534275e-110,1.9264339061378714e-107,False
event_driven,10,C2_finbert_s2,C5_qwen3,16.73100704913371,1.705276679933724e-62,3.853925296650216e-60,False
event_driven,10,C2_finbert_s2,C5_gteqwen2,15.619749261125618,9.696440679040092e-55,2.0362525425984193e-52,False
event_driven,10,C2_finbert_s2,C5_e5mistral,14.615622821868227,3.5301508997308454e-48,7.060301799461691e-46,False
event_driven,10,C2_finbert_s2,D1_concat_mlp,20.655962841114622,5.264233736171686e-94,1.3792292388769818e-91,False
event_driven,10,C2_finbert_s2,D2_gated_fusion,23.128435905834948,4.068653899840345e-117,1.2531454011508262e-114,False
event_driven,10,C2_finbert_s2,D3_qwen3,26.05021895867362,1.2493739686841203e-147,4.5477212460101976e-145,False
event_driven,10,C2_finbert_s2,D3_gteqwen2,26.19369799974989,3.2352586444286626e-149,1.1970456984386052e-146,False
event_driven,10,C2_finbert_s2,D3_e5mistral,25.821333272975334,4.082967893141538e-145,1.4535365699583876e-142,False
event_driven,10,C2_finbert_s3,A2_har_rv,18.199001583990174,1.5693535799731836e-73,3.735061520336177e-71,False
event_driven,10,C2_finbert_s3,A3_garch,7.017341415381309,2.318986750530121e-12,2.5045056905725306e-10,False
event_driven,10,C2_finbert_s3,A4_egarch,-1.3289827168210502,0.18386580064469532,1.0,False
event_driven,10,C2_finbert_s3,A5_arima,4.575198966162357,4.780522549448521e-06,0.00033463657846139643,False
event_driven,10,C2_finbert_s3,B2_tfidf_ridge,-32.85445403747018,8.339306146334849e-232,3.5025085814606364e-229,True
event_driven,10,C2_finbert_s3,C1_bert_s1,-25.15616622411761,6.289372465270045e-138,2.1761228729834356e-135,True
event_driven,10,C2_finbert_s3,C1_bert_s2,-30.651225100118303,1.4244317614197735e-202,5.925636127506257e-200,True
event_driven,10,C2_finbert_s3,C2_finbert_s1,-28.645249156479107,1.357696704750272e-177,5.376478950811077e-175,True
event_driven,10,C2_finbert_s3,C2_finbert_s2,-29.037520689379978,2.354346585776247e-182,9.511560206536038e-180,True
event_driven,10,C2_finbert_s3,C2_finbert_s4,-16.695289758136695,3.083847708209038e-62,6.907818866388245e-60,True
event_driven,10,C2_finbert_s3,C3_roberta_s1,-25.335004384163458,7.64851815896587e-140,2.6616843193201227e-137,True
event_driven,10,C2_finbert_s3,C4_longformer,-16.681770781080598,3.8578100508181686e-62,8.564338312816334e-60,True
event_driven,10,C2_finbert_s3,C5_qwen3,-2.643346977766445,0.008214206398397117,0.3367657470921722,False
event_driven,10,C2_finbert_s3,C5_gteqwen2,-3.7299072903197326,0.00019197339915172048,0.011518403949103228,True
event_driven,10,C2_finbert_s3,C5_e5mistral,-11.981226562301007,5.4880071733034716e-33,9.329612194615902e-31,True
event_driven,10,C2_finbert_s3,D1_concat_mlp,5.304331033618058,1.1404827894490036e-07,9.80815198926143e-06,False
event_driven,10,C2_finbert_s3,D2_gated_fusion,11.643225078932115,2.991701880094512e-31,4.96622512095689e-29,False
event_driven,10,C2_finbert_s3,D3_qwen3,18.6673230414906,3.0624411665525062e-77,7.411107623057066e-75,False
event_driven,10,C2_finbert_s3,D3_gteqwen2,19.01994111845327,4.293389375388699e-80,1.05617378634562e-77,False
event_driven,10,C2_finbert_s3,D3_e5mistral,18.405303124523787,3.7394485738025937e-75,8.974676577126224e-73,False
event_driven,10,C2_finbert_s4,A2_har_rv,20.366803649152242,1.8218799799556233e-91,4.700450348285508e-89,False
event_driven,10,C2_finbert_s4,A3_garch,9.050321861232431,1.5266492804455234e-19,2.0762430214059117e-17,False
event_driven,10,C2_finbert_s4,A4_egarch,-0.46382907128688683,0.6427742516313308,1.0,False
event_driven,10,C2_finbert_s4,A5_arima,6.639279890643654,3.216772607027658e-11,3.216772607027658e-09,False
event_driven,10,C2_finbert_s4,B2_tfidf_ridge,-30.506685172625247,1.013766176049247e-200,4.1969919688438824e-198,True
event_driven,10,C2_finbert_s4,C1_bert_s1,-16.92787848071639,6.368043046307655e-64,1.4519138145581453e-61,True
event_driven,10,C2_finbert_s4,C1_bert_s2,-26.742642419804532,2.3072247903921878e-155,8.721309707682469e-153,True
event_driven,10,C2_finbert_s4,C2_finbert_s1,-22.25586968247793,1.1255136445446444e-108,3.1964587505067898e-106,True
event_driven,10,C2_finbert_s4,C2_finbert_s2,-23.241598194084304,3.104007667353042e-118,9.68450392214149e-116,True
event_driven,10,C2_finbert_s4,C2_finbert_s3,16.695289758136695,3.083847708209038e-62,6.907818866388245e-60,False
event_driven,10,C2_finbert_s4,C3_roberta_s1,-17.106374545433518,3.129494339684015e-65,7.197836981273235e-63,True
event_driven,10,C2_finbert_s4,C4_longformer,-3.1095192673987695,0.0018760257424302207,0.10130539009123192,False
event_driven,10,C2_finbert_s4,C5_qwen3,5.841558164754224,5.235523827565466e-09,5.130813351014156e-07,False
event_driven,10,C2_finbert_s4,C5_gteqwen2,4.786397113646256,1.7077185690944807e-06,0.00012978661125118054,False
event_driven,10,C2_finbert_s4,C5_e5mistral,-2.2689015860694783,0.02328279624818496,0.7916150724382887,False
event_driven,10,C2_finbert_s4,D1_concat_mlp,11.471622375461692,2.1826863107707373e-30,3.5359518234485943e-28,False
event_driven,10,C2_finbert_s4,D2_gated_fusion,16.096643871999156,5.2731051779058635e-58,1.1389907184276666e-55,False
event_driven,10,C2_finbert_s4,D3_qwen3,21.239672575371873,3.0960099616440795e-99,8.235386497973252e-97,False
event_driven,10,C2_finbert_s4,D3_gteqwen2,21.526626792550548,7.38150318232507e-102,2.0077688655924192e-99,False
event_driven,10,C2_finbert_s4,D3_e5mistral,21.03657502278563,2.121361262930479e-97,5.600393734136464e-95,False
event_driven,10,C3_roberta_s1,A2_har_rv,23.9753740044205,1.3165786160889335e-125,4.371041005415259e-123,False
event_driven,10,C3_roberta_s1,A3_garch,11.577675569275623,6.413176279367167e-31,1.0517609098162154e-28,False
event_driven,10,C3_roberta_s1,A4_egarch,0.5858858992799724,0.5579574826587869,1.0,False
event_driven,10,C3_roberta_s1,A5_arima,9.165492329011597,5.300770855112497e-20,7.315063780055245e-18,False
event_driven,10,C3_roberta_s1,B2_tfidf_ridge,-26.955821685018122,8.783075207025516e-158,3.337568578669696e-155,True
event_driven,10,C3_roberta_s1,C1_bert_s1,2.509832916500615,0.012085096548860464,0.45923366885669764,False
event_driven,10,C3_roberta_s1,C1_bert_s2,-11.954294149323117,7.578058187631785e-33,1.2731137755221399e-30,True
event_driven,10,C3_roberta_s1,C2_finbert_s1,-6.790059794690578,1.1459673616627958e-11,1.2147254033625636e-09,True
event_driven,10,C3_roberta_s1,C2_finbert_s2,-7.466415803250589,8.510000349433314e-14,9.871600405342644e-12,True
event_driven,10,C3_roberta_s1,C2_finbert_s3,25.335004384163458,7.64851815896587e-140,2.6616843193201227e-137,False
event_driven,10,C3_roberta_s1,C2_finbert_s4,17.106374545433518,3.129494339684015e-65,7.197836981273235e-63,False
event_driven,10,C3_roberta_s1,C4_longformer,19.68126877808674,1.3886254100938114e-85,3.499336033436405e-83,False
event_driven,10,C3_roberta_s1,C5_qwen3,15.188769010460666,7.156255694140217e-52,1.4598761616046042e-49,False
event_driven,10,C3_roberta_s1,C5_gteqwen2,13.933813831217012,5.765138729774919e-44,1.1069066361167844e-41,False
event_driven,10,C3_roberta_s1,C5_e5mistral,11.458421730946142,2.540190132235808e-30,4.064304211577293e-28,False
event_driven,10,C3_roberta_s1,D1_concat_mlp,19.57645083053371,1.0588567810282817e-84,2.6259648169501384e-82,False
event_driven,10,C3_roberta_s1,D2_gated_fusion,22.397378835593887,5.0508881286584835e-110,1.46475755731096e-107,False
event_driven,10,C3_roberta_s1,D3_qwen3,25.70467909406371,7.661989463058068e-144,2.7123442699225564e-141,False
event_driven,10,C3_roberta_s1,D3_gteqwen2,25.826646790127583,3.571455781941399e-145,1.2785811699350209e-142,False
event_driven,10,C3_roberta_s1,D3_e5mistral,25.412432446156668,1.1232584523764008e-140,3.931404583317403e-138,False
event_driven,10,C4_longformer,A2_har_rv,21.337284700805263,4.0036309745441676e-100,1.0809803631269253e-97,False
event_driven,10,C4_longformer,A3_garch,9.5506625026939,1.4027607409191309e-21,2.0199754669235485e-19,False
event_driven,10,C4_longformer,A4_egarch,-0.2875894967029989,0.7736633695487608,1.0,False
event_driven,10,C4_longformer,A5_arima,7.119190940647825,1.1149527976837483e-12,1.248747133405798e-10,False
event_driven,10,C4_longformer,B2_tfidf_ridge,-30.697865459860036,3.5827024105252183e-203,1.4975696075995413e-200,True
event_driven,10,C4_longformer,C1_bert_s1,-12.63896901869747,1.6650024724868098e-36,3.030304499925994e-34,True
event_driven,10,C4_longformer,C1_bert_s2,-24.864371179069778,7.86308128950902e-135,2.689173801012085e-132,True
event_driven,10,C4_longformer,C2_finbert_s1,-20.62934450937751,9.047258705102877e-94,2.352287263326748e-91,True
event_driven,10,C4_longformer,C2_finbert_s2,-22.38460734034295,6.689006618534275e-110,1.9264339061378714e-107,True
event_driven,10,C4_longformer,C2_finbert_s3,16.681770781080598,3.8578100508181686e-62,8.564338312816334e-60,False
event_driven,10,C4_longformer,C2_finbert_s4,3.1095192673987695,0.0018760257424302207,0.10130539009123192,False
event_driven,10,C4_longformer,C3_roberta_s1,-19.68126877808674,1.3886254100938114e-85,3.499336033436405e-83,True
event_driven,10,C4_longformer,C5_qwen3,7.88429511117204,3.291625553544415e-15,4.0157831753241864e-13,False
event_driven,10,C4_longformer,C5_gteqwen2,6.6611800669764225,2.7727555767511714e-11,2.8282106882861948e-09,False
event_driven,10,C4_longformer,C5_e5mistral,-0.17428291683956565,0.8616445353806654,1.0,False
event_driven,10,C4_longformer,D1_concat_mlp,13.291438329010113,3.553339278924374e-40,6.609211058799336e-38,False
event_driven,10,C4_longformer,D2_gated_fusion,17.658800728123033,2.298184775097247e-69,5.423716069229503e-67,False
event_driven,10,C4_longformer,D3_qwen3,22.57260637792562,1.0540619289834943e-111,3.141104548370813e-109,False
event_driven,10,C4_longformer,D3_gteqwen2,22.72290490746863,3.727933700451513e-113,1.1183801101354539e-110,False
event_driven,10,C4_longformer,D3_e5mistral,22.21031767801929,3.0445888937876833e-108,8.524848902605513e-106,False
event_driven,10,C5_qwen3,A2_har_rv,21.766099524561586,4.5041201570701506e-104,1.2431371633513616e-101,False
event_driven,10,C5_qwen3,A3_garch,8.02314573192592,1.0756115039807825e-15,1.3337582649361704e-13,False
event_driven,10,C5_qwen3,A4_egarch,-1.0884817048463415,0.27639300170195924,1.0,False
event_driven,10,C5_qwen3,A5_arima,5.426736635326091,5.7926881930294775e-08,5.097565609865941e-06,False
event_driven,10,C5_qwen3,B2_tfidf_ridge,-26.064270127596053,8.742975174602184e-148,3.199928913904399e-145,True
event_driven,10,C5_qwen3,C1_bert_s1,-13.354395674329403,1.5378499259877932e-40,2.891157860857051e-38,True
event_driven,10,C5_qwen3,C1_bert_s2,-17.628117311535437,3.9295696929203965e-69,9.195193081433728e-67,True
event_driven,10,C5_qwen3,C2_finbert_s1,-16.027216672046645,1.5968365980784208e-57,3.4172303198878205e-55,True
event_driven,10,C5_qwen3,C2_finbert_s2,-16.73100704913371,1.705276679933724e-62,3.853925296650216e-60,True
event_driven,10,C5_qwen3,C2_finbert_s3,2.643346977766445,0.008214206398397117,0.3367657470921722,False
event_driven,10,C5_qwen3,C2_finbert_s4,-5.841558164754224,5.235523827565466e-09,5.130813351014156e-07,True
event_driven,10,C5_qwen3,C3_roberta_s1,-15.188769010460666,7.156255694140217e-52,1.4598761616046042e-49,True
event_driven,10,C5_qwen3,C4_longformer,-7.88429511117204,3.291625553544415e-15,4.0157831753241864e-13,True
event_driven,10,C5_qwen3,C5_gteqwen2,-4.688317926028965,2.769127552841748e-06,0.00019937718380460588,True
event_driven,10,C5_qwen3,C5_e5mistral,-14.254521550846583,6.360937229801993e-46,1.2340218225815867e-43,True
event_driven,10,C5_qwen3,D1_concat_mlp,7.686184309006415,1.5714748761975084e-14,1.85434035391306e-12,False
event_driven,10,C5_qwen3,D2_gated_fusion,14.518691516718025,1.4411211339850044e-47,2.8534198452903085e-45,False
event_driven,10,C5_qwen3,D3_qwen3,22.32580613882924,2.4331803875723043e-109,6.95889590845679e-107,False
event_driven,10,C5_qwen3,D3_gteqwen2,22.45613845159604,1.384317488610065e-110,4.069893416513591e-108,False
event_driven,10,C5_qwen3,D3_e5mistral,21.896762555600418,2.7251787616830413e-105,7.575996957478855e-103,False
event_driven,10,C5_gteqwen2,A2_har_rv,22.497293569290992,5.580596972998316e-111,1.6518567040075016e-108,False
event_driven,10,C5_gteqwen2,A3_garch,8.363010805762984,6.428588334871358e-17,8.10002130193791e-15,False
event_driven,10,C5_gteqwen2,A4_egarch,-0.9816480177391067,0.3262827822707575,1.0,False
event_driven,10,C5_gteqwen2,A5_arima,5.738723662176346,9.649476551009898e-09,9.070507957949305e-07,False
event_driven,10,C5_gteqwen2,B2_tfidf_ridge,-24.943019174337266,1.1593903840530617e-135,3.988302921142532e-133,True
event_driven,10,C5_gteqwen2,C1_bert_s1,-12.289532735017742,1.297874046409073e-34,2.3102158026081497e-32,True
event_driven,10,C5_gteqwen2,C1_bert_s2,-16.53195065443526,4.559748970200212e-61,1.0031447734440467e-58,True
event_driven,10,C5_gteqwen2,C2_finbert_s1,-14.92720705566255,3.6077151678155814e-50,7.287584638987475e-48,True
event_driven,10,C5_gteqwen2,C2_finbert_s2,-15.619749261125618,9.696440679040092e-55,2.0362525425984193e-52,True
event_driven,10,C5_gteqwen2,C2_finbert_s3,3.7299072903197326,0.00019197339915172048,0.011518403949103228,False
event_driven,10,C5_gteqwen2,C2_finbert_s4,-4.786397113646256,1.7077185690944807e-06,0.00012978661125118054,True
event_driven,10,C5_gteqwen2,C3_roberta_s1,-13.933813831217012,5.765138729774919e-44,1.1069066361167844e-41,True
event_driven,10,C5_gteqwen2,C4_longformer,-6.6611800669764225,2.7727555767511714e-11,2.8282106882861948e-09,True
event_driven,10,C5_gteqwen2,C5_qwen3,4.688317926028965,2.769127552841748e-06,0.00019937718380460588,False
event_driven,10,C5_gteqwen2,C5_e5mistral,-12.080715766752371,1.655979006756036e-33,2.848283891620382e-31,True
event_driven,10,C5_gteqwen2,D1_concat_mlp,8.63095097486896,6.440387079171428e-18,8.243695461339428e-16,False
event_driven,10,C5_gteqwen2,D2_gated_fusion,15.39984426908352,2.8825968262136424e-53,5.938149462000104e-51,False
event_driven,10,C5_gteqwen2,D3_qwen3,23.020625598028825,4.6696332517652564e-116,1.4289077750401683e-113,False
event_driven,10,C5_gteqwen2,D3_gteqwen2,23.423110492597658,4.881385110014256e-120,1.5425176947645048e-117,False
event_driven,10,C5_gteqwen2,D3_e5mistral,22.748847251562466,2.0893796935214515e-113,6.309926674434784e-111,False
event_driven,10,C5_e5mistral,A2_har_rv,22.247379989826342,1.355069563813406e-108,3.821296169953805e-106,False
event_driven,10,C5_e5mistral,A3_garch,9.611661765199159,7.7874239966659245e-22,1.136963903513225e-19,False
event_driven,10,C5_e5mistral,A4_egarch,-0.27486512186575707,0.7834221354518695,1.0,False
event_driven,10,C5_e5mistral,A5_arima,7.202806575655878,6.065488562273085e-13,6.914656960991316e-11,False
event_driven,10,C5_e5mistral,B2_tfidf_ridge,-30.157328731335628,2.814987225417386e-196,1.159774736871963e-193,True
event_driven,10,C5_e5mistral,C1_bert_s1,-9.255231796768213,2.303941265983725e-20,3.225517772377215e-18,True
event_driven,10,C5_e5mistral,C1_bert_s2,-16.018632797100835,1.8306872346985306e-57,3.881056937560885e-55,True
event_driven,10,C5_e5mistral,C2_finbert_s1,-13.383325675065826,1.0452378140508038e-40,1.9859518466965272e-38,True
event_driven,10,C5_e5mistral,C2_finbert_s2,-14.615622821868227,3.5301508997308454e-48,7.060301799461691e-46,True
event_driven,10,C5_e5mistral,C2_finbert_s3,11.981226562301007,5.4880071733034716e-33,9.329612194615902e-31,False
event_driven,10,C5_e5mistral,C2_finbert_s4,2.2689015860694783,0.02328279624818496,0.7916150724382887,False
event_driven,10,C5_e5mistral,C3_roberta_s1,-11.458421730946142,2.540190132235808e-30,4.064304211577293e-28,True
event_driven,10,C5_e5mistral,C4_longformer,0.17428291683956565,0.8616445353806654,1.0,False
event_driven,10,C5_e5mistral,C5_qwen3,14.254521550846583,6.360937229801993e-46,1.2340218225815867e-43,False
event_driven,10,C5_e5mistral,C5_gteqwen2,12.080715766752371,1.655979006756036e-33,2.848283891620382e-31,False
event_driven,10,C5_e5mistral,D1_concat_mlp,14.278366281512083,4.5317196763944746e-46,8.882170565733171e-44,False
event_driven,10,C5_e5mistral,D2_gated_fusion,18.72547194568587,1.0449605492166575e-77,2.549703740088644e-75,False
event_driven,10,C5_e5mistral,D3_qwen3,23.38213964897306,1.2495969310176736e-119,3.923734363395495e-117,False
event_driven,10,C5_e5mistral,D3_gteqwen2,23.60383784283249,7.580101833573449e-122,2.4256325867435036e-119,False
event_driven,10,C5_e5mistral,D3_e5mistral,23.233813744880944,3.7065031553769787e-118,1.1490159781668635e-115,False
event_driven,10,D1_concat_mlp,A2_har_rv,23.645786989455367,2.870245192786525e-122,9.299594424628341e-120,False
event_driven,10,D1_concat_mlp,A3_garch,5.620523020373997,1.9240792683926794e-08,1.744492014992631e-06,False
event_driven,10,D1_concat_mlp,A4_egarch,-1.96673445432624,0.04922487621192821,1.0,False
event_driven,10,D1_concat_mlp,A5_arima,3.1326645933750616,0.001734272442925409,0.09711925680382291,False
event_driven,10,D1_concat_mlp,B2_tfidf_ridge,-27.8911129967073,1.3046862099867495e-168,5.062182494748588e-166,True
event_driven,10,D1_concat_mlp,C1_bert_s1,-17.138539361944378,1.812433408085362e-65,4.20484550675804e-63,True
event_driven,10,D1_concat_mlp,C1_bert_s2,-21.57640095997815,2.5691551698061376e-102,7.039485165268817e-100,True
event_driven,10,D1_concat_mlp,C2_finbert_s1,-20.254725320164315,1.7196641921981147e-90,4.402340332027174e-88,True
event_driven,10,D1_concat_mlp,C2_finbert_s2,-20.655962841114622,5.264233736171686e-94,1.3792292388769818e-91,True
event_driven,10,D1_concat_mlp,C2_finbert_s3,-5.304331033618058,1.1404827894490036e-07,9.80815198926143e-06,True
event_driven,10,D1_concat_mlp,C2_finbert_s4,-11.471622375461692,2.1826863107707373e-30,3.5359518234485943e-28,True
event_driven,10,D1_concat_mlp,C3_roberta_s1,-19.57645083053371,1.0588567810282817e-84,2.6259648169501384e-82,True
event_driven,10,D1_concat_mlp,C4_longformer,-13.291438329010113,3.553339278924374e-40,6.609211058799336e-38,True
event_driven,10,D1_concat_mlp,C5_qwen3,-7.686184309006415,1.5714748761975084e-14,1.85434035391306e-12,True
event_driven,10,D1_concat_mlp,C5_gteqwen2,-8.63095097486896,6.440387079171428e-18,8.243695461339428e-16,True
event_driven,10,D1_concat_mlp,C5_e5mistral,-14.278366281512083,4.5317196763944746e-46,8.882170565733171e-44,True
event_driven,10,D1_concat_mlp,D2_gated_fusion,28.19633709766554,3.2130519204260145e-172,1.2595163528069977e-169,False
event_driven,10,D1_concat_mlp,D3_qwen3,28.47815357842911,1.3881790283594284e-175,5.4694253717361476e-173,False
event_driven,10,D1_concat_mlp,D3_gteqwen2,28.741447965126728,9.350784848140227e-179,3.7403139392560906e-176,False
event_driven,10,D1_concat_mlp,D3_e5mistral,28.885616719824792,1.6698271545708912e-180,6.712705161374983e-178,False
event_driven,10,D2_gated_fusion,A2_har_rv,21.272831374350243,1.5469253869933894e-99,4.1457600371422835e-97,False
event_driven,10,D2_gated_fusion,A3_garch,2.7244605961277846,0.006445137882444092,0.2964763425924282,False
event_driven,10,D2_gated_fusion,A4_egarch,-2.9386362797941836,0.0032996090501633073,0.15838123440783874,False
event_driven,10,D2_gated_fusion,A5_arima,0.2774198720413214,0.7814600183778573,1.0,False
event_driven,10,D2_gated_fusion,B2_tfidf_ridge,-28.736633779035106,1.069260548721914e-178,4.2556569839132176e-176,True
event_driven,10,D2_gated_fusion,C1_bert_s1,-20.18426954514625,7.009031087544956e-90,1.7802938962364189e-87,True
event_driven,10,D2_gated_fusion,C1_bert_s2,-23.751896802025055,2.4429148234636028e-123,8.012760620960617e-121,True
event_driven,10,D2_gated_fusion,C2_finbert_s1,-22.806874269733818,5.709363421526957e-114,1.735646480144195e-111,True
event_driven,10,D2_gated_fusion,C2_finbert_s2,-23.128435905834948,4.068653899840345e-117,1.2531454011508262e-114,True
event_driven,10,D2_gated_fusion,C2_finbert_s3,-11.643225078932115,2.991701880094512e-31,4.96622512095689e-29,True
event_driven,10,D2_gated_fusion,C2_finbert_s4,-16.096643871999156,5.2731051779058635e-58,1.1389907184276666e-55,True
event_driven,10,D2_gated_fusion,C3_roberta_s1,-22.397378835593887,5.0508881286584835e-110,1.46475755731096e-107,True
event_driven,10,D2_gated_fusion,C4_longformer,-17.658800728123033,2.298184775097247e-69,5.423716069229503e-67,True
event_driven,10,D2_gated_fusion,C5_qwen3,-14.518691516718025,1.4411211339850044e-47,2.8534198452903085e-45,True
event_driven,10,D2_gated_fusion,C5_gteqwen2,-15.39984426908352,2.8825968262136424e-53,5.938149462000104e-51,True
event_driven,10,D2_gated_fusion,C5_e5mistral,-18.72547194568587,1.0449605492166575e-77,2.549703740088644e-75,True
event_driven,10,D2_gated_fusion,D1_concat_mlp,-28.19633709766554,3.2130519204260145e-172,1.2595163528069977e-169,True
event_driven,10,D2_gated_fusion,D3_qwen3,26.577305995867718,1.686912246001975e-153,6.342790044967426e-151,False
event_driven,10,D2_gated_fusion,D3_gteqwen2,27.05132120571321,7.143792745135556e-159,2.7289288286417824e-156,False
event_driven,10,D2_gated_fusion,D3_e5mistral,27.83336487170043,6.224552153104616e-168,2.402677131098382e-165,False
event_driven,10,D3_qwen3,A2_har_rv,8.848588680215626,9.437119394992704e-19,1.245699760139037e-16,False
event_driven,10,D3_qwen3,A3_garch,-2.667190042870478,0.00765376697936755,0.3367657470921722,False
event_driven,10,D3_qwen3,A4_egarch,-4.433084798089785,9.328956862833122e-06,0.000615711152946986,True
event_driven,10,D3_qwen3,A5_arima,-4.816625407784254,1.4686091164566599e-06,0.00011455151108361947,True
event_driven,10,D3_qwen3,B2_tfidf_ridge,-30.075353764342285,3.056736925472766e-195,1.2471486655928886e-192,True
event_driven,10,D3_qwen3,C1_bert_s1,-23.702712629663495,7.663878252365816e-123,2.498424310271256e-120,True
event_driven,10,D3_qwen3,C1_bert_s2,-26.427462570614406,8.072659917839023e-152,3.0030294894361164e-149,True
event_driven,10,D3_qwen3,C2_finbert_s1,-25.855150472801263,1.7410758743805277e-145,6.2678731477699e-143,True
event_driven,10,D3_qwen3,C2_finbert_s2,-26.05021895867362,1.2493739686841203e-147,4.5477212460101976e-145,True
event_driven,10,D3_qwen3,C2_finbert_s3,-18.6673230414906,3.0624411665525062e-77,7.411107623057066e-75,True
event_driven,10,D3_qwen3,C2_finbert_s4,-21.239672575371873,3.0960099616440795e-99,8.235386497973252e-97,True
event_driven,10,D3_qwen3,C3_roberta_s1,-25.70467909406371,7.661989463058068e-144,2.7123442699225564e-141,True
event_driven,10,D3_qwen3,C4_longformer,-22.57260637792562,1.0540619289834943e-111,3.141104548370813e-109,True
event_driven,10,D3_qwen3,C5_qwen3,-22.32580613882924,2.4331803875723043e-109,6.95889590845679e-107,True
event_driven,10,D3_qwen3,C5_gteqwen2,-23.020625598028825,4.6696332517652564e-116,1.4289077750401683e-113,True
event_driven,10,D3_qwen3,C5_e5mistral,-23.38213964897306,1.2495969310176736e-119,3.923734363395495e-117,True
event_driven,10,D3_qwen3,D1_concat_mlp,-28.47815357842911,1.3881790283594284e-175,5.4694253717361476e-173,True
event_driven,10,D3_qwen3,D2_gated_fusion,-26.577305995867718,1.686912246001975e-153,6.342790044967426e-151,True
event_driven,10,D3_qwen3,D3_gteqwen2,5.623048299695699,1.896186972818077e-08,1.744492014992631e-06,False
event_driven,10,D3_qwen3,D3_e5mistral,-0.13313749755775464,0.8940857119111937,1.0,False
event_driven,10,D3_gteqwen2,A2_har_rv,7.061024131278169,1.6960176607820779e-12,1.8656194268602857e-10,False
event_driven,10,D3_gteqwen2,A3_garch,-3.0712355590483638,0.0021340373883465763,0.10670186941732882,False
event_driven,10,D3_gteqwen2,A4_egarch,-4.5372038402476775,5.7270119471781e-06,0.00038943681240811084,True
event_driven,10,D3_gteqwen2,A5_arima,-5.1744836763267,2.303067181245584e-07,1.9345764322462907e-05,True
event_driven,10,D3_gteqwen2,B2_tfidf_ridge,-30.14332881663557,4.2320941835961277e-196,1.7351586152744123e-193,True
event_driven,10,D3_gteqwen2,C1_bert_s1,-23.894120836555892,8.842338381578742e-125,2.917971665920985e-122,True
event_driven,10,D3_gteqwen2,C1_bert_s2,-26.545908245802107,3.8004950680419154e-153,1.4213851554476764e-150,True
event_driven,10,D3_gteqwen2,C2_finbert_s1,-25.98768179291797,6.105722530548565e-147,2.2102715560585803e-144,True
event_driven,10,D3_gteqwen2,C2_finbert_s2,-26.19369799974989,3.2352586444286626e-149,1.1970456984386052e-146,True
event_driven,10,D3_gteqwen2,C2_finbert_s3,-19.01994111845327,4.293389375388699e-80,1.05617378634562e-77,True
event_driven,10,D3_gteqwen2,C2_finbert_s4,-21.526626792550548,7.38150318232507e-102,2.0077688655924192e-99,True
event_driven,10,D3_gteqwen2,C3_roberta_s1,-25.826646790127583,3.571455781941399e-145,1.2785811699350209e-142,True
event_driven,10,D3_gteqwen2,C4_longformer,-22.72290490746863,3.727933700451513e-113,1.1183801101354539e-110,True
event_driven,10,D3_gteqwen2,C5_qwen3,-22.45613845159604,1.384317488610065e-110,4.069893416513591e-108,True
event_driven,10,D3_gteqwen2,C5_gteqwen2,-23.423110492597658,4.881385110014256e-120,1.5425176947645048e-117,True
event_driven,10,D3_gteqwen2,C5_e5mistral,-23.60383784283249,7.580101833573449e-122,2.4256325867435036e-119,True
event_driven,10,D3_gteqwen2,D1_concat_mlp,-28.741447965126728,9.350784848140227e-179,3.7403139392560906e-176,True
event_driven,10,D3_gteqwen2,D2_gated_fusion,-27.05132120571321,7.143792745135556e-159,2.7289288286417824e-156,True
event_driven,10,D3_gteqwen2,D3_qwen3,-5.623048299695699,1.896186972818077e-08,1.744492014992631e-06,True
event_driven,10,D3_gteqwen2,D3_e5mistral,-5.796813728334763,6.8398858213651665e-09,6.56629038851056e-07,True
event_driven,10,D3_e5mistral,A2_har_rv,9.433077687090734,4.317242405972163e-21,6.130484216480471e-19,False
event_driven,10,D3_e5mistral,A3_garch,-2.659382911399571,0.007833382892347623,0.3367657470921722,False
event_driven,10,D3_e5mistral,A4_egarch,-4.4317109824372265,9.388559038625403e-06,0.000615711152946986,True
event_driven,10,D3_e5mistral,A5_arima,-4.822557835447212,1.4256232453618483e-06,0.00011404985962894786,True
event_driven,10,D3_e5mistral,B2_tfidf_ridge,-29.881813744225134,8.323735658099732e-193,3.379436677188491e-190,True
event_driven,10,D3_e5mistral,C1_bert_s1,-23.489324136987616,1.0650270850572135e-120,3.3867861304819388e-118,True
event_driven,10,D3_e5mistral,C1_bert_s2,-26.18581956611975,3.955967599285922e-149,1.4557960765372193e-146,True
event_driven,10,D3_e5mistral,C2_finbert_s1,-25.596923031071157,1.1369295412215165e-142,4.001991985099738e-140,True
event_driven,10,D3_e5mistral,C2_finbert_s2,-25.821333272975334,4.082967893141538e-145,1.4535365699583876e-142,True
event_driven,10,D3_e5mistral,C2_finbert_s3,-18.405303124523787,3.7394485738025937e-75,8.974676577126224e-73,True
event_driven,10,D3_e5mistral,C2_finbert_s4,-21.03657502278563,2.121361262930479e-97,5.600393734136464e-95,True
event_driven,10,D3_e5mistral,C3_roberta_s1,-25.412432446156668,1.1232584523764008e-140,3.931404583317403e-138,True
event_driven,10,D3_e5mistral,C4_longformer,-22.21031767801929,3.0445888937876833e-108,8.524848902605513e-106,True
event_driven,10,D3_e5mistral,C5_qwen3,-21.896762555600418,2.7251787616830413e-105,7.575996957478855e-103,True
event_driven,10,D3_e5mistral,C5_gteqwen2,-22.748847251562466,2.0893796935214515e-113,6.309926674434784e-111,True
event_driven,10,D3_e5mistral,C5_e5mistral,-23.233813744880944,3.7065031553769787e-118,1.1490159781668635e-115,True
event_driven,10,D3_e5mistral,D1_concat_mlp,-28.885616719824792,1.6698271545708912e-180,6.712705161374983e-178,True
event_driven,10,D3_e5mistral,D2_gated_fusion,-27.83336487170043,6.224552153104616e-168,2.402677131098382e-165,True
event_driven,10,D3_e5mistral,D3_qwen3,0.13313749755775464,0.8940857119111937,1.0,False
event_driven,10,D3_e5mistral,D3_gteqwen2,5.796813728334763,6.8398858213651665e-09,6.56629038851056e-07,False
event_driven,20,A2_har_rv,A3_garch,-5.602359391787004,2.1370173738526754e-08,2.1370173738526753e-06,True
event_driven,20,A2_har_rv,A4_egarch,-4.877143460771155,1.0830136472336253e-06,9.963725554549353e-05,True
event_driven,20,A2_har_rv,A5_arima,-5.354436821929133,8.658829372098376e-08,8.485652784656409e-06,True
event_driven,20,A2_har_rv,B2_tfidf_ridge,-26.868109939816716,9.227132331189162e-157,3.598581609163773e-154,True
event_driven,20,A2_har_rv,C1_bert_s1,-19.605122373326477,6.177795319602037e-85,1.66800473629255e-82,True
event_driven,20,A2_har_rv,C1_bert_s2,-22.079912479274896,5.334026565063438e-107,1.7175565539504272e-104,True
event_driven,20,A2_har_rv,C2_finbert_s1,-19.126538934481097,5.838844400811548e-81,1.4947441666077562e-78,True
event_driven,20,A2_har_rv,C2_finbert_s2,-19.330665503804315,1.2086030650693866e-82,3.1665400304817928e-80,True
event_driven,20,A2_har_rv,C2_finbert_s3,-19.97057568049709,4.912649444578164e-88,1.3460659478144168e-85,True
event_driven,20,A2_har_rv,C2_finbert_s4,-22.422148253505494,3.00781566339726e-110,9.865635375943013e-108,True
event_driven,20,A2_har_rv,C3_roberta_s1,-22.190612256268803,4.802050331966696e-108,1.5558643075572094e-105,True
event_driven,20,A2_har_rv,C4_longformer,-21.365680230742214,2.2539687816851245e-100,6.806985720689076e-98,True
event_driven,20,A2_har_rv,C5_qwen3,-22.63184491037423,2.9108540247504796e-112,9.722252442666602e-110,True
event_driven,20,A2_har_rv,C5_gteqwen2,-23.892391378977575,9.530811627912483e-125,3.5264003023276187e-122,True
event_driven,20,A2_har_rv,C5_e5mistral,-22.307593885747796,3.724129851227046e-109,1.214066331500017e-106,True
event_driven,20,A2_har_rv,D1_concat_mlp,-18.656908158048896,3.7601689967133676e-77,9.475625871717686e-75,True
event_driven,20,A2_har_rv,D2_gated_fusion,-16.096732085460705,5.304027150450628e-58,1.2305342989045457e-55,True
event_driven,20,A2_har_rv,D3_qwen3,-6.107553486315115,1.0267806051516966e-09,1.0883874414607984e-07,True
event_driven,20,A2_har_rv,D3_gteqwen2,-2.6524392338533236,0.007996351746501859,0.3518394768460818,False
event_driven,20,A2_har_rv,D3_e5mistral,-5.930758626336681,3.0554403657738355e-09,3.1165491730893124e-07,True
event_driven,20,A3_garch,A2_har_rv,5.602359391787004,2.1370173738526754e-08,2.1370173738526753e-06,False
event_driven,20,A3_garch,A4_egarch,-3.5026368299322765,0.00046148999874640094,0.024920459932305652,True
event_driven,20,A3_garch,A5_arima,-0.17440681738330835,0.8615471845385835,1.0,False
event_driven,20,A3_garch,B2_tfidf_ridge,-16.07202612333666,7.87143987068794e-58,1.810431170258226e-55,True
event_driven,20,A3_garch,C1_bert_s1,-9.659304900401706,4.910035756095956e-22,7.168652203900095e-20,True
event_driven,20,A3_garch,C1_bert_s2,-11.784585143903925,5.707998181394154e-32,1.0616876617393127e-29,True
event_driven,20,A3_garch,C2_finbert_s1,-8.740881646920826,2.4570434132312547e-18,3.292438173729881e-16,True
event_driven,20,A3_garch,C2_finbert_s2,-8.869786065344291,7.81313621338233e-19,1.0782127974467616e-16,True
event_driven,20,A3_garch,C2_finbert_s3,-10.361241127749995,4.188418919529782e-25,6.785238649638248e-23,True
event_driven,20,A3_garch,C2_finbert_s4,-11.613855348597447,4.220703840703187e-31,7.597266913265737e-29,True
event_driven,20,A3_garch,C3_roberta_s1,-12.170071940517705,5.612539686249529e-34,1.1000577785049077e-31,True
event_driven,20,A3_garch,C4_longformer,-11.119926230437946,1.1736014522968543e-28,1.9951224689046524e-26,True
event_driven,20,A3_garch,C5_qwen3,-8.783883835807849,1.6795923742899348e-18,2.2842456290343115e-16,True
event_driven,20,A3_garch,C5_gteqwen2,-9.097910098062641,9.88392450562862e-20,1.403517279799264e-17,True
event_driven,20,A3_garch,C5_e5mistral,-10.214834671595183,1.9030683030215444e-24,2.930725186653178e-22,True
event_driven,20,A3_garch,D1_concat_mlp,-4.188934773178893,2.8123800403653422e-05,0.0020811612298703534,True
event_driven,20,A3_garch,D2_gated_fusion,-2.621387077021864,0.00876263642434355,0.3680307298224291,False
event_driven,20,A3_garch,D3_qwen3,3.860976316771472,0.00011322210472051299,0.007472658911553858,False
event_driven,20,A3_garch,D3_gteqwen2,4.461307326582119,8.182017473055816e-06,0.0006381973628983537,False
event_driven,20,A3_garch,D3_e5mistral,3.958436149036776,7.56529546423538e-05,0.005144400915680058,False
event_driven,20,A4_egarch,A2_har_rv,4.877143460771155,1.0830136472336253e-06,9.963725554549353e-05,False
event_driven,20,A4_egarch,A3_garch,3.5026368299322765,0.00046148999874640094,0.024920459932305652,False
event_driven,20,A4_egarch,A5_arima,3.4119051941217737,0.0006461377491045414,0.03359916295343615,False
event_driven,20,A4_egarch,B2_tfidf_ridge,-4.7132045359756285,2.4517817794497966e-06,0.0002206603601504817,True
event_driven,20,A4_egarch,C1_bert_s1,-0.9702233873474663,0.33194464409228935,1.0,False
event_driven,20,A4_egarch,C1_bert_s2,-2.1764855402826884,0.02952840255204906,0.94490888166557,False
event_driven,20,A4_egarch,C2_finbert_s1,-0.4001927954555287,0.689017977194572,1.0,False
event_driven,20,A4_egarch,C2_finbert_s2,-0.4517113493291393,0.6514809022942867,1.0,False
event_driven,20,A4_egarch,C2_finbert_s3,-1.3957252561043763,0.16280977591518841,1.0,False
event_driven,20,A4_egarch,C2_finbert_s4,-1.9578764363593277,0.05025574107376403,1.0,False
event_driven,20,A4_egarch,C3_roberta_s1,-2.449102851120892,0.014328144299017992,0.5731257719607197,False
event_driven,20,A4_egarch,C4_longformer,-1.769144740765734,0.07688204555519872,1.0,False
event_driven,20,A4_egarch,C5_qwen3,0.06181655052205123,0.9507094228201605,1.0,False
event_driven,20,A4_egarch,C5_gteqwen2,0.0367276845619571,0.9707024308719562,1.0,False
event_driven,20,A4_egarch,C5_e5mistral,-0.9843277495801005,0.32496401920675744,1.0,False
event_driven,20,A4_egarch,D1_concat_mlp,1.8119129401342056,0.07001177313058814,1.0,False
event_driven,20,A4_egarch,D2_gated_fusion,2.422127750944495,0.015437064840983313,0.5807488748899412,False
event_driven,20,A4_egarch,D3_qwen3,4.508723102748221,6.5518271269726564e-06,0.0005241461701578125,False
event_driven,20,A4_egarch,D3_gteqwen2,4.679022534667123,2.8977100107966822e-06,0.000254998480950108,False
event_driven,20,A4_egarch,D3_e5mistral,4.541490276892144,5.612152945974804e-06,0.00046019654156993393,False
event_driven,20,A5_arima,A2_har_rv,5.354436821929133,8.658829372098376e-08,8.485652784656409e-06,False
event_driven,20,A5_arima,A3_garch,0.17440681738330835,0.8615471845385835,1.0,False
event_driven,20,A5_arima,A4_egarch,-3.4119051941217737,0.0006461377491045414,0.03359916295343615,True
event_driven,20,A5_arima,B2_tfidf_ridge,-16.02138244544205,1.7648139520486613e-57,3.9884795316299744e-55,True
event_driven,20,A5_arima,C1_bert_s1,-9.373334722736379,7.60999038094063e-21,1.0958386148554508e-18,True
event_driven,20,A5_arima,C1_bert_s2,-11.589113613070722,5.627017578010568e-31,1.0016091288858811e-28,True
event_driven,20,A5_arima,C2_finbert_s1,-8.419533871564912,3.98209646277315e-17,5.097083472349632e-15,True
event_driven,20,A5_arima,C2_finbert_s2,-8.507041913291843,1.883820626335495e-17,2.4866432267628536e-15,True
event_driven,20,A5_arima,C2_finbert_s3,-10.10961334994272,5.575729992832477e-24,8.475109589105364e-22,True
event_driven,20,A5_arima,C2_finbert_s4,-11.422669769468959,3.834581673181837e-30,6.672172111336397e-28,True
event_driven,20,A5_arima,C3_roberta_s1,-11.964597548122219,6.713583469886245e-33,1.2621536923386142e-30,True
event_driven,20,A5_arima,C4_longformer,-10.850473164186145,2.286752534123944e-27,3.841744257328226e-25,True
event_driven,20,A5_arima,C5_qwen3,-8.209977532127272,2.3192122296096767e-16,2.9222074093081926e-14,True
event_driven,20,A5_arima,C5_gteqwen2,-8.45283864344414,2.997614279294178e-17,3.8968985630824315e-15,True
event_driven,20,A5_arima,C5_e5mistral,-9.862207857677687,6.690493169039103e-23,1.0035739753558655e-20,True
event_driven,20,A5_arima,D1_concat_mlp,-3.979958797327513,6.912385331172566e-05,0.004838669731820796,True
event_driven,20,A5_arima,D2_gated_fusion,-2.4257744830077907,0.015282865128682663,0.5807488748899412,False
event_driven,20,A5_arima,D3_qwen3,3.7556334255890764,0.00017329985569083492,0.010744591052831765,False
event_driven,20,A5_arima,D3_gteqwen2,4.3000267070735125,1.71431323885138e-05,0.0013028780615270488,False
event_driven,20,A5_arima,D3_e5mistral,3.857477677263329,0.00011485353806088284,0.007472658911553858,False
event_driven,20,B2_tfidf_ridge,A2_har_rv,26.868109939816716,9.227132331189162e-157,3.598581609163773e-154,False
event_driven,20,B2_tfidf_ridge,A3_garch,16.07202612333666,7.87143987068794e-58,1.810431170258226e-55,False
event_driven,20,B2_tfidf_ridge,A4_egarch,4.7132045359756285,2.4517817794497966e-06,0.0002206603601504817,False
event_driven,20,B2_tfidf_ridge,A5_arima,16.02138244544205,1.7648139520486613e-57,3.9884795316299744e-55,False
event_driven,20,B2_tfidf_ridge,C1_bert_s1,31.93169076592037,2.7425723020548554e-219,1.1463952222589295e-216,False
event_driven,20,B2_tfidf_ridge,C1_bert_s2,29.559319234632685,9.547926711905141e-189,3.933745805304918e-186,False
event_driven,20,B2_tfidf_ridge,C2_finbert_s1,33.06997997628333,1.035234323937479e-234,4.347984160537412e-232,False
event_driven,20,B2_tfidf_ridge,C2_finbert_s2,30.333958004674134,1.7660575327484293e-198,7.346799336233466e-196,False
event_driven,20,B2_tfidf_ridge,C2_finbert_s3,27.818694586269277,9.851828445220465e-168,3.921027721197745e-165,False
event_driven,20,B2_tfidf_ridge,C2_finbert_s4,29.493852327797903,6.190818865711507e-188,2.5382357349417176e-185,False
event_driven,20,B2_tfidf_ridge,C3_roberta_s1,28.666339516411867,8.109420609568838e-178,3.259987085046673e-175,False
event_driven,20,B2_tfidf_ridge,C4_longformer,27.338105441381884,3.847470203917932e-162,1.5159032603436652e-159,False
event_driven,20,B2_tfidf_ridge,C5_qwen3,23.620750508566793,5.297229303845082e-122,1.8964080907765392e-119,False
event_driven,20,B2_tfidf_ridge,C5_gteqwen2,21.676958818593707,3.096733576403435e-103,9.723743429906785e-101,False
event_driven,20,B2_tfidf_ridge,C5_e5mistral,27.755549740009418,5.412771046672817e-167,2.1434573344824357e-164,False
event_driven,20,B2_tfidf_ridge,D1_concat_mlp,29.382875729972625,1.4592101619206268e-186,5.953577460636157e-184,False
event_driven,20,B2_tfidf_ridge,D2_gated_fusion,30.135523292870715,5.787228407153252e-196,2.3959125605614463e-193,False
event_driven,20,B2_tfidf_ridge,D3_qwen3,28.688920530207756,4.3298702883269035e-178,1.749267596484069e-175,False
event_driven,20,B2_tfidf_ridge,D3_gteqwen2,29.259635187577615,4.8140050324193494e-185,1.954486043162256e-182,False
event_driven,20,B2_tfidf_ridge,D3_e5mistral,28.5708738879397,1.1452131904902237e-176,4.580852761960894e-174,False
event_driven,20,C1_bert_s1,A2_har_rv,19.605122373326477,6.177795319602037e-85,1.66800473629255e-82,False
event_driven,20,C1_bert_s1,A3_garch,9.659304900401706,4.910035756095956e-22,7.168652203900095e-20,False
event_driven,20,C1_bert_s1,A4_egarch,0.9702233873474663,0.33194464409228935,1.0,False
event_driven,20,C1_bert_s1,A5_arima,9.373334722736379,7.60999038094063e-21,1.0958386148554508e-18,False
event_driven,20,C1_bert_s1,B2_tfidf_ridge,-31.93169076592037,2.7425723020548554e-219,1.1463952222589295e-216,True
event_driven,20,C1_bert_s1,C1_bert_s2,-19.51384618655216,3.600475029203084e-84,9.505254077096142e-82,True
event_driven,20,C1_bert_s1,C2_finbert_s1,12.940728461130865,3.527289022373369e-38,7.195669605641673e-36,False
event_driven,20,C1_bert_s1,C2_finbert_s2,8.982416340919043,2.8331994781163115e-19,3.966479269362836e-17,False
event_driven,20,C1_bert_s1,C2_finbert_s3,-6.670195111728017,2.6085278900174066e-11,2.9737217946198433e-09,True
event_driven,20,C1_bert_s1,C2_finbert_s4,-14.015220218820678,1.861728018284682e-44,3.9840979591292194e-42,True
event_driven,20,C1_bert_s1,C3_roberta_s1,-19.683684849590083,1.3464117554408093e-85,3.6622399747990014e-83,True
event_driven,20,C1_bert_s1,C4_longformer,-10.824399072644155,3.0365700210932862e-27,5.040706235014855e-25,True
event_driven,20,C1_bert_s1,C5_qwen3,6.81555308781397,9.605915227512377e-12,1.1142861663914357e-09,False
event_driven,20,C1_bert_s1,C5_gteqwen2,6.103056384588206,1.0560584730137384e-09,1.098300811934288e-07,False
event_driven,20,C1_bert_s1,C5_e5mistral,0.008660210453119254,0.9930903080097491,1.0,False
event_driven,20,C1_bert_s1,D1_concat_mlp,16.13393687694917,2.923735911474366e-58,6.841542032850016e-56,False
event_driven,20,C1_bert_s1,D2_gated_fusion,18.727619917033998,1.0175583437547034e-77,2.584598193136947e-75,False
event_driven,20,C1_bert_s1,D3_qwen3,20.811840741564595,2.223045092676362e-95,6.402369866907922e-93,False
event_driven,20,C1_bert_s1,D3_gteqwen2,21.72174651671017,1.190799575649723e-103,3.762926659053125e-101,False
event_driven,20,C1_bert_s1,D3_e5mistral,20.74225362867261,9.236517547046004e-95,2.6416440184551572e-92,False
event_driven,20,C1_bert_s2,A2_har_rv,22.079912479274896,5.334026565063438e-107,1.7175565539504272e-104,False
event_driven,20,C1_bert_s2,A3_garch,11.784585143903925,5.707998181394154e-32,1.0616876617393127e-29,False
event_driven,20,C1_bert_s2,A4_egarch,2.1764855402826884,0.02952840255204906,0.94490888166557,False
event_driven,20,C1_bert_s2,A5_arima,11.589113613070722,5.627017578010568e-31,1.0016091288858811e-28,False
event_driven,20,C1_bert_s2,B2_tfidf_ridge,-29.559319234632685,9.547926711905141e-189,3.933745805304918e-186,True
event_driven,20,C1_bert_s2,C1_bert_s1,19.51384618655216,3.600475029203084e-84,9.505254077096142e-82,False
event_driven,20,C1_bert_s2,C2_finbert_s1,23.59637739474199,9.308442228945168e-122,3.31380543350448e-119,False
event_driven,20,C1_bert_s2,C2_finbert_s2,20.9385265035216,1.6433402604381877e-96,4.765686755270744e-94,False
event_driven,20,C1_bert_s2,C2_finbert_s3,9.758529037275402,1.8619146086496515e-22,2.7556336208014844e-20,False
event_driven,20,C1_bert_s2,C2_finbert_s4,4.665802774918155,3.090235224657751e-06,0.0002657602293205666,False
event_driven,20,C1_bert_s2,C3_roberta_s1,-4.927024268182582,8.403049010479293e-07,7.898866069850536e-05,True
event_driven,20,C1_bert_s2,C4_longformer,6.206214469603547,5.513778015484685e-10,5.9548802567234594e-08,False
event_driven,20,C1_bert_s2,C5_qwen3,13.322306891144164,2.3659200892526255e-40,5.015750589215567e-38,False
event_driven,20,C1_bert_s2,C5_gteqwen2,12.06333340563978,2.0477587939653732e-33,3.9316968844135165e-31,False
event_driven,20,C1_bert_s2,C5_e5mistral,11.267465582628803,2.240200274319024e-29,3.853144471828721e-27,False
event_driven,20,C1_bert_s2,D1_concat_mlp,21.354421917139696,2.855736685213038e-100,8.567210055639115e-98,False
event_driven,20,C1_bert_s2,D2_gated_fusion,23.029310026305236,3.9541404889880604e-116,1.3444077662559405e-113,False
event_driven,20,C1_bert_s2,D3_qwen3,23.556922815262,2.3157329925095455e-121,8.197694793483792e-119,False
event_driven,20,C1_bert_s2,D3_gteqwen2,24.305856441290146,5.543679693469704e-129,2.095510924131548e-126,False
event_driven,20,C1_bert_s2,D3_e5mistral,23.4654078666125,1.906972437184938e-120,6.598124632659886e-118,False
event_driven,20,C2_finbert_s1,A2_har_rv,19.126538934481097,5.838844400811548e-81,1.4947441666077562e-78,False
event_driven,20,C2_finbert_s1,A3_garch,8.740881646920826,2.4570434132312547e-18,3.292438173729881e-16,False
event_driven,20,C2_finbert_s1,A4_egarch,0.4001927954555287,0.689017977194572,1.0,False
event_driven,20,C2_finbert_s1,A5_arima,8.419533871564912,3.98209646277315e-17,5.097083472349632e-15,False
event_driven,20,C2_finbert_s1,B2_tfidf_ridge,-33.06997997628333,1.035234323937479e-234,4.347984160537412e-232,True
event_driven,20,C2_finbert_s1,C1_bert_s1,-12.940728461130865,3.527289022373369e-38,7.195669605641673e-36,True
event_driven,20,C2_finbert_s1,C1_bert_s2,-23.59637739474199,9.308442228945168e-122,3.31380543350448e-119,True
event_driven,20,C2_finbert_s1,C2_finbert_s2,-0.9892258098081411,0.32256235129506616,1.0,False
event_driven,20,C2_finbert_s1,C2_finbert_s3,-12.19371662867556,4.207127949312754e-34,8.330113339639252e-32,True
event_driven,20,C2_finbert_s1,C2_finbert_s4,-21.396229100532242,1.1852886299680462e-100,3.603277435102861e-98,True
event_driven,20,C2_finbert_s1,C3_roberta_s1,-23.651548488509462,2.5962017828932255e-122,9.346326418415612e-120,True
event_driven,20,C2_finbert_s1,C4_longformer,-17.84896869165088,8.194960194602346e-71,1.9995702874829725e-68,True
event_driven,20,C2_finbert_s1,C5_qwen3,3.63789886299451,0.00027543019945099544,0.015974951568157737,False
event_driven,20,C2_finbert_s1,C5_gteqwen2,3.107586257833274,0.0018883564263242724,0.08686439561091654,False
event_driven,20,C2_finbert_s1,C5_e5mistral,-6.510600920584546,7.62857444180569e-11,8.39143188598626e-09,True
event_driven,20,C2_finbert_s1,D1_concat_mlp,14.264599450881533,5.536890358314549e-46,1.1959683173959426e-43,False
event_driven,20,C2_finbert_s1,D2_gated_fusion,17.231438964221425,3.7569659798869173e-66,8.941579032130864e-64,False
event_driven,20,C2_finbert_s1,D3_qwen3,20.318641722584406,4.875399633076493e-91,1.365111897261418e-88,False
event_driven,20,C2_finbert_s1,D3_gteqwen2,21.343160236430816,3.6179883648672405e-100,1.0781605327304377e-97,False
event_driven,20,C2_finbert_s1,D3_e5mistral,20.220345758579214,3.4771549469669237e-90,9.666490752568047e-88,False
event_driven,20,C2_finbert_s2,A2_har_rv,19.330665503804315,1.2086030650693866e-82,3.1665400304817928e-80,False
event_driven,20,C2_finbert_s2,A3_garch,8.869786065344291,7.81313621338233e-19,1.0782127974467616e-16,False
event_driven,20,C2_finbert_s2,A4_egarch,0.4517113493291393,0.6514809022942867,1.0,False
event_driven,20,C2_finbert_s2,A5_arima,8.507041913291843,1.883820626335495e-17,2.4866432267628536e-15,False
event_driven,20,C2_finbert_s2,B2_tfidf_ridge,-30.333958004674134,1.7660575327484293e-198,7.346799336233466e-196,True
event_driven,20,C2_finbert_s2,C1_bert_s1,-8.982416340919043,2.8331994781163115e-19,3.966479269362836e-17,True
event_driven,20,C2_finbert_s2,C1_bert_s2,-20.9385265035216,1.6433402604381877e-96,4.765686755270744e-94,True
event_driven,20,C2_finbert_s2,C2_finbert_s1,0.9892258098081411,0.32256235129506616,1.0,False
event_driven,20,C2_finbert_s2,C2_finbert_s3,-12.400778951922113,3.2937422811253493e-35,6.587484562250698e-33,True
event_driven,20,C2_finbert_s2,C2_finbert_s4,-17.467098091887472,6.528006462488803e-68,1.5667215509973128e-65,True
event_driven,20,C2_finbert_s2,C3_roberta_s1,-19.563414201855206,1.383770775507593e-84,3.6808302628501974e-82,True
event_driven,20,C2_finbert_s2,C4_longformer,-14.748843295384678,5.0576101423291774e-49,1.1227894515970775e-46,True
event_driven,20,C2_finbert_s2,C5_qwen3,3.715698994486335,0.0002030887996817812,0.012185327980906872,False
event_driven,20,C2_finbert_s2,C5_gteqwen2,3.2557643786127404,0.0011323966770142113,0.05654090641062465,False
event_driven,20,C2_finbert_s2,C5_e5mistral,-5.002903725486258,5.685998319832318e-07,5.458558387039025e-05,True
event_driven,20,C2_finbert_s2,D1_concat_mlp,14.41710915626103,6.2619457401101075e-47,1.3651041713440034e-44,False
event_driven,20,C2_finbert_s2,D2_gated_fusion,17.574026004032923,1.019838534408575e-68,2.4680092532687516e-66,False
event_driven,20,C2_finbert_s2,D3_qwen3,20.524410744552462,7.745254603510485e-93,2.199652307396978e-90,False
event_driven,20,C2_finbert_s2,D3_gteqwen2,21.489109118272207,1.6704503882771556e-101,5.111578188128096e-99,False
event_driven,20,C2_finbert_s2,D3_e5mistral,20.465455425415506,2.5482738799232268e-92,7.186132341383499e-90,False
event_driven,20,C2_finbert_s3,A2_har_rv,19.97057568049709,4.912649444578164e-88,1.3460659478144168e-85,False
event_driven,20,C2_finbert_s3,A3_garch,10.361241127749995,4.188418919529782e-25,6.785238649638248e-23,False
event_driven,20,C2_finbert_s3,A4_egarch,1.3957252561043763,0.16280977591518841,1.0,False
event_driven,20,C2_finbert_s3,A5_arima,10.10961334994272,5.575729992832477e-24,8.475109589105364e-22,False
event_driven,20,C2_finbert_s3,B2_tfidf_ridge,-27.818694586269277,9.851828445220465e-168,3.921027721197745e-165,True
event_driven,20,C2_finbert_s3,C1_bert_s1,6.670195111728017,2.6085278900174066e-11,2.9737217946198433e-09,False
event_driven,20,C2_finbert_s3,C1_bert_s2,-9.758529037275402,1.8619146086496515e-22,2.7556336208014844e-20,True
event_driven,20,C2_finbert_s3,C2_finbert_s1,12.19371662867556,4.207127949312754e-34,8.330113339639252e-32,False
event_driven,20,C2_finbert_s3,C2_finbert_s2,12.400778951922113,3.2937422811253493e-35,6.587484562250698e-33,False
event_driven,20,C2_finbert_s3,C2_finbert_s4,-6.662420396266193,2.7501033719990278e-11,3.080115776638911e-09,True
event_driven,20,C2_finbert_s3,C3_roberta_s1,-11.761816896246948,7.465748830276479e-32,1.3736977847708722e-29,True
event_driven,20,C2_finbert_s3,C4_longformer,-3.52012580611428,0.0004321175682924457,0.024198583824376958,True
event_driven,20,C2_finbert_s3,C5_qwen3,8.200746964520446,2.5039082299758946e-16,3.1048462051701095e-14,False
event_driven,20,C2_finbert_s3,C5_gteqwen2,7.49217500634395,7.00092441627371e-14,8.401109299528452e-12,False
event_driven,20,C2_finbert_s3,C5_e5mistral,3.256160623237493,0.001130818128212493,0.05654090641062465,False
event_driven,20,C2_finbert_s3,D1_concat_mlp,16.91249335449484,8.317672398764795e-64,1.9629706861084914e-61,False
event_driven,20,C2_finbert_s3,D2_gated_fusion,19.231822535780047,7.941315678602659e-82,2.0488594450794862e-79,False
event_driven,20,C2_finbert_s3,D3_qwen3,21.22245984146155,4.5336060202207786e-99,1.3419473819853504e-96,False
event_driven,20,C2_finbert_s3,D3_gteqwen2,21.920248507596433,1.6840794748676089e-105,5.355372730078996e-103,False
event_driven,20,C2_finbert_s3,D3_e5mistral,21.110368864462437,4.685435037099453e-98,1.3775179009072393e-95,False
event_driven,20,C2_finbert_s4,A2_har_rv,22.422148253505494,3.00781566339726e-110,9.865635375943013e-108,False
event_driven,20,C2_finbert_s4,A3_garch,11.613855348597447,4.220703840703187e-31,7.597266913265737e-29,False
event_driven,20,C2_finbert_s4,A4_egarch,1.9578764363593277,0.05025574107376403,1.0,False
event_driven,20,C2_finbert_s4,A5_arima,11.422669769468959,3.834581673181837e-30,6.672172111336397e-28,False
event_driven,20,C2_finbert_s4,B2_tfidf_ridge,-29.493852327797903,6.190818865711507e-188,2.5382357349417176e-185,True
event_driven,20,C2_finbert_s4,C1_bert_s1,14.015220218820678,1.861728018284682e-44,3.9840979591292194e-42,False
event_driven,20,C2_finbert_s4,C1_bert_s2,-4.665802774918155,3.090235224657751e-06,0.0002657602293205666,True
event_driven,20,C2_finbert_s4,C2_finbert_s1,21.396229100532242,1.1852886299680462e-100,3.603277435102861e-98,False
event_driven,20,C2_finbert_s4,C2_finbert_s2,17.467098091887472,6.528006462488803e-68,1.5667215509973128e-65,False
event_driven,20,C2_finbert_s4,C2_finbert_s3,6.662420396266193,2.7501033719990278e-11,3.080115776638911e-09,False
event_driven,20,C2_finbert_s4,C3_roberta_s1,-7.600737007559097,3.0488941143915933e-14,3.7196508195577436e-12,True
event_driven,20,C2_finbert_s4,C4_longformer,2.38472938406565,0.017099178106738774,0.5813720556291183,False
event_driven,20,C2_finbert_s4,C5_qwen3,13.066905244526977,6.847969196964738e-39,1.4380735313625949e-36,False
event_driven,20,C2_finbert_s4,C5_gteqwen2,11.702085335156468,1.5062477902399728e-31,2.7413709782367506e-29,False
event_driven,20,C2_finbert_s4,C5_e5mistral,10.271564659366703,1.0612121278456815e-24,1.6554909194392631e-22,False
event_driven,20,C2_finbert_s4,D1_concat_mlp,21.497165540726076,1.408808439795455e-101,4.339129994570002e-99,False
event_driven,20,C2_finbert_s4,D2_gated_fusion,22.90117145807677,7.091578368879468e-115,2.3969534886812604e-112,False
event_driven,20,C2_finbert_s4,D3_qwen3,24.05643160941789,2.0279186884411474e-126,7.584415894769891e-124,False
event_driven,20,C2_finbert_s4,D3_gteqwen2,24.826344122005633,2.061087772068375e-134,7.873355289301192e-132,False
event_driven,20,C2_finbert_s4,D3_e5mistral,23.876339986668704,1.3872630782961343e-124,5.105128128129774e-122,False
event_driven,20,C3_roberta_s1,A2_har_rv,22.190612256268803,4.802050331966696e-108,1.5558643075572094e-105,False
event_driven,20,C3_roberta_s1,A3_garch,12.170071940517705,5.612539686249529e-34,1.1000577785049077e-31,False
event_driven,20,C3_roberta_s1,A4_egarch,2.449102851120892,0.014328144299017992,0.5731257719607197,False
event_driven,20,C3_roberta_s1,A5_arima,11.964597548122219,6.713583469886245e-33,1.2621536923386142e-30,False
event_driven,20,C3_roberta_s1,B2_tfidf_ridge,-28.666339516411867,8.109420609568838e-178,3.259987085046673e-175,True
event_driven,20,C3_roberta_s1,C1_bert_s1,19.683684849590083,1.3464117554408093e-85,3.6622399747990014e-83,False
event_driven,20,C3_roberta_s1,C1_bert_s2,4.927024268182582,8.403049010479293e-07,7.898866069850536e-05,False
event_driven,20,C3_roberta_s1,C2_finbert_s1,23.651548488509462,2.5962017828932255e-122,9.346326418415612e-120,False
event_driven,20,C3_roberta_s1,C2_finbert_s2,19.563414201855206,1.383770775507593e-84,3.6808302628501974e-82,False
event_driven,20,C3_roberta_s1,C2_finbert_s3,11.761816896246948,7.465748830276479e-32,1.3736977847708722e-29,False
event_driven,20,C3_roberta_s1,C2_finbert_s4,7.600737007559097,3.0488941143915933e-14,3.7196508195577436e-12,False
event_driven,20,C3_roberta_s1,C4_longformer,10.393123201987573,3.003887097682077e-25,4.9263748401986065e-23,False
event_driven,20,C3_roberta_s1,C5_qwen3,14.470954627237832,2.8851868217197795e-47,6.347411007783515e-45,False
event_driven,20,C3_roberta_s1,C5_gteqwen2,13.050162290125204,8.519452646745944e-39,1.7720461505231563e-36,False
event_driven,20,C3_roberta_s1,C5_e5mistral,13.031129288988348,1.0916686833744337e-38,2.2488374877513337e-36,False
event_driven,20,C3_roberta_s1,D1_concat_mlp,21.632408959088274,7.997425852599581e-103,2.4951968660110694e-100,False
event_driven,20,C3_roberta_s1,D2_gated_fusion,23.18361392538953,1.1981345167569617e-117,4.1215827376439485e-115,False
event_driven,20,C3_roberta_s1,D3_qwen3,23.665800955580046,1.8658763863878094e-122,6.754472518723871e-120,False
event_driven,20,C3_roberta_s1,D3_gteqwen2,24.264603041541946,1.4773353176176358e-128,5.5547807942423104e-126,False
event_driven,20,C3_roberta_s1,D3_e5mistral,23.474135724497167,1.5601416095714262e-120,5.460495633499992e-118,False
event_driven,20,C4_longformer,A2_har_rv,21.365680230742214,2.2539687816851245e-100,6.806985720689076e-98,False
event_driven,20,C4_longformer,A3_garch,11.119926230437946,1.1736014522968543e-28,1.9951224689046524e-26,False
event_driven,20,C4_longformer,A4_egarch,1.769144740765734,0.07688204555519872,1.0,False
event_driven,20,C4_longformer,A5_arima,10.850473164186145,2.286752534123944e-27,3.841744257328226e-25,False
event_driven,20,C4_longformer,B2_tfidf_ridge,-27.338105441381884,3.847470203917932e-162,1.5159032603436652e-159,True
event_driven,20,C4_longformer,C1_bert_s1,10.824399072644155,3.0365700210932862e-27,5.040706235014855e-25,False
event_driven,20,C4_longformer,C1_bert_s2,-6.206214469603547,5.513778015484685e-10,5.9548802567234594e-08,True
event_driven,20,C4_longformer,C2_finbert_s1,17.84896869165088,8.194960194602346e-71,1.9995702874829725e-68,False
event_driven,20,C4_longformer,C2_finbert_s2,14.748843295384678,5.0576101423291774e-49,1.1227894515970775e-46,False
event_driven,20,C4_longformer,C2_finbert_s3,3.52012580611428,0.0004321175682924457,0.024198583824376958,False
event_driven,20,C4_longformer,C2_finbert_s4,-2.38472938406565,0.017099178106738774,0.5813720556291183,False
event_driven,20,C4_longformer,C3_roberta_s1,-10.393123201987573,3.003887097682077e-25,4.9263748401986065e-23,True
event_driven,20,C4_longformer,C5_qwen3,11.528347573402845,1.1374076454274006e-30,2.001837455952225e-28,False
event_driven,20,C4_longformer,C5_gteqwen2,10.337733063223835,5.348368749216913e-25,8.55738999874706e-23,False
event_driven,20,C4_longformer,C5_e5mistral,7.31892056685721,2.5759588788868697e-13,3.039631477086506e-11,False
event_driven,20,C4_longformer,D1_concat_mlp,19.60012692662315,6.804857699234298e-85,1.8237018633947918e-82,False
event_driven,20,C4_longformer,D2_gated_fusion,21.609641790607004,1.2978138792511467e-102,4.023223025678555e-100,False
event_driven,20,C4_longformer,D3_qwen3,22.73902607484314,2.6765673450200975e-113,8.993266279267528e-111,False
event_driven,20,C4_longformer,D3_gteqwen2,23.4744610194242,1.5485104224382671e-120,5.4507566869827006e-118,False
event_driven,20,C4_longformer,D3_e5mistral,22.5679121357024,1.2023268311487194e-111,3.9917250794137484e-109,False
event_driven,20,C5_qwen3,A2_har_rv,22.63184491037423,2.9108540247504796e-112,9.722252442666602e-110,False
event_driven,20,C5_qwen3,A3_garch,8.783883835807849,1.6795923742899348e-18,2.2842456290343115e-16,False
event_driven,20,C5_qwen3,A4_egarch,-0.06181655052205123,0.9507094228201605,1.0,False
event_driven,20,C5_qwen3,A5_arima,8.209977532127272,2.3192122296096767e-16,2.9222074093081926e-14,False
event_driven,20,C5_qwen3,B2_tfidf_ridge,-23.620750508566793,5.297229303845082e-122,1.8964080907765392e-119,True
event_driven,20,C5_qwen3,C1_bert_s1,-6.81555308781397,9.605915227512377e-12,1.1142861663914357e-09,True
event_driven,20,C5_qwen3,C1_bert_s2,-13.322306891144164,2.3659200892526255e-40,5.015750589215567e-38,True
event_driven,20,C5_qwen3,C2_finbert_s1,-3.63789886299451,0.00027543019945099544,0.015974951568157737,True
event_driven,20,C5_qwen3,C2_finbert_s2,-3.715698994486335,0.0002030887996817812,0.012185327980906872,True
event_driven,20,C5_qwen3,C2_finbert_s3,-8.200746964520446,2.5039082299758946e-16,3.1048462051701095e-14,True
event_driven,20,C5_qwen3,C2_finbert_s4,-13.066905244526977,6.847969196964738e-39,1.4380735313625949e-36,True
event_driven,20,C5_qwen3,C3_roberta_s1,-14.470954627237832,2.8851868217197795e-47,6.347411007783515e-45,True
event_driven,20,C5_qwen3,C4_longformer,-11.528347573402845,1.1374076454274006e-30,2.001837455952225e-28,True
event_driven,20,C5_qwen3,C5_gteqwen2,-0.7311998126576325,0.46466404218897017,1.0,False
event_driven,20,C5_qwen3,C5_e5mistral,-12.833233610711934,1.4080083718528819e-37,2.8441769111428215e-35,True
event_driven,20,C5_qwen3,D1_concat_mlp,12.121678975844334,1.0106727835108218e-33,1.9607052000109942e-31,False
event_driven,20,C5_qwen3,D2_gated_fusion,15.964754276170378,4.3401547944692227e-57,9.721946739611059e-55,False
event_driven,20,C5_qwen3,D3_qwen3,23.900210368099614,7.93737899737785e-125,2.95270498702456e-122,False
event_driven,20,C5_qwen3,D3_gteqwen2,25.30746902120836,1.577817931435579e-139,6.121933573970046e-137,False
event_driven,20,C5_qwen3,D3_e5mistral,23.46696312000248,1.839973802081777e-120,6.403108831244584e-118,False
event_driven,20,C5_gteqwen2,A2_har_rv,23.892391378977575,9.530811627912483e-125,3.5264003023276187e-122,False
event_driven,20,C5_gteqwen2,A3_garch,9.097910098062641,9.88392450562862e-20,1.403517279799264e-17,False
event_driven,20,C5_gteqwen2,A4_egarch,-0.0367276845619571,0.9707024308719562,1.0,False
event_driven,20,C5_gteqwen2,A5_arima,8.45283864344414,2.997614279294178e-17,3.8968985630824315e-15,False
event_driven,20,C5_gteqwen2,B2_tfidf_ridge,-21.676958818593707,3.096733576403435e-103,9.723743429906785e-101,True
event_driven,20,C5_gteqwen2,C1_bert_s1,-6.103056384588206,1.0560584730137384e-09,1.098300811934288e-07,True
event_driven,20,C5_gteqwen2,C1_bert_s2,-12.06333340563978,2.0477587939653732e-33,3.9316968844135165e-31,True
event_driven,20,C5_gteqwen2,C2_finbert_s1,-3.107586257833274,0.0018883564263242724,0.08686439561091654,False
event_driven,20,C5_gteqwen2,C2_finbert_s2,-3.2557643786127404,0.0011323966770142113,0.05654090641062465,False
event_driven,20,C5_gteqwen2,C2_finbert_s3,-7.49217500634395,7.00092441627371e-14,8.401109299528452e-12,True
event_driven,20,C5_gteqwen2,C2_finbert_s4,-11.702085335156468,1.5062477902399728e-31,2.7413709782367506e-29,True
event_driven,20,C5_gteqwen2,C3_roberta_s1,-13.050162290125204,8.519452646745944e-39,1.7720461505231563e-36,True
event_driven,20,C5_gteqwen2,C4_longformer,-10.337733063223835,5.348368749216913e-25,8.55738999874706e-23,True
event_driven,20,C5_gteqwen2,C5_qwen3,0.7311998126576325,0.46466404218897017,1.0,False
event_driven,20,C5_gteqwen2,C5_e5mistral,-10.300874076789496,7.838224418018251e-25,1.2384394580468837e-22,True
event_driven,20,C5_gteqwen2,D1_concat_mlp,11.997944827898817,4.500399112779055e-33,8.550758314280205e-31,False
event_driven,20,C5_gteqwen2,D2_gated_fusion,16.033430234029293,1.4567344825739143e-57,3.3213546202685246e-55,False
event_driven,20,C5_gteqwen2,D3_qwen3,24.843806496002106,1.3490806503538878e-134,5.180469697358929e-132,False
event_driven,20,C5_gteqwen2,D3_gteqwen2,26.899427873827523,4.067309962578077e-157,1.5943855053306064e-154,False
event_driven,20,C5_gteqwen2,D3_e5mistral,24.60071459804036,4.8001835855933657e-132,1.824069762525479e-129,False
event_driven,20,C5_e5mistral,A2_har_rv,22.307593885747796,3.724129851227046e-109,1.214066331500017e-106,False
event_driven,20,C5_e5mistral,A3_garch,10.214834671595183,1.9030683030215444e-24,2.930725186653178e-22,False
event_driven,20,C5_e5mistral,A4_egarch,0.9843277495801005,0.32496401920675744,1.0,False
event_driven,20,C5_e5mistral,A5_arima,9.862207857677687,6.690493169039103e-23,1.0035739753558655e-20,False
event_driven,20,C5_e5mistral,B2_tfidf_ridge,-27.755549740009418,5.412771046672817e-167,2.1434573344824357e-164,True
event_driven,20,C5_e5mistral,C1_bert_s1,-0.008660210453119254,0.9930903080097491,1.0,False
event_driven,20,C5_e5mistral,C1_bert_s2,-11.267465582628803,2.240200274319024e-29,3.853144471828721e-27,True
event_driven,20,C5_e5mistral,C2_finbert_s1,6.510600920584546,7.62857444180569e-11,8.39143188598626e-09,False
event_driven,20,C5_e5mistral,C2_finbert_s2,5.002903725486258,5.685998319832318e-07,5.458558387039025e-05,False
event_driven,20,C5_e5mistral,C2_finbert_s3,-3.256160623237493,0.001130818128212493,0.05654090641062465,False
event_driven,20,C5_e5mistral,C2_finbert_s4,-10.271564659366703,1.0612121278456815e-24,1.6554909194392631e-22,True
event_driven,20,C5_e5mistral,C3_roberta_s1,-13.031129288988348,1.0916686833744337e-38,2.2488374877513337e-36,True
event_driven,20,C5_e5mistral,C4_longformer,-7.31892056685721,2.5759588788868697e-13,3.039631477086506e-11,True
event_driven,20,C5_e5mistral,C5_qwen3,12.833233610711934,1.4080083718528819e-37,2.8441769111428215e-35,False
event_driven,20,C5_e5mistral,C5_gteqwen2,10.300874076789496,7.838224418018251e-25,1.2384394580468837e-22,False
event_driven,20,C5_e5mistral,D1_concat_mlp,18.569269834559368,1.8873613653602046e-76,4.718403413400512e-74,False
event_driven,20,C5_e5mistral,D2_gated_fusion,21.06768952792755,1.1365736468597704e-97,3.31879504883053e-95,False
event_driven,20,C5_e5mistral,D3_qwen3,23.8094759018626,6.609286915839071e-124,2.4189990111971e-121,False
event_driven,20,C5_e5mistral,D3_gteqwen2,24.953433205493795,9.369956298257408e-136,3.6168031311273594e-133,False
event_driven,20,C5_e5mistral,D3_e5mistral,23.747168314808906,2.820454449493627e-123,1.0266454196156803e-120,False
event_driven,20,D1_concat_mlp,A2_har_rv,18.656908158048896,3.7601689967133676e-77,9.475625871717686e-75,False
event_driven,20,D1_concat_mlp,A3_garch,4.188934773178893,2.8123800403653422e-05,0.0020811612298703534,False
event_driven,20,D1_concat_mlp,A4_egarch,-1.8119129401342056,0.07001177313058814,1.0,False
event_driven,20,D1_concat_mlp,A5_arima,3.979958797327513,6.912385331172566e-05,0.004838669731820796,False
event_driven,20,D1_concat_mlp,B2_tfidf_ridge,-29.382875729972625,1.4592101619206268e-186,5.953577460636157e-184,True
event_driven,20,D1_concat_mlp,C1_bert_s1,-16.13393687694917,2.923735911474366e-58,6.841542032850016e-56,True
event_driven,20,D1_concat_mlp,C1_bert_s2,-21.354421917139696,2.855736685213038e-100,8.567210055639115e-98,True
event_driven,20,D1_concat_mlp,C2_finbert_s1,-14.264599450881533,5.536890358314549e-46,1.1959683173959426e-43,True
event_driven,20,D1_concat_mlp,C2_finbert_s2,-14.41710915626103,6.2619457401101075e-47,1.3651041713440034e-44,True
event_driven,20,D1_concat_mlp,C2_finbert_s3,-16.91249335449484,8.317672398764795e-64,1.9629706861084914e-61,True
event_driven,20,D1_concat_mlp,C2_finbert_s4,-21.497165540726076,1.408808439795455e-101,4.339129994570002e-99,True
event_driven,20,D1_concat_mlp,C3_roberta_s1,-21.632408959088274,7.997425852599581e-103,2.4951968660110694e-100,True
event_driven,20,D1_concat_mlp,C4_longformer,-19.60012692662315,6.804857699234298e-85,1.8237018633947918e-82,True
event_driven,20,D1_concat_mlp,C5_qwen3,-12.121678975844334,1.0106727835108218e-33,1.9607052000109942e-31,True
event_driven,20,D1_concat_mlp,C5_gteqwen2,-11.997944827898817,4.500399112779055e-33,8.550758314280205e-31,True
event_driven,20,D1_concat_mlp,C5_e5mistral,-18.569269834559368,1.8873613653602046e-76,4.718403413400512e-74,True
event_driven,20,D1_concat_mlp,D2_gated_fusion,18.345726465689392,1.1183674507517002e-74,2.751183928849183e-72,False
event_driven,20,D1_concat_mlp,D3_qwen3,22.05853126933263,8.480808748250385e-107,2.7138587994401233e-104,False
event_driven,20,D1_concat_mlp,D3_gteqwen2,23.12473271575882,4.561555810679368e-117,1.5600520872523439e-114,False
event_driven,20,D1_concat_mlp,D3_e5mistral,22.5610409795589,1.4000001092974145e-111,4.620000360681468e-109,False
event_driven,20,D2_gated_fusion,A2_har_rv,16.096732085460705,5.304027150450628e-58,1.2305342989045457e-55,False
event_driven,20,D2_gated_fusion,A3_garch,2.621387077021864,0.00876263642434355,0.3680307298224291,False
event_driven,20,D2_gated_fusion,A4_egarch,-2.422127750944495,0.015437064840983313,0.5807488748899412,False
event_driven,20,D2_gated_fusion,A5_arima,2.4257744830077907,0.015282865128682663,0.5807488748899412,False
event_driven,20,D2_gated_fusion,B2_tfidf_ridge,-30.135523292870715,5.787228407153252e-196,2.3959125605614463e-193,True
event_driven,20,D2_gated_fusion,C1_bert_s1,-18.727619917033998,1.0175583437547034e-77,2.584598193136947e-75,True
event_driven,20,D2_gated_fusion,C1_bert_s2,-23.029310026305236,3.9541404889880604e-116,1.3444077662559405e-113,True
event_driven,20,D2_gated_fusion,C2_finbert_s1,-17.231438964221425,3.7569659798869173e-66,8.941579032130864e-64,True
event_driven,20,D2_gated_fusion,C2_finbert_s2,-17.574026004032923,1.019838534408575e-68,2.4680092532687516e-66,True
event_driven,20,D2_gated_fusion,C2_finbert_s3,-19.231822535780047,7.941315678602659e-82,2.0488594450794862e-79,True
event_driven,20,D2_gated_fusion,C2_finbert_s4,-22.90117145807677,7.091578368879468e-115,2.3969534886812604e-112,True
event_driven,20,D2_gated_fusion,C3_roberta_s1,-23.18361392538953,1.1981345167569617e-117,4.1215827376439485e-115,True
event_driven,20,D2_gated_fusion,C4_longformer,-21.609641790607004,1.2978138792511467e-102,4.023223025678555e-100,True
event_driven,20,D2_gated_fusion,C5_qwen3,-15.964754276170378,4.3401547944692227e-57,9.721946739611059e-55,True
event_driven,20,D2_gated_fusion,C5_gteqwen2,-16.033430234029293,1.4567344825739143e-57,3.3213546202685246e-55,True
event_driven,20,D2_gated_fusion,C5_e5mistral,-21.06768952792755,1.1365736468597704e-97,3.31879504883053e-95,True
event_driven,20,D2_gated_fusion,D1_concat_mlp,-18.345726465689392,1.1183674507517002e-74,2.751183928849183e-72,True
event_driven,20,D2_gated_fusion,D3_qwen3,18.461336645725787,1.3626119859448028e-75,3.379277725143111e-73,False
event_driven,20,D2_gated_fusion,D3_gteqwen2,20.12943622164666,2.1221579487994516e-89,5.857155938686487e-87,False
event_driven,20,D2_gated_fusion,D3_e5mistral,19.259984204635565,4.648972512670643e-82,1.2087328532943671e-79,False
event_driven,20,D3_qwen3,A2_har_rv,6.107553486315115,1.0267806051516966e-09,1.0883874414607984e-07,False
event_driven,20,D3_qwen3,A3_garch,-3.860976316771472,0.00011322210472051299,0.007472658911553858,True
event_driven,20,D3_qwen3,A4_egarch,-4.508723102748221,6.5518271269726564e-06,0.0005241461701578125,True
event_driven,20,D3_qwen3,A5_arima,-3.7556334255890764,0.00017329985569083492,0.010744591052831765,True
event_driven,20,D3_qwen3,B2_tfidf_ridge,-28.688920530207756,4.3298702883269035e-178,1.749267596484069e-175,True
event_driven,20,D3_qwen3,C1_bert_s1,-20.811840741564595,2.223045092676362e-95,6.402369866907922e-93,True
event_driven,20,D3_qwen3,C1_bert_s2,-23.556922815262,2.3157329925095455e-121,8.197694793483792e-119,True
event_driven,20,D3_qwen3,C2_finbert_s1,-20.318641722584406,4.875399633076493e-91,1.365111897261418e-88,True
event_driven,20,D3_qwen3,C2_finbert_s2,-20.524410744552462,7.745254603510485e-93,2.199652307396978e-90,True
event_driven,20,D3_qwen3,C2_finbert_s3,-21.22245984146155,4.5336060202207786e-99,1.3419473819853504e-96,True
event_driven,20,D3_qwen3,C2_finbert_s4,-24.05643160941789,2.0279186884411474e-126,7.584415894769891e-124,True
event_driven,20,D3_qwen3,C3_roberta_s1,-23.665800955580046,1.8658763863878094e-122,6.754472518723871e-120,True
event_driven,20,D3_qwen3,C4_longformer,-22.73902607484314,2.6765673450200975e-113,8.993266279267528e-111,True
event_driven,20,D3_qwen3,C5_qwen3,-23.900210368099614,7.93737899737785e-125,2.95270498702456e-122,True
event_driven,20,D3_qwen3,C5_gteqwen2,-24.843806496002106,1.3490806503538878e-134,5.180469697358929e-132,True
event_driven,20,D3_qwen3,C5_e5mistral,-23.8094759018626,6.609286915839071e-124,2.4189990111971e-121,True
event_driven,20,D3_qwen3,D1_concat_mlp,-22.05853126933263,8.480808748250385e-107,2.7138587994401233e-104,True
event_driven,20,D3_qwen3,D2_gated_fusion,-18.461336645725787,1.3626119859448028e-75,3.379277725143111e-73,True
event_driven,20,D3_qwen3,D3_gteqwen2,4.567539649801143,4.95862523832136e-06,0.0004165245200189942,False
event_driven,20,D3_qwen3,D3_e5mistral,1.1375252546753232,0.2553297937403514,1.0,False
event_driven,20,D3_gteqwen2,A2_har_rv,2.6524392338533236,0.007996351746501859,0.3518394768460818,False
event_driven,20,D3_gteqwen2,A3_garch,-4.461307326582119,8.182017473055816e-06,0.0006381973628983537,True
event_driven,20,D3_gteqwen2,A4_egarch,-4.679022534667123,2.8977100107966822e-06,0.000254998480950108,True
event_driven,20,D3_gteqwen2,A5_arima,-4.3000267070735125,1.71431323885138e-05,0.0013028780615270488,True
event_driven,20,D3_gteqwen2,B2_tfidf_ridge,-29.259635187577615,4.8140050324193494e-185,1.954486043162256e-182,True
event_driven,20,D3_gteqwen2,C1_bert_s1,-21.72174651671017,1.190799575649723e-103,3.762926659053125e-101,True
event_driven,20,D3_gteqwen2,C1_bert_s2,-24.305856441290146,5.543679693469704e-129,2.095510924131548e-126,True
event_driven,20,D3_gteqwen2,C2_finbert_s1,-21.343160236430816,3.6179883648672405e-100,1.0781605327304377e-97,True
event_driven,20,D3_gteqwen2,C2_finbert_s2,-21.489109118272207,1.6704503882771556e-101,5.111578188128096e-99,True
event_driven,20,D3_gteqwen2,C2_finbert_s3,-21.920248507596433,1.6840794748676089e-105,5.355372730078996e-103,True
event_driven,20,D3_gteqwen2,C2_finbert_s4,-24.826344122005633,2.061087772068375e-134,7.873355289301192e-132,True
event_driven,20,D3_gteqwen2,C3_roberta_s1,-24.264603041541946,1.4773353176176358e-128,5.5547807942423104e-126,True
event_driven,20,D3_gteqwen2,C4_longformer,-23.4744610194242,1.5485104224382671e-120,5.4507566869827006e-118,True
event_driven,20,D3_gteqwen2,C5_qwen3,-25.30746902120836,1.577817931435579e-139,6.121933573970046e-137,True
event_driven,20,D3_gteqwen2,C5_gteqwen2,-26.899427873827523,4.067309962578077e-157,1.5943855053306064e-154,True
event_driven,20,D3_gteqwen2,C5_e5mistral,-24.953433205493795,9.369956298257408e-136,3.6168031311273594e-133,True
event_driven,20,D3_gteqwen2,D1_concat_mlp,-23.12473271575882,4.561555810679368e-117,1.5600520872523439e-114,True
event_driven,20,D3_gteqwen2,D2_gated_fusion,-20.12943622164666,2.1221579487994516e-89,5.857155938686487e-87,True
event_driven,20,D3_gteqwen2,D3_qwen3,-4.567539649801143,4.95862523832136e-06,0.0004165245200189942,True
event_driven,20,D3_gteqwen2,D3_e5mistral,-4.062081676928034,4.8786979165751854e-05,0.0035126624999341333,True
event_driven,20,D3_e5mistral,A2_har_rv,5.930758626336681,3.0554403657738355e-09,3.1165491730893124e-07,False
event_driven,20,D3_e5mistral,A3_garch,-3.958436149036776,7.56529546423538e-05,0.005144400915680058,True
event_driven,20,D3_e5mistral,A4_egarch,-4.541490276892144,5.612152945974804e-06,0.00046019654156993393,True
event_driven,20,D3_e5mistral,A5_arima,-3.857477677263329,0.00011485353806088284,0.007472658911553858,True
event_driven,20,D3_e5mistral,B2_tfidf_ridge,-28.5708738879397,1.1452131904902237e-176,4.580852761960894e-174,True
event_driven,20,D3_e5mistral,C1_bert_s1,-20.74225362867261,9.236517547046004e-95,2.6416440184551572e-92,True
event_driven,20,D3_e5mistral,C1_bert_s2,-23.4654078666125,1.906972437184938e-120,6.598124632659886e-118,True
event_driven,20,D3_e5mistral,C2_finbert_s1,-20.220345758579214,3.4771549469669237e-90,9.666490752568047e-88,True
event_driven,20,D3_e5mistral,C2_finbert_s2,-20.465455425415506,2.5482738799232268e-92,7.186132341383499e-90,True
event_driven,20,D3_e5mistral,C2_finbert_s3,-21.110368864462437,4.685435037099453e-98,1.3775179009072393e-95,True
event_driven,20,D3_e5mistral,C2_finbert_s4,-23.876339986668704,1.3872630782961343e-124,5.105128128129774e-122,True
event_driven,20,D3_e5mistral,C3_roberta_s1,-23.474135724497167,1.5601416095714262e-120,5.460495633499992e-118,True
event_driven,20,D3_e5mistral,C4_longformer,-22.5679121357024,1.2023268311487194e-111,3.9917250794137484e-109,True
event_driven,20,D3_e5mistral,C5_qwen3,-23.46696312000248,1.839973802081777e-120,6.403108831244584e-118,True
event_driven,20,D3_e5mistral,C5_gteqwen2,-24.60071459804036,4.8001835855933657e-132,1.824069762525479e-129,True
event_driven,20,D3_e5mistral,C5_e5mistral,-23.747168314808906,2.820454449493627e-123,1.0266454196156803e-120,True
event_driven,20,D3_e5mistral,D1_concat_mlp,-22.5610409795589,1.4000001092974145e-111,4.620000360681468e-109,True
event_driven,20,D3_e5mistral,D2_gated_fusion,-19.259984204635565,4.648972512670643e-82,1.2087328532943671e-79,True
event_driven,20,D3_e5mistral,D3_qwen3,-1.1375252546753232,0.2553297937403514,1.0,False
event_driven,20,D3_e5mistral,D3_gteqwen2,4.062081676928034,4.8786979165751854e-05,0.0035126624999341333,False
combined,5,A2_har_rv,A3_garch,-8.218427236614197,2.1363315153538363e-16,3.076317382109524e-14,True
combined,5,A2_har_rv,A4_egarch,-5.582172959843711,2.3939275922870452e-08,2.1066562812126e-06,True
combined,5,A2_har_rv,A5_arima,-9.844557203231426,7.778597692057826e-23,1.3068044122657148e-20,True
combined,5,A2_har_rv,B2_tfidf_ridge,-33.237530474708315,2.6201360915768722e-238,1.0218530757149801e-235,True
combined,5,A2_har_rv,C1_bert_s1,-31.596364278778534,6.799984901767894e-216,2.4751945042435134e-213,True
combined,5,A2_har_rv,C1_bert_s2,-33.16190630462099,2.9818204285050463e-237,1.1509826854029478e-234,True
combined,5,A2_har_rv,C2_finbert_s1,-27.615236496584913,5.61716454626231e-166,1.62897771841607e-163,True
combined,5,A2_har_rv,C2_finbert_s2,-29.058441841438242,2.446493653910128e-183,7.681990073277802e-181,True
combined,5,A2_har_rv,C2_finbert_s3,-30.003234269916366,3.711047264018614e-195,1.269178164294366e-192,True
combined,5,A2_har_rv,C2_finbert_s4,-33.84314505605661,7.576532321453845e-247,3.030612928581538e-244,True
combined,5,A2_har_rv,C3_roberta_s1,-29.667960809468205,6.376900696397475e-191,2.1298848325967568e-188,True
combined,5,A2_har_rv,C4_longformer,-31.08947899023021,3.466880303833159e-209,1.2342093881646045e-206,True
combined,5,A2_har_rv,C5_qwen3,-27.979707863297197,2.7826710366689015e-170,8.348013110006704e-168,True
combined,5,A2_har_rv,C5_gteqwen2,-28.393850856583157,3.07295469871319e-175,9.403241378062361e-173,True
combined,5,A2_har_rv,C5_e5mistral,-30.400035938838496,3.155708500224236e-200,1.098186558078034e-197,True
combined,5,A2_har_rv,D1_concat_mlp,-26.851839550573377,3.910392751735228e-157,1.0870891849823935e-154,True
combined,5,A2_har_rv,D2_gated_fusion,-27.822212497418143,2.0481118511094307e-168,6.021448842261727e-166,True
combined,5,A2_har_rv,D3_qwen3,-15.43222248153633,1.5285211609148869e-53,2.934760628956583e-51,True
combined,5,A2_har_rv,D3_gteqwen2,-9.498105892765146,2.275937258934148e-21,3.6414996142946365e-19,True
combined,5,A2_har_rv,D3_e5mistral,-18.301015242040435,1.8958270787086353e-74,3.9054037821397887e-72,True
combined,5,A3_garch,A2_har_rv,8.218427236614197,2.1363315153538363e-16,3.076317382109524e-14,False
combined,5,A3_garch,A4_egarch,-3.1460452730879256,0.0016564112933672005,0.09607185501529764,False
combined,5,A3_garch,A5_arima,-1.3833529895007488,0.1665659989764228,1.0,False
combined,5,A3_garch,B2_tfidf_ridge,-9.257651815220612,2.2117711905626373e-20,3.4061276334664613e-18,True
combined,5,A3_garch,C1_bert_s1,-7.801032092610925,6.320238290395044e-15,8.848333606553062e-13,True
combined,5,A3_garch,C1_bert_s2,-9.324100315235713,1.1865620718279581e-20,1.8510368320516146e-18,True
combined,5,A3_garch,C2_finbert_s1,-5.1827604097491715,2.19909304633568e-07,1.7152925761418304e-05,True
combined,5,A3_garch,C2_finbert_s2,-5.891386279350618,3.8667196203741475e-09,3.789385227966664e-07,True
combined,5,A3_garch,C2_finbert_s3,-6.688489446025449,2.2907467842280626e-11,2.703081205389114e-09,True
combined,5,A3_garch,C2_finbert_s4,-9.59284773238106,9.14690386415863e-22,1.5183860414503325e-19,True
combined,5,A3_garch,C3_roberta_s1,-6.712759228643775,1.940614073477492e-11,2.3287368881729904e-09,True
combined,5,A3_garch,C4_longformer,-8.319915739580425,9.136423425794734e-17,1.3339178201660312e-14,True
combined,5,A3_garch,C5_qwen3,-5.603502113507959,2.117337870577322e-08,1.90560408351959e-06,True
combined,5,A3_garch,C5_gteqwen2,-5.716417935060187,1.0972798256075995e-08,1.0094974395589915e-06,True
combined,5,A3_garch,C5_e5mistral,-7.698211225667277,1.4181945861295998e-14,1.957108528858848e-12,True
combined,5,A3_garch,D1_concat_mlp,0.7582797502033173,0.44828893274489917,1.0,False
combined,5,A3_garch,D2_gated_fusion,-0.026614044173911205,0.9787677322367168,1.0,False
combined,5,A3_garch,D3_qwen3,5.555512328167521,2.789270016465633e-08,2.3987722141604446e-06,False
combined,5,A3_garch,D3_gteqwen2,6.524535663779861,6.919699730094974e-11,7.75006369770637e-09,False
combined,5,A3_garch,D3_e5mistral,5.188500026832602,2.1324465029826418e-07,1.7059572023861133e-05,False
combined,5,A4_egarch,A2_har_rv,5.582172959843711,2.3939275922870452e-08,2.1066562812126e-06,False
combined,5,A4_egarch,A3_garch,3.1460452730879256,0.0016564112933672005,0.09607185501529764,False
combined,5,A4_egarch,A5_arima,2.7476771679750933,0.006005159354627334,0.3002579677313667,False
combined,5,A4_egarch,B2_tfidf_ridge,-0.486433538355808,0.6266630409708568,1.0,False
combined,5,A4_egarch,C1_bert_s1,0.12562419333902558,0.9000301750524375,1.0,False
combined,5,A4_egarch,C1_bert_s2,-0.5091112106583928,0.6106776721320188,1.0,False
combined,5,A4_egarch,C2_finbert_s1,1.1479834628813177,0.25098369766881473,1.0,False
combined,5,A4_egarch,C2_finbert_s2,0.8859646563669653,0.37564301732395167,1.0,False
combined,5,A4_egarch,C2_finbert_s3,0.5543603320687659,0.5793360180861655,1.0,False
combined,5,A4_egarch,C2_finbert_s4,-0.6231397672179018,0.5331969777117327,1.0,False
combined,5,A4_egarch,C3_roberta_s1,0.5363693121135253,0.5917069451483952,1.0,False
combined,5,A4_egarch,C4_longformer,-0.15170692090455723,0.8794190239853668,1.0,False
combined,5,A4_egarch,C5_qwen3,0.9392886162995436,0.3475894442260769,1.0,False
combined,5,A4_egarch,C5_gteqwen2,0.9013718944622429,0.3673971862325952,1.0,False
combined,5,A4_egarch,C5_e5mistral,0.08820885921494241,0.9297112104217381,1.0,False
combined,5,A4_egarch,D1_concat_mlp,3.298833891633646,0.0009718989054305181,0.05831393432583109,False
combined,5,A4_egarch,D2_gated_fusion,3.0314714723450176,0.0024355326229017335,0.1315187616366936,False
combined,5,A4_egarch,D3_qwen3,4.829697020468528,1.3735214803824947e-06,9.614650362677463e-05,False
combined,5,A4_egarch,D3_gteqwen2,5.130484427067057,2.906287694893443e-07,2.2087786481190168e-05,False
combined,5,A4_egarch,D3_e5mistral,4.716608968293545,2.4078637396566815e-06,0.0001614232786808921,False
combined,5,A5_arima,A2_har_rv,9.844557203231426,7.778597692057826e-23,1.3068044122657148e-20,False
combined,5,A5_arima,A3_garch,1.3833529895007488,0.1665659989764228,1.0,False
combined,5,A5_arima,A4_egarch,-2.7476771679750933,0.006005159354627334,0.3002579677313667,False
combined,5,A5_arima,B2_tfidf_ridge,-8.439228952150756,3.322658471410036e-17,4.917534537686853e-15,True
combined,5,A5_arima,C1_bert_s1,-6.937945833492576,4.051595912030615e-12,5.023978930917962e-10,True
combined,5,A5_arima,C1_bert_s2,-8.505703146230273,1.879791636242999e-17,2.8196874543644983e-15,True
combined,5,A5_arima,C2_finbert_s1,-4.255199207280441,2.0943750721316413e-05,0.0013404000461642504,True
combined,5,A5_arima,C2_finbert_s2,-4.991565265250546,6.019595339679106e-07,4.454500551362538e-05,True
combined,5,A5_arima,C2_finbert_s3,-5.812884258255845,6.196889908384565e-09,5.825076513881492e-07,True
combined,5,A5_arima,C2_finbert_s4,-8.793850198946568,1.5137106960764626e-18,2.300840258036223e-16,True
combined,5,A5_arima,C3_roberta_s1,-5.831511094581681,5.543794517891313e-09,5.322042737175661e-07,True
combined,5,A5_arima,C4_longformer,-7.49441455038724,6.825835798929884e-14,9.010103254587446e-12,True
combined,5,A5_arima,C5_qwen3,-4.719504085942314,2.3738717453072368e-06,0.0001614232786808921,True
combined,5,A5_arima,C5_gteqwen2,-4.835335180754509,1.3351826850438478e-06,9.613315332315705e-05,True
combined,5,A5_arima,C5_e5mistral,-6.875452619316203,6.288994692632375e-12,7.672573525011497e-10,True
combined,5,A5_arima,D1_concat_mlp,1.8747396531730895,0.06083735856501627,1.0,False
combined,5,A5_arima,D2_gated_fusion,1.054053936832917,0.2918659272209105,1.0,False
combined,5,A5_arima,D3_qwen3,6.941822703902165,3.942078961360232e-12,4.967019491313893e-10,False
combined,5,A5_arima,D3_gteqwen2,7.933265836369771,2.2014693246310237e-15,3.126086440976054e-13,False
combined,5,A5_arima,D3_e5mistral,6.555340097586097,5.6331435254439266e-11,6.421783619006076e-09,False
combined,5,B2_tfidf_ridge,A2_har_rv,33.237530474708315,2.6201360915768722e-238,1.0218530757149801e-235,False
combined,5,B2_tfidf_ridge,A3_garch,9.257651815220612,2.2117711905626373e-20,3.4061276334664613e-18,False
combined,5,B2_tfidf_ridge,A4_egarch,0.486433538355808,0.6266630409708568,1.0,False
combined,5,B2_tfidf_ridge,A5_arima,8.439228952150756,3.322658471410036e-17,4.917534537686853e-15,False
combined,5,B2_tfidf_ridge,C1_bert_s1,10.368218666586431,3.780417754130113e-25,6.426710182021192e-23,False
combined,5,B2_tfidf_ridge,C1_bert_s2,-0.40832287967994696,0.6830392885859519,1.0,False
combined,5,B2_tfidf_ridge,C2_finbert_s1,23.173750931513922,7.305477985655482e-118,1.7971475844712486e-115,False
combined,5,B2_tfidf_ridge,C2_finbert_s2,18.47762672258113,7.542062540154634e-76,1.568749008352164e-73,False
combined,5,B2_tfidf_ridge,C2_finbert_s3,19.17014075320409,1.8215828237469475e-81,4.0074822122432846e-79,False
combined,5,B2_tfidf_ridge,C2_finbert_s4,-3.0292500185926,0.0024535093049334856,0.1315187616366936,False
combined,5,B2_tfidf_ridge,C3_roberta_s1,18.56155197297509,1.612417804283981e-76,3.38607738899636e-74,False
combined,5,B2_tfidf_ridge,C4_longformer,7.605097781063495,2.922269566786172e-14,3.974286610829195e-12,False
combined,5,B2_tfidf_ridge,C5_qwen3,24.843191678672696,5.3194792284267723e-135,1.3511477240204002e-132,False
combined,5,B2_tfidf_ridge,C5_gteqwen2,22.622208355442623,1.8752561915702168e-112,4.50061485976852e-110,False
combined,5,B2_tfidf_ridge,C5_e5mistral,11.648151290146302,2.6996419117584444e-31,4.751369764694862e-29,False
combined,5,B2_tfidf_ridge,D1_concat_mlp,33.05889614492648,8.118836803073453e-236,3.1176333323802063e-233,False
combined,5,B2_tfidf_ridge,D2_gated_fusion,32.38630008480913,1.5018984855647757e-226,5.647138305723557e-224,False
combined,5,B2_tfidf_ridge,D3_qwen3,33.971746735577916,1.1162570268646496e-248,4.5096783885331845e-246,False
combined,5,B2_tfidf_ridge,D3_gteqwen2,35.90151698160765,6.136958232449315e-277,2.5652485411638136e-274,False
combined,5,B2_tfidf_ridge,D3_e5mistral,33.72265135655083,3.888850500669123e-245,1.5399847982649725e-242,False
combined,5,C1_bert_s1,A2_har_rv,31.596364278778534,6.799984901767894e-216,2.4751945042435134e-213,False
combined,5,C1_bert_s1,A3_garch,7.801032092610925,6.320238290395044e-15,8.848333606553062e-13,False
combined,5,C1_bert_s1,A4_egarch,-0.12562419333902558,0.9000301750524375,1.0,False
combined,5,C1_bert_s1,A5_arima,6.937945833492576,4.051595912030615e-12,5.023978930917962e-10,False
combined,5,C1_bert_s1,B2_tfidf_ridge,-10.368218666586431,3.780417754130113e-25,6.426710182021192e-23,True
combined,5,C1_bert_s1,C1_bert_s2,-19.04723189152387,1.8708948893939973e-80,4.0411329610910343e-78,True
combined,5,C1_bert_s1,C2_finbert_s1,26.067914278553694,2.6687285635624824e-148,6.992068836533704e-146,False
combined,5,C1_bert_s1,C2_finbert_s2,15.878123194217014,1.454608793455284e-56,2.851033235172357e-54,False
combined,5,C1_bert_s1,C2_finbert_s3,11.845938301551206,2.62588516294614e-32,4.6740755900441296e-30,False
combined,5,C1_bert_s1,C2_finbert_s4,-19.35069133436502,5.793669405658832e-83,1.2861946080562606e-80,True
combined,5,C1_bert_s1,C3_roberta_s1,10.751471776617368,6.462196957178225e-27,1.1114978766346547e-24,False
combined,5,C1_bert_s1,C4_longformer,-6.276862029287939,3.497564902768792e-10,3.777370094990295e-08,True
combined,5,C1_bert_s1,C5_qwen3,11.872095554418774,1.9239237743482043e-32,3.463062793826768e-30,False
combined,5,C1_bert_s1,C5_gteqwen2,10.82070219395734,3.0513147469741628e-27,5.309287659735043e-25,False
combined,5,C1_bert_s1,C5_e5mistral,-0.563128992597494,0.5733508695339671,1.0,False
combined,5,C1_bert_s1,D1_concat_mlp,29.12602336931874,3.589318484277364e-184,1.1557605519373113e-181,False
combined,5,C1_bert_s1,D2_gated_fusion,27.95181626826594,5.967728320970844e-170,1.7783830396493114e-167,False
combined,5,C1_bert_s1,D3_qwen3,31.844371865463913,3.262777685256101e-219,1.2072277435447574e-216,False
combined,5,C1_bert_s1,D3_gteqwen2,33.85393767576038,5.321047404643909e-247,2.1390610566668517e-244,False
combined,5,C1_bert_s1,D3_e5mistral,31.47653312857959,2.6754331756520213e-214,9.685068095860318e-212,False
combined,5,C1_bert_s2,A2_har_rv,33.16190630462099,2.9818204285050463e-237,1.1509826854029478e-234,False
combined,5,C1_bert_s2,A3_garch,9.324100315235713,1.1865620718279581e-20,1.8510368320516146e-18,False
combined,5,C1_bert_s2,A4_egarch,0.5091112106583928,0.6106776721320188,1.0,False
combined,5,C1_bert_s2,A5_arima,8.505703146230273,1.879791636242999e-17,2.8196874543644983e-15,False
combined,5,C1_bert_s2,B2_tfidf_ridge,0.40832287967994696,0.6830392885859519,1.0,False
combined,5,C1_bert_s2,C1_bert_s1,19.04723189152387,1.8708948893939973e-80,4.0411329610910343e-78,False
combined,5,C1_bert_s2,C2_finbert_s1,33.01140012893419,3.7131778940093745e-235,1.4184339555115811e-232,False
combined,5,C1_bert_s2,C2_finbert_s2,29.491580093339646,1.0340655108626624e-188,3.412416185846786e-186,False
combined,5,C1_bert_s2,C2_finbert_s3,29.093333883273903,9.087079454866471e-184,2.889691266647538e-181,False
combined,5,C1_bert_s2,C2_finbert_s4,-3.9492303882980875,7.856531148065734e-05,0.004871049311800755,True
combined,5,C1_bert_s2,C3_roberta_s1,24.49926315770315,2.2398505899846364e-131,5.599626474961591e-129,False
combined,5,C1_bert_s2,C4_longformer,9.506683806067675,2.0964008104525132e-21,3.3961693129330713e-19,False
combined,5,C1_bert_s2,C5_qwen3,20.403916512238492,5.6977440409538666e-92,1.276294665173666e-89,False
combined,5,C1_bert_s2,C5_gteqwen2,18.87314196529802,4.943800195951584e-79,1.057973241933639e-76,False
combined,5,C1_bert_s2,C5_e5mistral,9.391745468784498,6.266677296748212e-21,9.901350128862175e-19,False
combined,5,C1_bert_s2,D1_concat_mlp,32.4655540619664,1.2414535814970793e-227,4.69269453805896e-225,False
combined,5,C1_bert_s2,D2_gated_fusion,31.65642116841159,1.0740945893790138e-216,3.93118619712719e-214,False
combined,5,C1_bert_s2,D3_qwen3,33.777404800291464,6.50618741305321e-246,2.5894625903951776e-243,False
combined,5,C1_bert_s2,D3_gteqwen2,35.64238068199924,4.642800421424946e-273,1.9314049753127773e-270,False
combined,5,C1_bert_s2,D3_e5mistral,33.48827926858279,7.949426027119519e-242,3.1161750026308514e-239,False
combined,5,C2_finbert_s1,A2_har_rv,27.615236496584913,5.61716454626231e-166,1.62897771841607e-163,False
combined,5,C2_finbert_s1,A3_garch,5.1827604097491715,2.19909304633568e-07,1.7152925761418304e-05,False
combined,5,C2_finbert_s1,A4_egarch,-1.1479834628813177,0.25098369766881473,1.0,False
combined,5,C2_finbert_s1,A5_arima,4.255199207280441,2.0943750721316413e-05,0.0013404000461642504,False
combined,5,C2_finbert_s1,B2_tfidf_ridge,-23.173750931513922,7.305477985655482e-118,1.7971475844712486e-115,True
combined,5,C2_finbert_s1,C1_bert_s1,-26.067914278553694,2.6687285635624824e-148,6.992068836533704e-146,True
combined,5,C2_finbert_s1,C1_bert_s2,-33.01140012893419,3.7131778940093745e-235,1.4184339555115811e-232,True
combined,5,C2_finbert_s1,C2_finbert_s2,-6.050803957617221,1.4567175673140331e-09,1.4858519186603137e-07,True
combined,5,C2_finbert_s1,C2_finbert_s3,-14.427918872407995,4.801015127021538e-47,9.121928741340923e-45,True
combined,5,C2_finbert_s1,C2_finbert_s4,-30.688747036549287,5.893900359131449e-204,2.07465292641427e-201,True
combined,5,C2_finbert_s1,C3_roberta_s1,-13.12119394715254,3.1210645684425574e-39,5.742758805934305e-37,True
combined,5,C2_finbert_s1,C4_longformer,-20.823024613268803,1.1032029471489664e-95,2.4932386605566644e-93,True
combined,5,C2_finbert_s1,C5_qwen3,-2.6473472544404504,0.008116447037879518,0.38958945781821686,False
combined,5,C2_finbert_s1,C5_gteqwen2,-3.0478047139099442,0.0023070162711433012,0.12919291118402487,False
combined,5,C2_finbert_s1,C5_e5mistral,-13.305178060581722,2.7423585706757663e-40,5.100786941456926e-38,True
combined,5,C2_finbert_s1,D1_concat_mlp,20.966065215760214,5.736504695780207e-97,1.3079230706378872e-94,False
combined,5,C2_finbert_s1,D2_gated_fusion,19.126177475178757,4.197738893444398e-81,9.151070787708788e-79,False
combined,5,C2_finbert_s1,D3_qwen3,26.636621645847324,1.1026080173059548e-154,3.021145967418316e-152,False
combined,5,C2_finbert_s1,D3_gteqwen2,29.099442824548017,7.639555853088115e-184,2.444657872988197e-181,False
combined,5,C2_finbert_s1,D3_e5mistral,26.118407122361162,7.325532339506587e-149,1.933940537629739e-146,False
combined,5,C2_finbert_s2,A2_har_rv,29.058441841438242,2.446493653910128e-183,7.681990073277802e-181,False
combined,5,C2_finbert_s2,A3_garch,5.891386279350618,3.8667196203741475e-09,3.789385227966664e-07,False
combined,5,C2_finbert_s2,A4_egarch,-0.8859646563669653,0.37564301732395167,1.0,False
combined,5,C2_finbert_s2,A5_arima,4.991565265250546,6.019595339679106e-07,4.454500551362538e-05,False
combined,5,C2_finbert_s2,B2_tfidf_ridge,-18.47762672258113,7.542062540154634e-76,1.568749008352164e-73,True
combined,5,C2_finbert_s2,C1_bert_s1,-15.878123194217014,1.454608793455284e-56,2.851033235172357e-54,True
combined,5,C2_finbert_s2,C1_bert_s2,-29.491580093339646,1.0340655108626624e-188,3.412416185846786e-186,True
combined,5,C2_finbert_s2,C2_finbert_s1,6.050803957617221,1.4567175673140331e-09,1.4858519186603137e-07,False
combined,5,C2_finbert_s2,C2_finbert_s3,-7.107136264437815,1.2087262293998957e-12,1.5471695736318665e-10,True
combined,5,C2_finbert_s2,C2_finbert_s4,-25.876736325378698,3.489184715028832e-146,9.002096564774386e-144,True
combined,5,C2_finbert_s2,C3_roberta_s1,-6.1192408444292425,9.507690316528465e-10,9.887997929189604e-08,True
combined,5,C2_finbert_s2,C4_longformer,-15.668738463774112,3.9089423898680044e-55,7.583348236343928e-53,True
combined,5,C2_finbert_s2,C5_qwen3,0.6871683523905608,0.49198146539290455,1.0,False
combined,5,C2_finbert_s2,C5_gteqwen2,0.21261395735157604,0.8316293948450361,1.0,False
combined,5,C2_finbert_s2,C5_e5mistral,-9.549476907941957,1.3898800105221602e-21,2.2794032172563427e-19,True
combined,5,C2_finbert_s2,D1_concat_mlp,22.95736824574214,1.0020069410353087e-115,2.4448969361261534e-113,False
combined,5,C2_finbert_s2,D2_gated_fusion,21.215921581924842,3.12874798406845e-99,7.258695323038805e-97,False
combined,5,C2_finbert_s2,D3_qwen3,28.283625267812987,6.510487848155634e-174,1.9791883058393129e-171,False
combined,5,C2_finbert_s2,D3_gteqwen2,30.662277217268162,1.2991017018937331e-203,4.546855956628066e-201,False
combined,5,C2_finbert_s2,D3_e5mistral,27.845341566426036,1.090984052393818e-168,3.229312795085701e-166,False
combined,5,C2_finbert_s3,A2_har_rv,30.003234269916366,3.711047264018614e-195,1.269178164294366e-192,False
combined,5,C2_finbert_s3,A3_garch,6.688489446025449,2.2907467842280626e-11,2.703081205389114e-09,False
combined,5,C2_finbert_s3,A4_egarch,-0.5543603320687659,0.5793360180861655,1.0,False
combined,5,C2_finbert_s3,A5_arima,5.812884258255845,6.196889908384565e-09,5.825076513881492e-07,False
combined,5,C2_finbert_s3,B2_tfidf_ridge,-19.17014075320409,1.8215828237469475e-81,4.0074822122432846e-79,True
combined,5,C2_finbert_s3,C1_bert_s1,-11.845938301551206,2.62588516294614e-32,4.6740755900441296e-30,True
combined,5,C2_finbert_s3,C1_bert_s2,-29.093333883273903,9.087079454866471e-184,2.889691266647538e-181,True
combined,5,C2_finbert_s3,C2_finbert_s1,14.427918872407995,4.801015127021538e-47,9.121928741340923e-45,False
combined,5,C2_finbert_s3,C2_finbert_s2,7.107136264437815,1.2087262293998957e-12,1.5471695736318665e-10,False
combined,5,C2_finbert_s3,C2_finbert_s4,-35.125496785499166,2.1183916258100804e-265,8.770141330853732e-263,True
combined,5,C2_finbert_s3,C3_roberta_s1,-0.4715471166405059,0.6372531932006894,1.0,False
combined,5,C2_finbert_s3,C4_longformer,-17.005799482512266,1.4010398635808534e-64,2.8020797271617066e-62,True
combined,5,C2_finbert_s3,C5_qwen3,6.135571916133117,8.581521367097841e-10,9.096412649123712e-08,False
combined,5,C2_finbert_s3,C5_gteqwen2,5.283214464439202,1.2773944926240304e-07,1.0474634839517049e-05,False
combined,5,C2_finbert_s3,C5_e5mistral,-7.556992254086696,4.231466383392064e-14,5.670164953745365e-12,True
combined,5,C2_finbert_s3,D1_concat_mlp,26.465192594479873,9.563567840454176e-153,2.5630361812417193e-150,False
combined,5,C2_finbert_s3,D2_gated_fusion,25.179807543617247,1.3539995061450517e-138,3.466238735731332e-136,False
combined,5,C2_finbert_s3,D3_qwen3,29.815551690340516,8.826978016953852e-193,2.965864613696494e-190,False
combined,5,C2_finbert_s3,D3_gteqwen2,32.113825430852565,7.58706569307297e-223,2.8223884378231447e-220,False
combined,5,C2_finbert_s3,D3_e5mistral,29.44706150583959,3.718489933859246e-188,1.2196646983058327e-185,False
combined,5,C2_finbert_s4,A2_har_rv,33.84314505605661,7.576532321453845e-247,3.030612928581538e-244,False
combined,5,C2_finbert_s4,A3_garch,9.59284773238106,9.14690386415863e-22,1.5183860414503325e-19,False
combined,5,C2_finbert_s4,A4_egarch,0.6231397672179018,0.5331969777117327,1.0,False
combined,5,C2_finbert_s4,A5_arima,8.793850198946568,1.5137106960764626e-18,2.300840258036223e-16,False
combined,5,C2_finbert_s4,B2_tfidf_ridge,3.0292500185926,0.0024535093049334856,0.1315187616366936,False
combined,5,C2_finbert_s4,C1_bert_s1,19.35069133436502,5.793669405658832e-83,1.2861946080562606e-80,False
combined,5,C2_finbert_s4,C1_bert_s2,3.9492303882980875,7.856531148065734e-05,0.004871049311800755,False
combined,5,C2_finbert_s4,C2_finbert_s1,30.688747036549287,5.893900359131449e-204,2.07465292641427e-201,False
combined,5,C2_finbert_s4,C2_finbert_s2,25.876736325378698,3.489184715028832e-146,9.002096564774386e-144,False
combined,5,C2_finbert_s4,C2_finbert_s3,35.125496785499166,2.1183916258100804e-265,8.770141330853732e-263,False
combined,5,C2_finbert_s4,C3_roberta_s1,29.249554210823025,1.0633465857556086e-185,3.445242937848172e-183,False
combined,5,C2_finbert_s4,C4_longformer,17.034763224228765,8.580015212151217e-65,1.7331630728545459e-62,False
combined,5,C2_finbert_s4,C5_qwen3,26.015475386625493,1.0193154749205485e-147,2.650220234793426e-145,False
combined,5,C2_finbert_s4,C5_gteqwen2,23.761125237435085,9.219608147626313e-124,2.2864628206113256e-121,False
combined,5,C2_finbert_s4,C5_e5mistral,14.115211742588643,4.1400786442454025e-45,7.783347851181357e-43,False
combined,5,C2_finbert_s4,D1_concat_mlp,34.164648837884016,1.9412848635538573e-251,7.920442243299737e-249,False
combined,5,C2_finbert_s4,D2_gated_fusion,33.548060667937065,1.1427894338313624e-242,4.5025903692955676e-240,False
combined,5,C2_finbert_s4,D3_qwen3,34.79550988945967,1.4506394833777271e-260,5.976634671516236e-258,False
combined,5,C2_finbert_s4,D3_gteqwen2,36.59696840506737,1.7788368098967393e-287,7.471114601566305e-285,False
combined,5,C2_finbert_s4,D3_e5mistral,34.57066459836618,2.7047919983159392e-257,1.108964719309535e-254,False
combined,5,C3_roberta_s1,A2_har_rv,29.667960809468205,6.376900696397475e-191,2.1298848325967568e-188,False
combined,5,C3_roberta_s1,A3_garch,6.712759228643775,1.940614073477492e-11,2.3287368881729904e-09,False
combined,5,C3_roberta_s1,A4_egarch,-0.5363693121135253,0.5917069451483952,1.0,False
combined,5,C3_roberta_s1,A5_arima,5.831511094581681,5.543794517891313e-09,5.322042737175661e-07,False
combined,5,C3_roberta_s1,B2_tfidf_ridge,-18.56155197297509,1.612417804283981e-76,3.38607738899636e-74,True
combined,5,C3_roberta_s1,C1_bert_s1,-10.751471776617368,6.462196957178225e-27,1.1114978766346547e-24,True
combined,5,C3_roberta_s1,C1_bert_s2,-24.49926315770315,2.2398505899846364e-131,5.599626474961591e-129,True
combined,5,C3_roberta_s1,C2_finbert_s1,13.12119394715254,3.1210645684425574e-39,5.742758805934305e-37,False
combined,5,C3_roberta_s1,C2_finbert_s2,6.1192408444292425,9.507690316528465e-10,9.887997929189604e-08,False
combined,5,C3_roberta_s1,C2_finbert_s3,0.4715471166405059,0.6372531932006894,1.0,False
combined,5,C3_roberta_s1,C2_finbert_s4,-29.249554210823025,1.0633465857556086e-185,3.445242937848172e-183,True
combined,5,C3_roberta_s1,C4_longformer,-16.702552065810348,2.2641487639217467e-62,4.4830145525650585e-60,True
combined,5,C3_roberta_s1,C5_qwen3,6.4206125841381665,1.3756596298049712e-10,1.5132255927854685e-08,False
combined,5,C3_roberta_s1,C5_gteqwen2,5.464538037161561,4.674603355691059e-08,3.92666681878049e-06,False
combined,5,C3_roberta_s1,C5_e5mistral,-7.381069851746364,1.6071412949089866e-13,2.0892836833816825e-11,True
combined,5,C3_roberta_s1,D1_concat_mlp,26.132926393145738,5.048901039909961e-149,1.3430076766160497e-146,False
combined,5,C3_roberta_s1,D2_gated_fusion,24.799651401324642,1.5395124133228284e-134,3.879571281573527e-132,False
combined,5,C3_roberta_s1,D3_qwen3,29.51472223292319,5.312542787579452e-189,1.763764205476378e-186,False
combined,5,C3_roberta_s1,D3_gteqwen2,31.66473617352837,8.316972586106629e-217,3.0606459116872397e-214,False
combined,5,C3_roberta_s1,D3_e5mistral,29.02448304528999,6.40751748644563e-183,1.9991454557710366e-180,False
combined,5,C4_longformer,A2_har_rv,31.08947899023021,3.466880303833159e-209,1.2342093881646045e-206,False
combined,5,C4_longformer,A3_garch,8.319915739580425,9.136423425794734e-17,1.3339178201660312e-14,False
combined,5,C4_longformer,A4_egarch,0.15170692090455723,0.8794190239853668,1.0,False
combined,5,C4_longformer,A5_arima,7.49441455038724,6.825835798929884e-14,9.010103254587446e-12,False
combined,5,C4_longformer,B2_tfidf_ridge,-7.605097781063495,2.922269566786172e-14,3.974286610829195e-12,True
combined,5,C4_longformer,C1_bert_s1,6.276862029287939,3.497564902768792e-10,3.777370094990295e-08,False
combined,5,C4_longformer,C1_bert_s2,-9.506683806067675,2.0964008104525132e-21,3.3961693129330713e-19,True
combined,5,C4_longformer,C2_finbert_s1,20.823024613268803,1.1032029471489664e-95,2.4932386605566644e-93,False
combined,5,C4_longformer,C2_finbert_s2,15.668738463774112,3.9089423898680044e-55,7.583348236343928e-53,False
combined,5,C4_longformer,C2_finbert_s3,17.005799482512266,1.4010398635808534e-64,2.8020797271617066e-62,False
combined,5,C4_longformer,C2_finbert_s4,-17.034763224228765,8.580015212151217e-65,1.7331630728545459e-62,True
combined,5,C4_longformer,C3_roberta_s1,16.702552065810348,2.2641487639217467e-62,4.4830145525650585e-60,False
combined,5,C4_longformer,C5_qwen3,21.229965671125655,2.3301493582532153e-99,5.452549498312523e-97,False
combined,5,C4_longformer,C5_gteqwen2,18.81405168568431,1.492235215282017e-78,3.163538656397876e-76,False
combined,5,C4_longformer,C5_e5mistral,5.972119817408806,2.365785748553547e-09,2.365785748553547e-07,False
combined,5,C4_longformer,D1_concat_mlp,29.82430246663906,6.844293652872067e-193,2.3133712546707585e-190,False
combined,5,C4_longformer,D2_gated_fusion,29.093012826930785,9.170315299391609e-184,2.8978196346077485e-181,False
combined,5,C4_longformer,D3_qwen3,31.338745045193352,1.7957115066194261e-212,6.464561423829934e-210,False
combined,5,C4_longformer,D3_gteqwen2,33.21132202598888,6.0897865373954066e-238,2.362837176509418e-235,False
combined,5,C4_longformer,D3_e5mistral,31.054980666668627,9.834080227169408e-209,3.4812644004179705e-206,False
combined,5,C5_qwen3,A2_har_rv,27.979707863297197,2.7826710366689015e-170,8.348013110006704e-168,False
combined,5,C5_qwen3,A3_garch,5.603502113507959,2.117337870577322e-08,1.90560408351959e-06,False
combined,5,C5_qwen3,A4_egarch,-0.9392886162995436,0.3475894442260769,1.0,False
combined,5,C5_qwen3,A5_arima,4.719504085942314,2.3738717453072368e-06,0.0001614232786808921,False
combined,5,C5_qwen3,B2_tfidf_ridge,-24.843191678672696,5.3194792284267723e-135,1.3511477240204002e-132,True
combined,5,C5_qwen3,C1_bert_s1,-11.872095554418774,1.9239237743482043e-32,3.463062793826768e-30,True
combined,5,C5_qwen3,C1_bert_s2,-20.403916512238492,5.6977440409538666e-92,1.276294665173666e-89,True
combined,5,C5_qwen3,C2_finbert_s1,2.6473472544404504,0.008116447037879518,0.38958945781821686,False
combined,5,C5_qwen3,C2_finbert_s2,-0.6871683523905608,0.49198146539290455,1.0,False
combined,5,C5_qwen3,C2_finbert_s3,-6.135571916133117,8.581521367097841e-10,9.096412649123712e-08,True
combined,5,C5_qwen3,C2_finbert_s4,-26.015475386625493,1.0193154749205485e-147,2.650220234793426e-145,True
combined,5,C5_qwen3,C3_roberta_s1,-6.4206125841381665,1.3756596298049712e-10,1.5132255927854685e-08,True
combined,5,C5_qwen3,C4_longformer,-21.229965671125655,2.3301493582532153e-99,5.452549498312523e-97,True
combined,5,C5_qwen3,C5_gteqwen2,-1.7841408563439731,0.07440994860257133,1.0,False
combined,5,C5_qwen3,C5_e5mistral,-31.25241300049638,2.4832290874369802e-211,8.889960133024389e-209,True
combined,5,C5_qwen3,D1_concat_mlp,22.47820968947188,4.620173328096068e-111,1.0996012520868642e-108,False
combined,5,C5_qwen3,D2_gated_fusion,21.157306660729112,1.0682063943994939e-98,2.456874707118836e-96,False
combined,5,C5_qwen3,D3_qwen3,27.159405843472566,1.1428765652360984e-160,3.2229119139657974e-158,False
combined,5,C5_qwen3,D3_gteqwen2,29.270903354818092,5.779894312908322e-186,1.884245546008113e-183,False
combined,5,C5_qwen3,D3_e5mistral,26.724517952768085,1.1066714918557124e-155,3.0544133175217664e-153,False
combined,5,C5_gteqwen2,A2_har_rv,28.393850856583157,3.07295469871319e-175,9.403241378062361e-173,False
combined,5,C5_gteqwen2,A3_garch,5.716417935060187,1.0972798256075995e-08,1.0094974395589915e-06,False
combined,5,C5_gteqwen2,A4_egarch,-0.9013718944622429,0.3673971862325952,1.0,False
combined,5,C5_gteqwen2,A5_arima,4.835335180754509,1.3351826850438478e-06,9.613315332315705e-05,False
combined,5,C5_gteqwen2,B2_tfidf_ridge,-22.622208355442623,1.8752561915702168e-112,4.50061485976852e-110,True
combined,5,C5_gteqwen2,C1_bert_s1,-10.82070219395734,3.0513147469741628e-27,5.309287659735043e-25,True
combined,5,C5_gteqwen2,C1_bert_s2,-18.87314196529802,4.943800195951584e-79,1.057973241933639e-76,True
combined,5,C5_gteqwen2,C2_finbert_s1,3.0478047139099442,0.0023070162711433012,0.12919291118402487,False
combined,5,C5_gteqwen2,C2_finbert_s2,-0.21261395735157604,0.8316293948450361,1.0,False
combined,5,C5_gteqwen2,C2_finbert_s3,-5.283214464439202,1.2773944926240304e-07,1.0474634839517049e-05,True
combined,5,C5_gteqwen2,C2_finbert_s4,-23.761125237435085,9.219608147626313e-124,2.2864628206113256e-121,True
combined,5,C5_gteqwen2,C3_roberta_s1,-5.464538037161561,4.674603355691059e-08,3.92666681878049e-06,True
combined,5,C5_gteqwen2,C4_longformer,-18.81405168568431,1.492235215282017e-78,3.163538656397876e-76,True
combined,5,C5_gteqwen2,C5_qwen3,1.7841408563439731,0.07440994860257133,1.0,False
combined,5,C5_gteqwen2,C5_e5mistral,-26.5828304766358,4.4861951970926904e-154,1.2202450936092118e-151,True
combined,5,C5_gteqwen2,D1_concat_mlp,22.735613992065268,1.4827679520334073e-113,3.588298443920846e-111,False
combined,5,C5_gteqwen2,D2_gated_fusion,21.44269702707295,2.6223206097387747e-101,6.188676638983508e-99,False
combined,5,C5_gteqwen2,D3_qwen3,27.365504879875562,4.65858241543815e-163,1.3230374059844346e-160,False
combined,5,C5_gteqwen2,D3_gteqwen2,29.87758880618109,1.4517688960696415e-193,4.936014246636781e-191,False
combined,5,C5_gteqwen2,D3_e5mistral,27.15287637831462,1.3596521645178818e-160,3.807026060650069e-158,False
combined,5,C5_e5mistral,A2_har_rv,30.400035938838496,3.155708500224236e-200,1.098186558078034e-197,False
combined,5,C5_e5mistral,A3_garch,7.698211225667277,1.4181945861295998e-14,1.957108528858848e-12,False
combined,5,C5_e5mistral,A4_egarch,-0.08820885921494241,0.9297112104217381,1.0,False
combined,5,C5_e5mistral,A5_arima,6.875452619316203,6.288994692632375e-12,7.672573525011497e-10,False
combined,5,C5_e5mistral,B2_tfidf_ridge,-11.648151290146302,2.6996419117584444e-31,4.751369764694862e-29,True
combined,5,C5_e5mistral,C1_bert_s1,0.563128992597494,0.5733508695339671,1.0,False
combined,5,C5_e5mistral,C1_bert_s2,-9.391745468784498,6.266677296748212e-21,9.901350128862175e-19,True
combined,5,C5_e5mistral,C2_finbert_s1,13.305178060581722,2.7423585706757663e-40,5.100786941456926e-38,False
combined,5,C5_e5mistral,C2_finbert_s2,9.549476907941957,1.3898800105221602e-21,2.2794032172563427e-19,False
combined,5,C5_e5mistral,C2_finbert_s3,7.556992254086696,4.231466383392064e-14,5.670164953745365e-12,False
combined,5,C5_e5mistral,C2_finbert_s4,-14.115211742588643,4.1400786442454025e-45,7.783347851181357e-43,True
combined,5,C5_e5mistral,C3_roberta_s1,7.381069851746364,1.6071412949089866e-13,2.0892836833816825e-11,False
combined,5,C5_e5mistral,C4_longformer,-5.972119817408806,2.365785748553547e-09,2.365785748553547e-07,True
combined,5,C5_e5mistral,C5_qwen3,31.25241300049638,2.4832290874369802e-211,8.889960133024389e-209,False
combined,5,C5_e5mistral,C5_gteqwen2,26.5828304766358,4.4861951970926904e-154,1.2202450936092118e-151,False
combined,5,C5_e5mistral,D1_concat_mlp,28.10972161337531,7.866377431337597e-172,2.3756459842639545e-169,False
combined,5,C5_e5mistral,D2_gated_fusion,27.36732293314232,4.4370731912691604e-163,1.2690029327029799e-160,False
combined,5,C5_e5mistral,D3_qwen3,30.27479977738302,1.2769613083600748e-198,4.418286126925859e-196,False
combined,5,C5_e5mistral,D3_gteqwen2,32.292187767200694,2.8781608393174e-225,1.0764321539047078e-222,False
combined,5,C5_e5mistral,D3_e5mistral,30.14947634247177,5.106335970399938e-197,1.7565795738175787e-194,False
combined,5,D1_concat_mlp,A2_har_rv,26.851839550573377,3.910392751735228e-157,1.0870891849823935e-154,False
combined,5,D1_concat_mlp,A3_garch,-0.7582797502033173,0.44828893274489917,1.0,False
combined,5,D1_concat_mlp,A4_egarch,-3.298833891633646,0.0009718989054305181,0.05831393432583109,False
combined,5,D1_concat_mlp,A5_arima,-1.8747396531730895,0.06083735856501627,1.0,False
combined,5,D1_concat_mlp,B2_tfidf_ridge,-33.05889614492648,8.118836803073453e-236,3.1176333323802063e-233,True
combined,5,D1_concat_mlp,C1_bert_s1,-29.12602336931874,3.589318484277364e-184,1.1557605519373113e-181,True
combined,5,D1_concat_mlp,C1_bert_s2,-32.4655540619664,1.2414535814970793e-227,4.69269453805896e-225,True
combined,5,D1_concat_mlp,C2_finbert_s1,-20.966065215760214,5.736504695780207e-97,1.3079230706378872e-94,True
combined,5,D1_concat_mlp,C2_finbert_s2,-22.95736824574214,1.0020069410353087e-115,2.4448969361261534e-113,True
combined,5,D1_concat_mlp,C2_finbert_s3,-26.465192594479873,9.563567840454176e-153,2.5630361812417193e-150,True
combined,5,D1_concat_mlp,C2_finbert_s4,-34.164648837884016,1.9412848635538573e-251,7.920442243299737e-249,True
combined,5,D1_concat_mlp,C3_roberta_s1,-26.132926393145738,5.048901039909961e-149,1.3430076766160497e-146,True
combined,5,D1_concat_mlp,C4_longformer,-29.82430246663906,6.844293652872067e-193,2.3133712546707585e-190,True
combined,5,D1_concat_mlp,C5_qwen3,-22.47820968947188,4.620173328096068e-111,1.0996012520868642e-108,True
combined,5,D1_concat_mlp,C5_gteqwen2,-22.735613992065268,1.4827679520334073e-113,3.588298443920846e-111,True
combined,5,D1_concat_mlp,C5_e5mistral,-28.10972161337531,7.866377431337597e-172,2.3756459842639545e-169,True
combined,5,D1_concat_mlp,D2_gated_fusion,-26.569583299138998,6.335615726297647e-154,1.7106162461003647e-151,True
combined,5,D1_concat_mlp,D3_qwen3,27.612579468506123,6.035372298370829e-166,1.7381872219307985e-163,False
combined,5,D1_concat_mlp,D3_gteqwen2,32.94978036424052,2.6608044760661303e-234,1.0111057009051295e-231,False
combined,5,D1_concat_mlp,D3_e5mistral,27.7511076804165,1.4155261366709876e-167,4.133336319079284e-165,False
combined,5,D2_gated_fusion,A2_har_rv,27.822212497418143,2.0481118511094307e-168,6.021448842261727e-166,False
combined,5,D2_gated_fusion,A3_garch,0.026614044173911205,0.9787677322367168,1.0,False
combined,5,D2_gated_fusion,A4_egarch,-3.0314714723450176,0.0024355326229017335,0.1315187616366936,False
combined,5,D2_gated_fusion,A5_arima,-1.054053936832917,0.2918659272209105,1.0,False
combined,5,D2_gated_fusion,B2_tfidf_ridge,-32.38630008480913,1.5018984855647757e-226,5.647138305723557e-224,True
combined,5,D2_gated_fusion,C1_bert_s1,-27.95181626826594,5.967728320970844e-170,1.7783830396493114e-167,True
combined,5,D2_gated_fusion,C1_bert_s2,-31.65642116841159,1.0740945893790138e-216,3.93118619712719e-214,True
combined,5,D2_gated_fusion,C2_finbert_s1,-19.126177475178757,4.197738893444398e-81,9.151070787708788e-79,True
combined,5,D2_gated_fusion,C2_finbert_s2,-21.215921581924842,3.12874798406845e-99,7.258695323038805e-97,True
combined,5,D2_gated_fusion,C2_finbert_s3,-25.179807543617247,1.3539995061450517e-138,3.466238735731332e-136,True
combined,5,D2_gated_fusion,C2_finbert_s4,-33.548060667937065,1.1427894338313624e-242,4.5025903692955676e-240,True
combined,5,D2_gated_fusion,C3_roberta_s1,-24.799651401324642,1.5395124133228284e-134,3.879571281573527e-132,True
combined,5,D2_gated_fusion,C4_longformer,-29.093012826930785,9.170315299391609e-184,2.8978196346077485e-181,True
combined,5,D2_gated_fusion,C5_qwen3,-21.157306660729112,1.0682063943994939e-98,2.456874707118836e-96,True
combined,5,D2_gated_fusion,C5_gteqwen2,-21.44269702707295,2.6223206097387747e-101,6.188676638983508e-99,True
combined,5,D2_gated_fusion,C5_e5mistral,-27.36732293314232,4.4370731912691604e-163,1.2690029327029799e-160,True
combined,5,D2_gated_fusion,D1_concat_mlp,26.569583299138998,6.335615726297647e-154,1.7106162461003647e-151,False
combined,5,D2_gated_fusion,D3_qwen3,28.699869453968777,6.030579553211886e-179,1.8574185023892608e-176,False
combined,5,D2_gated_fusion,D3_gteqwen2,34.02775020273976,1.7704001586668826e-249,7.187824644187544e-247,False
combined,5,D2_gated_fusion,D3_e5mistral,28.993843632998438,1.526037106702348e-182,4.730715030777279e-180,False
combined,5,D3_qwen3,A2_har_rv,15.43222248153633,1.5285211609148869e-53,2.934760628956583e-51,False
combined,5,D3_qwen3,A3_garch,-5.555512328167521,2.789270016465633e-08,2.3987722141604446e-06,True
combined,5,D3_qwen3,A4_egarch,-4.829697020468528,1.3735214803824947e-06,9.614650362677463e-05,True
combined,5,D3_qwen3,A5_arima,-6.941822703902165,3.942078961360232e-12,4.967019491313893e-10,True
combined,5,D3_qwen3,B2_tfidf_ridge,-33.971746735577916,1.1162570268646496e-248,4.5096783885331845e-246,True
combined,5,D3_qwen3,C1_bert_s1,-31.844371865463913,3.262777685256101e-219,1.2072277435447574e-216,True
combined,5,D3_qwen3,C1_bert_s2,-33.777404800291464,6.50618741305321e-246,2.5894625903951776e-243,True
combined,5,D3_qwen3,C2_finbert_s1,-26.636621645847324,1.1026080173059548e-154,3.021145967418316e-152,True
combined,5,D3_qwen3,C2_finbert_s2,-28.283625267812987,6.510487848155634e-174,1.9791883058393129e-171,True
combined,5,D3_qwen3,C2_finbert_s3,-29.815551690340516,8.826978016953852e-193,2.965864613696494e-190,True
combined,5,D3_qwen3,C2_finbert_s4,-34.79550988945967,1.4506394833777271e-260,5.976634671516236e-258,True
combined,5,D3_qwen3,C3_roberta_s1,-29.51472223292319,5.312542787579452e-189,1.763764205476378e-186,True
combined,5,D3_qwen3,C4_longformer,-31.338745045193352,1.7957115066194261e-212,6.464561423829934e-210,True
combined,5,D3_qwen3,C5_qwen3,-27.159405843472566,1.1428765652360984e-160,3.2229119139657974e-158,True
combined,5,D3_qwen3,C5_gteqwen2,-27.365504879875562,4.65858241543815e-163,1.3230374059844346e-160,True
combined,5,D3_qwen3,C5_e5mistral,-30.27479977738302,1.2769613083600748e-198,4.418286126925859e-196,True
combined,5,D3_qwen3,D1_concat_mlp,-27.612579468506123,6.035372298370829e-166,1.7381872219307985e-163,True
combined,5,D3_qwen3,D2_gated_fusion,-28.699869453968777,6.030579553211886e-179,1.8574185023892608e-176,True
combined,5,D3_qwen3,D3_gteqwen2,12.793343549038777,2.1912333400483002e-37,3.9880446788879065e-35,False
combined,5,D3_qwen3,D3_e5mistral,-6.628599104057074,3.4409323757145935e-11,3.991481555828929e-09,True
combined,5,D3_gteqwen2,A2_har_rv,9.498105892765146,2.275937258934148e-21,3.6414996142946365e-19,False
combined,5,D3_gteqwen2,A3_garch,-6.524535663779861,6.919699730094974e-11,7.75006369770637e-09,True
combined,5,D3_gteqwen2,A4_egarch,-5.130484427067057,2.906287694893443e-07,2.2087786481190168e-05,True
combined,5,D3_gteqwen2,A5_arima,-7.933265836369771,2.2014693246310237e-15,3.126086440976054e-13,True
combined,5,D3_gteqwen2,B2_tfidf_ridge,-35.90151698160765,6.136958232449315e-277,2.5652485411638136e-274,True
combined,5,D3_gteqwen2,C1_bert_s1,-33.85393767576038,5.321047404643909e-247,2.1390610566668517e-244,True
combined,5,D3_gteqwen2,C1_bert_s2,-35.64238068199924,4.642800421424946e-273,1.9314049753127773e-270,True
combined,5,D3_gteqwen2,C2_finbert_s1,-29.099442824548017,7.639555853088115e-184,2.444657872988197e-181,True
combined,5,D3_gteqwen2,C2_finbert_s2,-30.662277217268162,1.2991017018937331e-203,4.546855956628066e-201,True
combined,5,D3_gteqwen2,C2_finbert_s3,-32.113825430852565,7.58706569307297e-223,2.8223884378231447e-220,True
combined,5,D3_gteqwen2,C2_finbert_s4,-36.59696840506737,1.7788368098967393e-287,7.471114601566305e-285,True
combined,5,D3_gteqwen2,C3_roberta_s1,-31.66473617352837,8.316972586106629e-217,3.0606459116872397e-214,True
combined,5,D3_gteqwen2,C4_longformer,-33.21132202598888,6.0897865373954066e-238,2.362837176509418e-235,True
combined,5,D3_gteqwen2,C5_qwen3,-29.270903354818092,5.779894312908322e-186,1.884245546008113e-183,True
combined,5,D3_gteqwen2,C5_gteqwen2,-29.87758880618109,1.4517688960696415e-193,4.936014246636781e-191,True
combined,5,D3_gteqwen2,C5_e5mistral,-32.292187767200694,2.8781608393174e-225,1.0764321539047078e-222,True
combined,5,D3_gteqwen2,D1_concat_mlp,-32.94978036424052,2.6608044760661303e-234,1.0111057009051295e-231,True
combined,5,D3_gteqwen2,D2_gated_fusion,-34.02775020273976,1.7704001586668826e-249,7.187824644187544e-247,True
combined,5,D3_gteqwen2,D3_qwen3,-12.793343549038777,2.1912333400483002e-37,3.9880446788879065e-35,True
combined,5,D3_gteqwen2,D3_e5mistral,-17.54661451366449,1.2932023768087521e-68,2.6381328486898544e-66,True
combined,5,D3_e5mistral,A2_har_rv,18.301015242040435,1.8958270787086353e-74,3.9054037821397887e-72,False
combined,5,D3_e5mistral,A3_garch,-5.188500026832602,2.1324465029826418e-07,1.7059572023861133e-05,True
combined,5,D3_e5mistral,A4_egarch,-4.716608968293545,2.4078637396566815e-06,0.0001614232786808921,True
combined,5,D3_e5mistral,A5_arima,-6.555340097586097,5.6331435254439266e-11,6.421783619006076e-09,True
combined,5,D3_e5mistral,B2_tfidf_ridge,-33.72265135655083,3.888850500669123e-245,1.5399847982649725e-242,True
combined,5,D3_e5mistral,C1_bert_s1,-31.47653312857959,2.6754331756520213e-214,9.685068095860318e-212,True
combined,5,D3_e5mistral,C1_bert_s2,-33.48827926858279,7.949426027119519e-242,3.1161750026308514e-239,True
combined,5,D3_e5mistral,C2_finbert_s1,-26.118407122361162,7.325532339506587e-149,1.933940537629739e-146,True
combined,5,D3_e5mistral,C2_finbert_s2,-27.845341566426036,1.090984052393818e-168,3.229312795085701e-166,True
combined,5,D3_e5mistral,C2_finbert_s3,-29.44706150583959,3.718489933859246e-188,1.2196646983058327e-185,True
combined,5,D3_e5mistral,C2_finbert_s4,-34.57066459836618,2.7047919983159392e-257,1.108964719309535e-254,True
combined,5,D3_e5mistral,C3_roberta_s1,-29.02448304528999,6.40751748644563e-183,1.9991454557710366e-180,True
combined,5,D3_e5mistral,C4_longformer,-31.054980666668627,9.834080227169408e-209,3.4812644004179705e-206,True
combined,5,D3_e5mistral,C5_qwen3,-26.724517952768085,1.1066714918557124e-155,3.0544133175217664e-153,True
combined,5,D3_e5mistral,C5_gteqwen2,-27.15287637831462,1.3596521645178818e-160,3.807026060650069e-158,True
combined,5,D3_e5mistral,C5_e5mistral,-30.14947634247177,5.106335970399938e-197,1.7565795738175787e-194,True
combined,5,D3_e5mistral,D1_concat_mlp,-27.7511076804165,1.4155261366709876e-167,4.133336319079284e-165,True
combined,5,D3_e5mistral,D2_gated_fusion,-28.993843632998438,1.526037106702348e-182,4.730715030777279e-180,True
combined,5,D3_e5mistral,D3_qwen3,6.628599104057074,3.4409323757145935e-11,3.991481555828929e-09,False
combined,5,D3_e5mistral,D3_gteqwen2,17.54661451366449,1.2932023768087521e-68,2.6381328486898544e-66,False
combined,10,A2_har_rv,A3_garch,-7.758525175789937,8.839599766165612e-15,1.0430727724075422e-12,True
combined,10,A2_har_rv,A4_egarch,-4.803035820281936,1.5696431191693687e-06,0.00012557144953354948,True
combined,10,A2_har_rv,A5_arima,-7.703066152326031,1.365554962057976e-14,1.5840437559872523e-12,True
combined,10,A2_har_rv,B2_tfidf_ridge,-31.508890783729314,1.0214610165268172e-214,3.942839523793514e-212,True
combined,10,A2_har_rv,C1_bert_s1,-20.75246036526914,4.73412175852447e-95,1.0320385433583343e-92,True
combined,10,A2_har_rv,C1_bert_s2,-27.509588919701052,9.870871027667216e-165,3.059970018576837e-162,True
combined,10,A2_har_rv,C2_finbert_s1,-21.683960352406174,1.5438313564177853e-103,3.489058865504195e-101,True
combined,10,A2_har_rv,C2_finbert_s2,-27.51189050083478,9.277673162310637e-165,2.894634026640919e-162,True
combined,10,A2_har_rv,C2_finbert_s3,-26.08995629695443,1.5382035908678666e-148,4.368498198064741e-146,True
combined,10,A2_har_rv,C2_finbert_s4,-25.61056350595231,2.9498908797340685e-143,7.964705375281986e-141,True
combined,10,A2_har_rv,C3_roberta_s1,-29.972982097972732,9.189430669261585e-195,3.4000893476267866e-192,True
combined,10,A2_har_rv,C4_longformer,-25.78335076383131,3.771748381435297e-145,1.0485460500390127e-142,True
combined,10,A2_har_rv,C5_qwen3,-26.838288546129505,5.667638112537142e-157,1.6662856050859196e-154,True
combined,10,A2_har_rv,C5_gteqwen2,-27.715187564917315,3.814807765298445e-167,1.2207384848955023e-164,True
combined,10,A2_har_rv,C5_e5mistral,-28.55909841617486,3.1513518165466876e-177,1.058854210359687e-174,True
combined,10,A2_har_rv,D1_concat_mlp,-20.476904830820555,1.3077335818211316e-92,2.7985498650972216e-90,True
combined,10,A2_har_rv,D2_gated_fusion,-22.68574703953948,4.5663521758017683e-113,1.0776591134892173e-110,True
combined,10,A2_har_rv,D3_qwen3,-7.834647319352956,4.8423212036674506e-15,5.810785444400941e-13,True
combined,10,A2_har_rv,D3_gteqwen2,-3.826201245785799,0.00013037608941397552,0.008344069722494433,True
combined,10,A2_har_rv,D3_e5mistral,-9.496532842061287,2.311027885512928e-21,3.466541828269392e-19,True
combined,10,A3_garch,A2_har_rv,7.758525175789937,8.839599766165612e-15,1.0430727724075422e-12,False
combined,10,A3_garch,A4_egarch,-3.0185376447234784,0.002541921110372992,0.13726373996014157,False
combined,10,A3_garch,A5_arima,0.40580358320577076,0.6848895620472683,1.0,False
combined,10,A3_garch,B2_tfidf_ridge,-11.864774563234757,2.1002801823385507e-32,3.5704763099755364e-30,True
combined,10,A3_garch,C1_bert_s1,-3.8492251269593742,0.00011871575785331787,0.007835240018318979,True
combined,10,A3_garch,C1_bert_s2,-9.29342030007476,1.5830313871153804e-20,2.3112258251884555e-18,True
combined,10,A3_garch,C2_finbert_s1,-4.61103063183739,4.021817882883218e-06,0.00030565815909912455,True
combined,10,A3_garch,C2_finbert_s2,-8.882114413588983,6.885182919697181e-19,9.50155242918211e-17,True
combined,10,A3_garch,C2_finbert_s3,-8.584878906176678,9.48594389596061e-18,1.290088369850643e-15,True
combined,10,A3_garch,C2_finbert_s4,-7.580444094109887,3.5341064655022273e-14,3.88751711205245e-12,True
combined,10,A3_garch,C3_roberta_s1,-11.187351426831684,5.304943463028827e-29,8.5940084101067e-27,True
combined,10,A3_garch,C4_longformer,-7.607065456930711,2.878503067801484e-14,3.2239234359376624e-12,True
combined,10,A3_garch,C5_qwen3,-7.65741752834172,1.9489159633631164e-14,2.221764198233953e-12,True
combined,10,A3_garch,C5_gteqwen2,-8.02707616460821,1.0311509644588044e-15,1.3404962537964458e-13,True
combined,10,A3_garch,C5_e5mistral,-9.580870199016749,1.0271697204991949e-21,1.5612979751587762e-19,True
combined,10,A3_garch,D1_concat_mlp,0.7244501290929838,0.4687945802149971,1.0,False
combined,10,A3_garch,D2_gated_fusion,-0.09901439695898583,0.9211274417908459,1.0,False
combined,10,A3_garch,D3_qwen3,5.9501022970789315,2.706787466769256e-09,2.652651717433871e-07,False
combined,10,A3_garch,D3_gteqwen2,6.819268428274569,9.308341700758444e-12,9.494508534773613e-10,False
combined,10,A3_garch,D3_e5mistral,5.792335513574798,7.0044817638242625e-09,6.584212857994807e-07,False
combined,10,A4_egarch,A2_har_rv,4.803035820281936,1.5696431191693687e-06,0.00012557144953354948,False
combined,10,A4_egarch,A3_garch,3.0185376447234784,0.002541921110372992,0.13726373996014157,False
combined,10,A4_egarch,A5_arima,3.074272323728789,0.002111892858223265,0.11826600006050283,False
combined,10,A4_egarch,B2_tfidf_ridge,-1.0021348779632697,0.31628581773446307,1.0,False
combined,10,A4_egarch,C1_bert_s1,1.789012941979426,0.07362191836343264,1.0,False
combined,10,A4_egarch,C1_bert_s2,-0.11042755366624228,0.912070974971485,1.0,False
combined,10,A4_egarch,C2_finbert_s1,1.5292490263803875,0.12621232527664358,1.0,False
combined,10,A4_egarch,C2_finbert_s2,0.0661961254034312,0.9472220833065891,1.0,False
combined,10,A4_egarch,C2_finbert_s3,0.13160033061376233,0.8953012279056715,1.0,False
combined,10,A4_egarch,C2_finbert_s4,0.5280323461137134,0.5974804434069517,1.0,False
combined,10,A4_egarch,C3_roberta_s1,-0.8038662702172075,0.42148001396771184,1.0,False
combined,10,A4_egarch,C4_longformer,0.5014118100756136,0.6160846813889191,1.0,False
combined,10,A4_egarch,C5_qwen3,0.5156951562057099,0.6060708000428152,1.0,False
combined,10,A4_egarch,C5_gteqwen2,0.41827022201128644,0.675752286165865,1.0,False
combined,10,A4_egarch,C5_e5mistral,-0.2086187562257097,0.8347471575666244,1.0,False
combined,10,A4_egarch,D1_concat_mlp,3.1578169826146287,0.0015909875937571677,0.09227728043791572,False
combined,10,A4_egarch,D2_gated_fusion,2.930686560917785,0.0033844611856176424,0.1759919816521174,False
combined,10,A4_egarch,D3_qwen3,4.46613759785359,7.990896348370117e-06,0.0005913263297793887,False
combined,10,A4_egarch,D3_gteqwen2,4.654694062743444,3.257251771824266e-06,0.00025406563820229276,False
combined,10,A4_egarch,D3_e5mistral,4.423192264912626,9.756445484654343e-06,0.0007024640748951127,False
combined,10,A5_arima,A2_har_rv,7.703066152326031,1.365554962057976e-14,1.5840437559872523e-12,False
combined,10,A5_arima,A3_garch,-0.40580358320577076,0.6848895620472683,1.0,False
combined,10,A5_arima,A4_egarch,-3.074272323728789,0.002111892858223265,0.11826600006050283,False
combined,10,A5_arima,B2_tfidf_ridge,-12.323979630812575,8.030858383441523e-35,1.3813076419519418e-32,True
combined,10,A5_arima,C1_bert_s1,-4.164445883443964,3.1290355043980544e-05,0.002127744142990677,True
combined,10,A5_arima,C1_bert_s2,-9.707647316460946,2.996139355564313e-22,4.614054607569042e-20,True
combined,10,A5_arima,C2_finbert_s1,-4.946573775862797,7.590275221288295e-07,6.527636690307933e-05,True
combined,10,A5_arima,C2_finbert_s2,-9.292202439011184,1.6012061698023562e-20,2.3112258251884555e-18,True
combined,10,A5_arima,C2_finbert_s3,-8.999926797656732,2.376729689743488e-19,3.327421565640883e-17,True
combined,10,A5_arima,C2_finbert_s4,-7.939150770306906,2.0999421059849966e-15,2.6459270535410956e-13,True
combined,10,A5_arima,C3_roberta_s1,-11.61573496346571,3.9428917501042527e-31,6.624058140175145e-29,True
combined,10,A5_arima,C4_longformer,-7.986020593681367,1.4386705665852863e-15,1.8414983252291664e-13,True
combined,10,A5_arima,C5_qwen3,-8.047798283073337,8.710551922499806e-16,1.1497928537699744e-13,True
combined,10,A5_arima,C5_gteqwen2,-8.41490422204019,4.088854571905589e-17,5.47906512635349e-15,True
combined,10,A5_arima,C5_e5mistral,-10.008698508885074,1.5082905596393206e-23,2.3830990842301265e-21,True
combined,10,A5_arima,D1_concat_mlp,0.4219279925837218,0.6730803313301327,1.0,False
combined,10,A5_arima,D2_gated_fusion,-0.4237040501089556,0.6717844282424693,1.0,False
combined,10,A5_arima,D3_qwen3,5.796321624860241,6.84025889209823e-09,6.566648536414301e-07,False
combined,10,A5_arima,D3_gteqwen2,6.664689092422275,2.69404583209261e-11,2.6940458320926103e-09,False
combined,10,A5_arima,D3_e5mistral,5.627707111373186,1.8410313066985005e-08,1.6937488021626204e-06,False
combined,10,B2_tfidf_ridge,A2_har_rv,31.508890783729314,1.0214610165268172e-214,3.942839523793514e-212,False
combined,10,B2_tfidf_ridge,A3_garch,11.864774563234757,2.1002801823385507e-32,3.5704763099755364e-30,False
combined,10,B2_tfidf_ridge,A4_egarch,1.0021348779632697,0.31628581773446307,1.0,False
combined,10,B2_tfidf_ridge,A5_arima,12.323979630812575,8.030858383441523e-35,1.3813076419519418e-32,False
combined,10,B2_tfidf_ridge,C1_bert_s1,35.970037943135864,5.997724038347566e-278,2.471062303799197e-275,False
combined,10,B2_tfidf_ridge,C1_bert_s2,17.93926426291059,1.2776641335165534e-71,2.478668419022114e-69,False
combined,10,B2_tfidf_ridge,C2_finbert_s1,40.59898378326849,0.0,0.0,False
combined,10,B2_tfidf_ridge,C2_finbert_s2,22.15027228154687,6.3791908754546065e-108,1.4672139013545596e-105,False
combined,10,B2_tfidf_ridge,C2_finbert_s3,18.838989880008654,9.399447162501792e-79,1.8798894325003584e-76,False
combined,10,B2_tfidf_ridge,C2_finbert_s4,25.882993589746103,3.014366856469019e-146,8.440227198113252e-144,False
combined,10,B2_tfidf_ridge,C3_roberta_s1,4.236052159392618,2.281014024535489e-05,0.0015967098171748423,False
combined,10,B2_tfidf_ridge,C4_longformer,29.795354787062404,1.6228264945256817e-192,5.874631910182968e-190,False
combined,10,B2_tfidf_ridge,C5_qwen3,25.514900645507932,3.2565477796473408e-142,8.727548049454874e-140,False
combined,10,B2_tfidf_ridge,C5_gteqwen2,22.309181714119134,1.9509596299904911e-109,4.565245534177749e-107,False
combined,10,B2_tfidf_ridge,C5_e5mistral,16.917759363315618,6.203524212436311e-64,1.1662625519380265e-61,False
combined,10,B2_tfidf_ridge,D1_concat_mlp,35.996556489587086,2.3929922964182096e-278,9.906988107171388e-276,False
combined,10,B2_tfidf_ridge,D2_gated_fusion,34.24321214056343,1.5014435666085137e-252,6.125889751762736e-250,False
combined,10,B2_tfidf_ridge,D3_qwen3,34.18238248344801,1.1221857216491034e-251,4.533630315462377e-249,False
combined,10,B2_tfidf_ridge,D3_gteqwen2,34.22601156992101,2.6525736808695145e-252,1.0769449144330228e-249,False
combined,10,B2_tfidf_ridge,D3_e5mistral,33.65013833432312,4.283494797389107e-244,1.7133979189556428e-241,False
combined,10,C1_bert_s1,A2_har_rv,20.75246036526914,4.73412175852447e-95,1.0320385433583343e-92,False
combined,10,C1_bert_s1,A3_garch,3.8492251269593742,0.00011871575785331787,0.007835240018318979,False
combined,10,C1_bert_s1,A4_egarch,-1.789012941979426,0.07362191836343264,1.0,False
combined,10,C1_bert_s1,A5_arima,4.164445883443964,3.1290355043980544e-05,0.002127744142990677,False
combined,10,C1_bert_s1,B2_tfidf_ridge,-35.970037943135864,5.997724038347566e-278,2.471062303799197e-275,True
combined,10,C1_bert_s1,C1_bert_s2,-30.020604729187376,2.284114881940976e-195,8.54258965845925e-193,True
combined,10,C1_bert_s1,C2_finbert_s1,-9.22216513058043,3.079606327757224e-20,4.3730409854152574e-18,True
combined,10,C1_bert_s1,C2_finbert_s2,-28.645390088287904,2.8268685335738987e-178,9.554815643479778e-176,True
combined,10,C1_bert_s1,C2_finbert_s3,-25.07817765510298,1.68475058567906e-137,4.4140465344791374e-135,True
combined,10,C1_bert_s1,C2_finbert_s4,-25.77666258856663,4.467382409670455e-145,1.2240627802497047e-142,True
combined,10,C1_bert_s1,C3_roberta_s1,-35.72453795888987,2.879538706549091e-274,1.1806108696851272e-271,True
combined,10,C1_bert_s1,C4_longformer,-22.750333537096328,1.0738899606869548e-113,2.5558581064349525e-111,True
combined,10,C1_bert_s1,C5_qwen3,-19.47763704555894,5.054506250270441e-84,1.0412282875557108e-81,True
combined,10,C1_bert_s1,C5_gteqwen2,-21.184937299010972,6.02481500873649e-99,1.3375089319395007e-96,True
combined,10,C1_bert_s1,C5_e5mistral,-27.410330859895026,1.4226965856412872e-163,4.324997620349513e-161,True
combined,10,C1_bert_s1,D1_concat_mlp,15.309442523653216,1.0050192471751424e-52,1.849235414802262e-50,False
combined,10,C1_bert_s1,D2_gated_fusion,12.632464706375332,1.69952523685558e-36,2.957173912128709e-34,False
combined,10,C1_bert_s1,D3_qwen3,21.3118769238358,4.186304119684606e-100,9.377321228093517e-98,False
combined,10,C1_bert_s1,D3_gteqwen2,22.224136098169893,1.2650087082130431e-108,2.93482020305426e-106,False
combined,10,C1_bert_s1,D3_e5mistral,20.579130345133013,1.638878868956096e-93,3.5399783569451674e-91,False
combined,10,C1_bert_s2,A2_har_rv,27.509588919701052,9.870871027667216e-165,3.059970018576837e-162,False
combined,10,C1_bert_s2,A3_garch,9.29342030007476,1.5830313871153804e-20,2.3112258251884555e-18,False
combined,10,C1_bert_s2,A4_egarch,0.11042755366624228,0.912070974971485,1.0,False
combined,10,C1_bert_s2,A5_arima,9.707647316460946,2.996139355564313e-22,4.614054607569042e-20,False
combined,10,C1_bert_s2,B2_tfidf_ridge,-17.93926426291059,1.2776641335165534e-71,2.478668419022114e-69,True
combined,10,C1_bert_s2,C1_bert_s1,30.020604729187376,2.284114881940976e-195,8.54258965845925e-193,False
combined,10,C1_bert_s2,C2_finbert_s1,33.51592214329461,3.358833451132715e-242,1.330098046648555e-239,False
combined,10,C1_bert_s2,C2_finbert_s2,7.880873439447999,3.3506186945532797e-15,4.0877548073550014e-13,False
combined,10,C1_bert_s2,C2_finbert_s3,7.478606416518196,7.69826013350507e-14,8.314120944185477e-12,False
combined,10,C1_bert_s2,C2_finbert_s4,20.815085956492553,1.3061594656722838e-95,2.8735508244790245e-93,False
combined,10,C1_bert_s2,C3_roberta_s1,-19.902831511453325,1.2611817152545978e-87,2.6232579677295635e-85,True
combined,10,C1_bert_s2,C4_longformer,17.846958664005783,6.591909613260817e-71,1.2656466457460768e-68,False
combined,10,C1_bert_s2,C5_qwen3,9.310861024009547,1.3440691772817528e-20,1.989222382376994e-18,False
combined,10,C1_bert_s2,C5_gteqwen2,7.22161464077822,5.248562145836299e-13,5.458504631669751e-11,False
combined,10,C1_bert_s2,C5_e5mistral,-1.6622127719884772,0.09647963696502214,1.0,False
combined,10,C1_bert_s2,D1_concat_mlp,29.561879520074562,1.3948383137489163e-189,4.965624396946142e-187,False
combined,10,C1_bert_s2,D2_gated_fusion,27.557794323297664,2.69251145687019e-165,8.508336203709801e-163,False
combined,10,C1_bert_s2,D3_qwen3,29.76238613306439,4.226065814185135e-192,1.5213836931066487e-189,False
combined,10,C1_bert_s2,D3_gteqwen2,29.87997892657009,1.3846875157897824e-193,5.067956307790604e-191,False
combined,10,C1_bert_s2,D3_e5mistral,29.161456716746724,1.336773200099445e-184,4.678706200348057e-182,False
combined,10,C2_finbert_s1,A2_har_rv,21.683960352406174,1.5438313564177853e-103,3.489058865504195e-101,False
combined,10,C2_finbert_s1,A3_garch,4.61103063183739,4.021817882883218e-06,0.00030565815909912455,False
combined,10,C2_finbert_s1,A4_egarch,-1.5292490263803875,0.12621232527664358,1.0,False
combined,10,C2_finbert_s1,A5_arima,4.946573775862797,7.590275221288295e-07,6.527636690307933e-05,False
combined,10,C2_finbert_s1,B2_tfidf_ridge,-40.59898378326849,0.0,0.0,True
combined,10,C2_finbert_s1,C1_bert_s1,9.22216513058043,3.079606327757224e-20,4.3730409854152574e-18,False
combined,10,C2_finbert_s1,C1_bert_s2,-33.51592214329461,3.358833451132715e-242,1.330098046648555e-239,True
combined,10,C2_finbert_s1,C2_finbert_s2,-33.99268719159204,5.820271184749672e-249,2.339749016269368e-246,True
combined,10,C2_finbert_s1,C2_finbert_s3,-25.748092060599337,9.201721971110994e-145,2.5028683761421904e-142,True
combined,10,C2_finbert_s1,C2_finbert_s4,-26.129618606930517,5.568601387478209e-149,1.5926199968187678e-146,True
combined,10,C2_finbert_s1,C3_roberta_s1,-42.08369855541247,0.0,0.0,True
combined,10,C2_finbert_s1,C4_longformer,-26.04965709754286,4.312315629568494e-148,1.2160730075383153e-145,True
combined,10,C2_finbert_s1,C5_qwen3,-19.152068211565048,2.5779036180592447e-81,5.2073653084796745e-79,True
combined,10,C2_finbert_s1,C5_gteqwen2,-20.078996931581965,3.8538482699170245e-89,8.09308136682575e-87,True
combined,10,C2_finbert_s1,C5_e5mistral,-30.19099640659486,1.5422972687607194e-197,5.82988367591552e-195,True
combined,10,C2_finbert_s1,D1_concat_mlp,18.363307364596853,6.120868982828305e-75,1.2119320586000044e-72,False
combined,10,C2_finbert_s1,D2_gated_fusion,15.687309311766562,2.929536343768789e-55,5.448937599409948e-53,False
combined,10,C2_finbert_s1,D3_qwen3,22.792928452778003,4.125215509262749e-114,9.900517222230598e-112,False
combined,10,C2_finbert_s1,D3_gteqwen2,23.43362640229005,1.8837243196221176e-120,4.558612853485524e-118,False
combined,10,C2_finbert_s1,D3_e5mistral,22.063472555637738,4.2423638758385273e-107,9.672589636911842e-105,False
combined,10,C2_finbert_s2,A2_har_rv,27.51189050083478,9.277673162310637e-165,2.894634026640919e-162,False
combined,10,C2_finbert_s2,A3_garch,8.882114413588983,6.885182919697181e-19,9.50155242918211e-17,False
combined,10,C2_finbert_s2,A4_egarch,-0.0661961254034312,0.9472220833065891,1.0,False
combined,10,C2_finbert_s2,A5_arima,9.292202439011184,1.6012061698023562e-20,2.3112258251884555e-18,False
combined,10,C2_finbert_s2,B2_tfidf_ridge,-22.15027228154687,6.3791908754546065e-108,1.4672139013545596e-105,True
combined,10,C2_finbert_s2,C1_bert_s1,28.645390088287904,2.8268685335738987e-178,9.554815643479778e-176,False
combined,10,C2_finbert_s2,C1_bert_s2,-7.880873439447999,3.3506186945532797e-15,4.0877548073550014e-13,True
combined,10,C2_finbert_s2,C2_finbert_s1,33.99268719159204,5.820271184749672e-249,2.339749016269368e-246,False
combined,10,C2_finbert_s2,C2_finbert_s3,1.7525530003646268,0.07968806971710651,1.0,False
combined,10,C2_finbert_s2,C2_finbert_s4,14.108251142086935,4.5721645685094215e-45,8.047009640576582e-43,False
combined,10,C2_finbert_s2,C3_roberta_s1,-24.53710759606986,9.083408130454177e-132,2.2890188488744527e-129,True
combined,10,C2_finbert_s2,C4_longformer,14.89984543800559,4.810403721009553e-50,8.754934772237386e-48,False
combined,10,C2_finbert_s2,C5_qwen3,7.345882147776293,2.0913978599930697e-13,2.2168817315926537e-11,False
combined,10,C2_finbert_s2,C5_gteqwen2,5.209764961654225,1.9021697791172952e-07,1.7119528012055658e-05,False
combined,10,C2_finbert_s2,C5_e5mistral,-5.03694302990179,4.7552160922953044e-07,4.184590161219868e-05,True
combined,10,C2_finbert_s2,D1_concat_mlp,29.61165824402222,3.3170336812191035e-190,1.187498057876439e-187,False
combined,10,C2_finbert_s2,D2_gated_fusion,27.417643487443772,1.1691749170612633e-163,3.601058744548691e-161,False
combined,10,C2_finbert_s2,D3_qwen3,29.932912403232645,2.9598662972460825e-194,1.0892307973865583e-191,False
combined,10,C2_finbert_s2,D3_gteqwen2,29.99893775744902,4.304207280724807e-195,1.6011651084296282e-192,False
combined,10,C2_finbert_s2,D3_e5mistral,29.24586706858973,1.2058297381503883e-185,4.244520678289367e-183,False
combined,10,C2_finbert_s3,A2_har_rv,26.08995629695443,1.5382035908678666e-148,4.368498198064741e-146,False
combined,10,C2_finbert_s3,A3_garch,8.584878906176678,9.48594389596061e-18,1.290088369850643e-15,False
combined,10,C2_finbert_s3,A4_egarch,-0.13160033061376233,0.8953012279056715,1.0,False
combined,10,C2_finbert_s3,A5_arima,8.999926797656732,2.376729689743488e-19,3.327421565640883e-17,False
combined,10,C2_finbert_s3,B2_tfidf_ridge,-18.838989880008654,9.399447162501792e-79,1.8798894325003584e-76,True
combined,10,C2_finbert_s3,C1_bert_s1,25.07817765510298,1.68475058567906e-137,4.4140465344791374e-135,False
combined,10,C2_finbert_s3,C1_bert_s2,-7.478606416518196,7.69826013350507e-14,8.314120944185477e-12,True
combined,10,C2_finbert_s3,C2_finbert_s1,25.748092060599337,9.201721971110994e-145,2.5028683761421904e-142,False
combined,10,C2_finbert_s3,C2_finbert_s2,-1.7525530003646268,0.07968806971710651,1.0,False
combined,10,C2_finbert_s3,C2_finbert_s4,10.713504029226605,9.736632462546186e-27,1.5578611940073897e-24,False
combined,10,C2_finbert_s3,C3_roberta_s1,-19.223334949656095,6.643119138884115e-82,1.3551963043323596e-79,True
combined,10,C2_finbert_s3,C4_longformer,7.933148649083704,2.203804399839357e-15,2.732717455800803e-13,False
combined,10,C2_finbert_s3,C5_qwen3,4.904814136133835,9.39611683481511e-07,7.892738141244693e-05,False
combined,10,C2_finbert_s3,C5_gteqwen2,3.4174515304350424,0.0006328675673146388,0.03797205403887833,False
combined,10,C2_finbert_s3,C5_e5mistral,-4.818164247498767,1.455291966697322e-06,0.0001193339412691804,True
combined,10,C2_finbert_s3,D1_concat_mlp,26.96237698462356,2.152446375368796e-158,6.414290198599012e-156,False
combined,10,C2_finbert_s3,D2_gated_fusion,24.92065195608709,8.084148283131481e-136,2.085710257047922e-133,False
combined,10,C2_finbert_s3,D3_qwen3,28.033078399828465,6.562849714434535e-171,2.178866105192266e-168,False
combined,10,C2_finbert_s3,D3_gteqwen2,28.286885339606577,6.057244697905279e-174,2.0231197291003632e-171,False
combined,10,C2_finbert_s3,D3_e5mistral,27.539605789714493,4.396907971619042e-165,1.380629103088379e-162,False
combined,10,C2_finbert_s4,A2_har_rv,25.61056350595231,2.9498908797340685e-143,7.964705375281986e-141,False
combined,10,C2_finbert_s4,A3_garch,7.580444094109887,3.5341064655022273e-14,3.88751711205245e-12,False
combined,10,C2_finbert_s4,A4_egarch,-0.5280323461137134,0.5974804434069517,1.0,False
combined,10,C2_finbert_s4,A5_arima,7.939150770306906,2.0999421059849966e-15,2.6459270535410956e-13,False
combined,10,C2_finbert_s4,B2_tfidf_ridge,-25.882993589746103,3.014366856469019e-146,8.440227198113252e-144,True
combined,10,C2_finbert_s4,C1_bert_s1,25.77666258856663,4.467382409670455e-145,1.2240627802497047e-142,False
combined,10,C2_finbert_s4,C1_bert_s2,-20.815085956492553,1.3061594656722838e-95,2.8735508244790245e-93,True
combined,10,C2_finbert_s4,C2_finbert_s1,26.129618606930517,5.568601387478209e-149,1.5926199968187678e-146,False
combined,10,C2_finbert_s4,C2_finbert_s2,-14.108251142086935,4.5721645685094215e-45,8.047009640576582e-43,True
combined,10,C2_finbert_s4,C2_finbert_s3,-10.713504029226605,9.736632462546186e-27,1.5578611940073897e-24,True
combined,10,C2_finbert_s4,C3_roberta_s1,-28.928614783052534,9.844112646699604e-182,3.406062975758063e-179,True
combined,10,C2_finbert_s4,C4_longformer,-0.7588284711023182,0.4479606026124274,1.0,False
combined,10,C2_finbert_s4,C5_qwen3,-0.19848232189326512,0.8426689398629053,1.0,False
combined,10,C2_finbert_s4,C5_gteqwen2,-1.5613748449747733,0.11844494222666341,1.0,False
combined,10,C2_finbert_s4,C5_e5mistral,-11.441098347916258,2.97245523344255e-30,4.934275687514633e-28,True
combined,10,C2_finbert_s4,D1_concat_mlp,25.78168690728857,3.933978988509748e-145,1.0857782008286905e-142,False
combined,10,C2_finbert_s4,D2_gated_fusion,23.64126177374829,1.5271859551150493e-122,3.7568774495830214e-120,False
combined,10,C2_finbert_s4,D3_qwen3,27.41243357329446,1.3446405284695277e-163,4.1146000171167545e-161,False
combined,10,C2_finbert_s4,D3_gteqwen2,27.787077360381314,5.41684949293278e-168,1.7442255367243552e-165,False
combined,10,C2_finbert_s4,D3_e5mistral,26.799310504538738,1.578709692508696e-156,4.6098323021253926e-154,False
combined,10,C3_roberta_s1,A2_har_rv,29.972982097972732,9.189430669261585e-195,3.4000893476267866e-192,False
combined,10,C3_roberta_s1,A3_garch,11.187351426831684,5.304943463028827e-29,8.5940084101067e-27,False
combined,10,C3_roberta_s1,A4_egarch,0.8038662702172075,0.42148001396771184,1.0,False
combined,10,C3_roberta_s1,A5_arima,11.61573496346571,3.9428917501042527e-31,6.624058140175145e-29,False
combined,10,C3_roberta_s1,B2_tfidf_ridge,-4.236052159392618,2.281014024535489e-05,0.0015967098171748423,True
combined,10,C3_roberta_s1,C1_bert_s1,35.72453795888987,2.879538706549091e-274,1.1806108696851272e-271,False
combined,10,C3_roberta_s1,C1_bert_s2,19.902831511453325,1.2611817152545978e-87,2.6232579677295635e-85,False
combined,10,C3_roberta_s1,C2_finbert_s1,42.08369855541247,0.0,0.0,False
combined,10,C3_roberta_s1,C2_finbert_s2,24.53710759606986,9.083408130454177e-132,2.2890188488744527e-129,False
combined,10,C3_roberta_s1,C2_finbert_s3,19.223334949656095,6.643119138884115e-82,1.3551963043323596e-79,False
combined,10,C3_roberta_s1,C2_finbert_s4,28.928614783052534,9.844112646699604e-182,3.406062975758063e-179,False
combined,10,C3_roberta_s1,C4_longformer,36.66097331557993,1.9610813538855097e-288,8.15809843216372e-286,False
combined,10,C3_roberta_s1,C5_qwen3,20.280696882806758,6.847339779679271e-91,1.4516360332920054e-88,False
combined,10,C3_roberta_s1,C5_gteqwen2,17.381787669044847,2.267567786442702e-67,4.308378794241134e-65,False
combined,10,C3_roberta_s1,C5_e5mistral,11.327753658602667,1.0853236422632429e-29,1.7799307733117183e-27,False
combined,10,C3_roberta_s1,D1_concat_mlp,33.54056904624767,1.5095221524062594e-242,6.007898166576912e-240,False
combined,10,C3_roberta_s1,D2_gated_fusion,31.810779296976293,9.482956304383849e-219,3.6793870461009336e-216,False
combined,10,C3_roberta_s1,D3_qwen3,32.43005501875823,3.9133867672778104e-227,1.5340476127729016e-224,False
combined,10,C3_roberta_s1,D3_gteqwen2,32.438516581328656,2.998767540416413e-227,1.1815144109240667e-224,False
combined,10,C3_roberta_s1,D3_e5mistral,31.85378479271741,2.5095124170740122e-219,9.787098426588648e-217,False
combined,10,C4_longformer,A2_har_rv,25.78335076383131,3.771748381435297e-145,1.0485460500390127e-142,False
combined,10,C4_longformer,A3_garch,7.607065456930711,2.878503067801484e-14,3.2239234359376624e-12,False
combined,10,C4_longformer,A4_egarch,-0.5014118100756136,0.6160846813889191,1.0,False
combined,10,C4_longformer,A5_arima,7.986020593681367,1.4386705665852863e-15,1.8414983252291664e-13,False
combined,10,C4_longformer,B2_tfidf_ridge,-29.795354787062404,1.6228264945256817e-192,5.874631910182968e-190,True
combined,10,C4_longformer,C1_bert_s1,22.750333537096328,1.0738899606869548e-113,2.5558581064349525e-111,False
combined,10,C4_longformer,C1_bert_s2,-17.846958664005783,6.591909613260817e-71,1.2656466457460768e-68,True
combined,10,C4_longformer,C2_finbert_s1,26.04965709754286,4.312315629568494e-148,1.2160730075383153e-145,False
combined,10,C4_longformer,C2_finbert_s2,-14.89984543800559,4.810403721009553e-50,8.754934772237386e-48,True
combined,10,C4_longformer,C2_finbert_s3,-7.933148649083704,2.203804399839357e-15,2.732717455800803e-13,True
combined,10,C4_longformer,C2_finbert_s4,0.7588284711023182,0.4479606026124274,1.0,False
combined,10,C4_longformer,C3_roberta_s1,-36.66097331557993,1.9610813538855097e-288,8.15809843216372e-286,True
combined,10,C4_longformer,C5_qwen3,0.24031120118522725,0.8100905078837176,1.0,False
combined,10,C4_longformer,C5_gteqwen2,-1.3757257144272963,0.16891592369051117,1.0,False
combined,10,C4_longformer,C5_e5mistral,-14.271213602844048,4.5399992650483974e-46,8.081198691786147e-44,True
combined,10,C4_longformer,D1_concat_mlp,26.78224998171723,2.4708079028623317e-156,7.165342918300762e-154,False
combined,10,C4_longformer,D2_gated_fusion,24.613159532374024,1.4449738219361023e-132,3.6702335077176995e-130,False
combined,10,C4_longformer,D3_qwen3,27.847552729244697,1.0447242696980316e-168,3.3849066338216227e-166,False
combined,10,C4_longformer,D3_gteqwen2,28.028080175880937,7.526552139667105e-171,2.4837622060901445e-168,False
combined,10,C4_longformer,D3_e5mistral,27.161330991457454,1.102591684775402e-160,3.307775054326206e-158,False
combined,10,C5_qwen3,A2_har_rv,26.838288546129505,5.667638112537142e-157,1.6662856050859196e-154,False
combined,10,C5_qwen3,A3_garch,7.65741752834172,1.9489159633631164e-14,2.221764198233953e-12,False
combined,10,C5_qwen3,A4_egarch,-0.5156951562057099,0.6060708000428152,1.0,False
combined,10,C5_qwen3,A5_arima,8.047798283073337,8.710551922499806e-16,1.1497928537699744e-13,False
combined,10,C5_qwen3,B2_tfidf_ridge,-25.514900645507932,3.2565477796473408e-142,8.727548049454874e-140,True
combined,10,C5_qwen3,C1_bert_s1,19.47763704555894,5.054506250270441e-84,1.0412282875557108e-81,False
combined,10,C5_qwen3,C1_bert_s2,-9.310861024009547,1.3440691772817528e-20,1.989222382376994e-18,True
combined,10,C5_qwen3,C2_finbert_s1,19.152068211565048,2.5779036180592447e-81,5.2073653084796745e-79,False
combined,10,C5_qwen3,C2_finbert_s2,-7.345882147776293,2.0913978599930697e-13,2.2168817315926537e-11,True
combined,10,C5_qwen3,C2_finbert_s3,-4.904814136133835,9.39611683481511e-07,7.892738141244693e-05,True
combined,10,C5_qwen3,C2_finbert_s4,0.19848232189326512,0.8426689398629053,1.0,False
combined,10,C5_qwen3,C3_roberta_s1,-20.280696882806758,6.847339779679271e-91,1.4516360332920054e-88,True
combined,10,C5_qwen3,C4_longformer,-0.24031120118522725,0.8100905078837176,1.0,False
combined,10,C5_qwen3,C5_gteqwen2,-3.6280748092869874,0.0002859740509421907,0.017730391158415824,True
combined,10,C5_qwen3,C5_e5mistral,-25.35114770389194,1.9470200282688586e-140,5.140132874629787e-138,True
combined,10,C5_qwen3,D1_concat_mlp,27.192132570145,4.8569859815502675e-161,1.4668097664281808e-158,False
combined,10,C5_qwen3,D2_gated_fusion,24.69598151013319,1.939546041766528e-133,4.965237866922312e-131,False
combined,10,C5_qwen3,D3_qwen3,28.805097248052473,3.20091557561017e-180,1.0947131268586781e-177,False
combined,10,C5_qwen3,D3_gteqwen2,28.890492881921936,2.887474749067405e-181,9.932913136791873e-179,False
combined,10,C5_qwen3,D3_e5mistral,27.897766711288646,2.657114788777015e-169,8.662194211413069e-167,False
combined,10,C5_gteqwen2,A2_har_rv,27.715187564917315,3.814807765298445e-167,1.2207384848955023e-164,False
combined,10,C5_gteqwen2,A3_garch,8.02707616460821,1.0311509644588044e-15,1.3404962537964458e-13,False
combined,10,C5_gteqwen2,A4_egarch,-0.41827022201128644,0.675752286165865,1.0,False
combined,10,C5_gteqwen2,A5_arima,8.41490422204019,4.088854571905589e-17,5.47906512635349e-15,False
combined,10,C5_gteqwen2,B2_tfidf_ridge,-22.309181714119134,1.9509596299904911e-109,4.565245534177749e-107,True
combined,10,C5_gteqwen2,C1_bert_s1,21.184937299010972,6.02481500873649e-99,1.3375089319395007e-96,False
combined,10,C5_gteqwen2,C1_bert_s2,-7.22161464077822,5.248562145836299e-13,5.458504631669751e-11,True
combined,10,C5_gteqwen2,C2_finbert_s1,20.078996931581965,3.8538482699170245e-89,8.09308136682575e-87,False
combined,10,C5_gteqwen2,C2_finbert_s2,-5.209764961654225,1.9021697791172952e-07,1.7119528012055658e-05,True
combined,10,C5_gteqwen2,C2_finbert_s3,-3.4174515304350424,0.0006328675673146388,0.03797205403887833,True
combined,10,C5_gteqwen2,C2_finbert_s4,1.5613748449747733,0.11844494222666341,1.0,False
combined,10,C5_gteqwen2,C3_roberta_s1,-17.381787669044847,2.267567786442702e-67,4.308378794241134e-65,True
combined,10,C5_gteqwen2,C4_longformer,1.3757257144272963,0.16891592369051117,1.0,False
combined,10,C5_gteqwen2,C5_qwen3,3.6280748092869874,0.0002859740509421907,0.017730391158415824,False
combined,10,C5_gteqwen2,C5_e5mistral,-18.1016677631312,6.981919648454175e-73,1.3684562510970183e-70,True
combined,10,C5_gteqwen2,D1_concat_mlp,27.90108836949092,2.4268454781244685e-169,7.960053168248256e-167,False
combined,10,C5_gteqwen2,D2_gated_fusion,25.455290539051642,1.4479626335909003e-141,3.8515806053517946e-139,False
combined,10,C5_gteqwen2,D3_qwen3,29.27580622896221,5.1290048949470224e-186,1.815667732811246e-183,False
combined,10,C5_gteqwen2,D3_gteqwen2,29.874423341443926,1.6278500529991454e-193,5.925374192916889e-191,False
combined,10,C5_gteqwen2,D3_e5mistral,28.683477297481936,9.730724670172542e-179,3.308446387858664e-176,False
combined,10,C5_e5mistral,A2_har_rv,28.55909841617486,3.1513518165466876e-177,1.058854210359687e-174,False
combined,10,C5_e5mistral,A3_garch,9.580870199016749,1.0271697204991949e-21,1.5612979751587762e-19,False
combined,10,C5_e5mistral,A4_egarch,0.2086187562257097,0.8347471575666244,1.0,False
combined,10,C5_e5mistral,A5_arima,10.008698508885074,1.5082905596393206e-23,2.3830990842301265e-21,False
combined,10,C5_e5mistral,B2_tfidf_ridge,-16.917759363315618,6.203524212436311e-64,1.1662625519380265e-61,True
combined,10,C5_e5mistral,C1_bert_s1,27.410330859895026,1.4226965856412872e-163,4.324997620349513e-161,False
combined,10,C5_e5mistral,C1_bert_s2,1.6622127719884772,0.09647963696502214,1.0,False
combined,10,C5_e5mistral,C2_finbert_s1,30.19099640659486,1.5422972687607194e-197,5.82988367591552e-195,False
combined,10,C5_e5mistral,C2_finbert_s2,5.03694302990179,4.7552160922953044e-07,4.184590161219868e-05,False
combined,10,C5_e5mistral,C2_finbert_s3,4.818164247498767,1.455291966697322e-06,0.0001193339412691804,False
combined,10,C5_e5mistral,C2_finbert_s4,11.441098347916258,2.97245523344255e-30,4.934275687514633e-28,False
combined,10,C5_e5mistral,C3_roberta_s1,-11.327753658602667,1.0853236422632429e-29,1.7799307733117183e-27,True
combined,10,C5_e5mistral,C4_longformer,14.271213602844048,4.5399992650483974e-46,8.081198691786147e-44,False
combined,10,C5_e5mistral,C5_qwen3,25.35114770389194,1.9470200282688586e-140,5.140132874629787e-138,False
combined,10,C5_e5mistral,C5_gteqwen2,18.1016677631312,6.981919648454175e-73,1.3684562510970183e-70,False
combined,10,C5_e5mistral,D1_concat_mlp,31.104776225825212,2.2405248456150324e-209,8.603615407161724e-207,False
combined,10,C5_e5mistral,D2_gated_fusion,28.98729911636488,1.8733347753489192e-182,6.519205018214239e-180,False
combined,10,C5_e5mistral,D3_qwen3,30.64305656108439,2.362662046722398e-203,8.978115777545111e-201,False
combined,10,C5_e5mistral,D3_gteqwen2,30.81199115041401,1.5118902675672656e-205,5.775420822106954e-203,False
combined,10,C5_e5mistral,D3_e5mistral,30.111485586124797,1.593923210844847e-196,5.993151272776625e-194,False
combined,10,D1_concat_mlp,A2_har_rv,20.476904830820555,1.3077335818211316e-92,2.7985498650972216e-90,False
combined,10,D1_concat_mlp,A3_garch,-0.7244501290929838,0.4687945802149971,1.0,False
combined,10,D1_concat_mlp,A4_egarch,-3.1578169826146287,0.0015909875937571677,0.09227728043791572,False
combined,10,D1_concat_mlp,A5_arima,-0.4219279925837218,0.6730803313301327,1.0,False
combined,10,D1_concat_mlp,B2_tfidf_ridge,-35.996556489587086,2.3929922964182096e-278,9.906988107171388e-276,True
combined,10,D1_concat_mlp,C1_bert_s1,-15.309442523653216,1.0050192471751424e-52,1.849235414802262e-50,True
combined,10,D1_concat_mlp,C1_bert_s2,-29.561879520074562,1.3948383137489163e-189,4.965624396946142e-187,True
combined,10,D1_concat_mlp,C2_finbert_s1,-18.363307364596853,6.120868982828305e-75,1.2119320586000044e-72,True
combined,10,D1_concat_mlp,C2_finbert_s2,-29.61165824402222,3.3170336812191035e-190,1.187498057876439e-187,True
combined,10,D1_concat_mlp,C2_finbert_s3,-26.96237698462356,2.152446375368796e-158,6.414290198599012e-156,True
combined,10,D1_concat_mlp,C2_finbert_s4,-25.78168690728857,3.933978988509748e-145,1.0857782008286905e-142,True
combined,10,D1_concat_mlp,C3_roberta_s1,-33.54056904624767,1.5095221524062594e-242,6.007898166576912e-240,True
combined,10,D1_concat_mlp,C4_longformer,-26.78224998171723,2.4708079028623317e-156,7.165342918300762e-154,True
combined,10,D1_concat_mlp,C5_qwen3,-27.192132570145,4.8569859815502675e-161,1.4668097664281808e-158,True
combined,10,D1_concat_mlp,C5_gteqwen2,-27.90108836949092,2.4268454781244685e-169,7.960053168248256e-167,True
combined,10,D1_concat_mlp,C5_e5mistral,-31.104776225825212,2.2405248456150324e-209,8.603615407161724e-207,True
combined,10,D1_concat_mlp,D2_gated_fusion,-23.554990684533287,1.134744701159352e-121,2.768777070828819e-119,True
combined,10,D1_concat_mlp,D3_qwen3,24.16171040357066,7.317309876913105e-128,1.8293274692282763e-125,False
combined,10,D1_concat_mlp,D3_gteqwen2,25.00185382559621,1.1023647814990695e-136,2.8661484318975806e-134,False
combined,10,D1_concat_mlp,D3_e5mistral,23.740864388447545,1.4944270158708108e-123,3.706178999359611e-121,False
combined,10,D2_gated_fusion,A2_har_rv,22.68574703953948,4.5663521758017683e-113,1.0776591134892173e-110,False
combined,10,D2_gated_fusion,A3_garch,0.09901439695898583,0.9211274417908459,1.0,False
combined,10,D2_gated_fusion,A4_egarch,-2.930686560917785,0.0033844611856176424,0.1759919816521174,False
combined,10,D2_gated_fusion,A5_arima,0.4237040501089556,0.6717844282424693,1.0,False
combined,10,D2_gated_fusion,B2_tfidf_ridge,-34.24321214056343,1.5014435666085137e-252,6.125889751762736e-250,True
combined,10,D2_gated_fusion,C1_bert_s1,-12.632464706375332,1.69952523685558e-36,2.957173912128709e-34,True
combined,10,D2_gated_fusion,C1_bert_s2,-27.557794323297664,2.69251145687019e-165,8.508336203709801e-163,True
combined,10,D2_gated_fusion,C2_finbert_s1,-15.687309311766562,2.929536343768789e-55,5.448937599409948e-53,True
combined,10,D2_gated_fusion,C2_finbert_s2,-27.417643487443772,1.1691749170612633e-163,3.601058744548691e-161,True
combined,10,D2_gated_fusion,C2_finbert_s3,-24.92065195608709,8.084148283131481e-136,2.085710257047922e-133,True
combined,10,D2_gated_fusion,C2_finbert_s4,-23.64126177374829,1.5271859551150493e-122,3.7568774495830214e-120,True
combined,10,D2_gated_fusion,C3_roberta_s1,-31.810779296976293,9.482956304383849e-219,3.6793870461009336e-216,True
combined,10,D2_gated_fusion,C4_longformer,-24.613159532374024,1.4449738219361023e-132,3.6702335077176995e-130,True
combined,10,D2_gated_fusion,C5_qwen3,-24.69598151013319,1.939546041766528e-133,4.965237866922312e-131,True
combined,10,D2_gated_fusion,C5_gteqwen2,-25.455290539051642,1.4479626335909003e-141,3.8515806053517946e-139,True
combined,10,D2_gated_fusion,C5_e5mistral,-28.98729911636488,1.8733347753489192e-182,6.519205018214239e-180,True
combined,10,D2_gated_fusion,D1_concat_mlp,23.554990684533287,1.134744701159352e-121,2.768777070828819e-119,False
combined,10,D2_gated_fusion,D3_qwen3,26.86505857681825,2.802129565196822e-157,8.294303512982594e-155,False
combined,10,D2_gated_fusion,D3_gteqwen2,27.631208957535836,3.707684607623276e-166,1.1790437052242018e-163,False
combined,10,D2_gated_fusion,D3_e5mistral,26.74889563635186,5.926909426872493e-156,1.7069499149392782e-153,False
combined,10,D3_qwen3,A2_har_rv,7.834647319352956,4.8423212036674506e-15,5.810785444400941e-13,False
combined,10,D3_qwen3,A3_garch,-5.9501022970789315,2.706787466769256e-09,2.652651717433871e-07,True
combined,10,D3_qwen3,A4_egarch,-4.46613759785359,7.990896348370117e-06,0.0005913263297793887,True
combined,10,D3_qwen3,A5_arima,-5.796321624860241,6.84025889209823e-09,6.566648536414301e-07,True
combined,10,D3_qwen3,B2_tfidf_ridge,-34.18238248344801,1.1221857216491034e-251,4.533630315462377e-249,True
combined,10,D3_qwen3,C1_bert_s1,-21.3118769238358,4.186304119684606e-100,9.377321228093517e-98,True
combined,10,D3_qwen3,C1_bert_s2,-29.76238613306439,4.226065814185135e-192,1.5213836931066487e-189,True
combined,10,D3_qwen3,C2_finbert_s1,-22.792928452778003,4.125215509262749e-114,9.900517222230598e-112,True
combined,10,D3_qwen3,C2_finbert_s2,-29.932912403232645,2.9598662972460825e-194,1.0892307973865583e-191,True
combined,10,D3_qwen3,C2_finbert_s3,-28.033078399828465,6.562849714434535e-171,2.178866105192266e-168,True
combined,10,D3_qwen3,C2_finbert_s4,-27.41243357329446,1.3446405284695277e-163,4.1146000171167545e-161,True
combined,10,D3_qwen3,C3_roberta_s1,-32.43005501875823,3.9133867672778104e-227,1.5340476127729016e-224,True
combined,10,D3_qwen3,C4_longformer,-27.847552729244697,1.0447242696980316e-168,3.3849066338216227e-166,True
combined,10,D3_qwen3,C5_qwen3,-28.805097248052473,3.20091557561017e-180,1.0947131268586781e-177,True
combined,10,D3_qwen3,C5_gteqwen2,-29.27580622896221,5.1290048949470224e-186,1.815667732811246e-183,True
combined,10,D3_qwen3,C5_e5mistral,-30.64305656108439,2.362662046722398e-203,8.978115777545111e-201,True
combined,10,D3_qwen3,D1_concat_mlp,-24.16171040357066,7.317309876913105e-128,1.8293274692282763e-125,True
combined,10,D3_qwen3,D2_gated_fusion,-26.86505857681825,2.802129565196822e-157,8.294303512982594e-155,True
combined,10,D3_qwen3,D3_gteqwen2,9.761858258519,1.7606227656111724e-22,2.746571514353429e-20,False
combined,10,D3_qwen3,D3_e5mistral,-2.6581078204132695,0.007861870095951682,0.3930935047975841,False
combined,10,D3_gteqwen2,A2_har_rv,3.826201245785799,0.00013037608941397552,0.008344069722494433,False
combined,10,D3_gteqwen2,A3_garch,-6.819268428274569,9.308341700758444e-12,9.494508534773613e-10,True
combined,10,D3_gteqwen2,A4_egarch,-4.654694062743444,3.257251771824266e-06,0.00025406563820229276,True
combined,10,D3_gteqwen2,A5_arima,-6.664689092422275,2.69404583209261e-11,2.6940458320926103e-09,True
combined,10,D3_gteqwen2,B2_tfidf_ridge,-34.22601156992101,2.6525736808695145e-252,1.0769449144330228e-249,True
combined,10,D3_gteqwen2,C1_bert_s1,-22.224136098169893,1.2650087082130431e-108,2.93482020305426e-106,True
combined,10,D3_gteqwen2,C1_bert_s2,-29.87997892657009,1.3846875157897824e-193,5.067956307790604e-191,True
combined,10,D3_gteqwen2,C2_finbert_s1,-23.43362640229005,1.8837243196221176e-120,4.558612853485524e-118,True
combined,10,D3_gteqwen2,C2_finbert_s2,-29.99893775744902,4.304207280724807e-195,1.6011651084296282e-192,True
combined,10,D3_gteqwen2,C2_finbert_s3,-28.286885339606577,6.057244697905279e-174,2.0231197291003632e-171,True
combined,10,D3_gteqwen2,C2_finbert_s4,-27.787077360381314,5.41684949293278e-168,1.7442255367243552e-165,True
combined,10,D3_gteqwen2,C3_roberta_s1,-32.438516581328656,2.998767540416413e-227,1.1815144109240667e-224,True
combined,10,D3_gteqwen2,C4_longformer,-28.028080175880937,7.526552139667105e-171,2.4837622060901445e-168,True
combined,10,D3_gteqwen2,C5_qwen3,-28.890492881921936,2.887474749067405e-181,9.932913136791873e-179,True
combined,10,D3_gteqwen2,C5_gteqwen2,-29.874423341443926,1.6278500529991454e-193,5.925374192916889e-191,True
combined,10,D3_gteqwen2,C5_e5mistral,-30.81199115041401,1.5118902675672656e-205,5.775420822106954e-203,True
combined,10,D3_gteqwen2,D1_concat_mlp,-25.00185382559621,1.1023647814990695e-136,2.8661484318975806e-134,True
combined,10,D3_gteqwen2,D2_gated_fusion,-27.631208957535836,3.707684607623276e-166,1.1790437052242018e-163,True
combined,10,D3_gteqwen2,D3_qwen3,-9.761858258519,1.7606227656111724e-22,2.746571514353429e-20,True
combined,10,D3_gteqwen2,D3_e5mistral,-14.58803607624977,4.728365586105704e-48,8.511058054990267e-46,True
combined,10,D3_e5mistral,A2_har_rv,9.496532842061287,2.311027885512928e-21,3.466541828269392e-19,False
combined,10,D3_e5mistral,A3_garch,-5.792335513574798,7.0044817638242625e-09,6.584212857994807e-07,True
combined,10,D3_e5mistral,A4_egarch,-4.423192264912626,9.756445484654343e-06,0.0007024640748951127,True
combined,10,D3_e5mistral,A5_arima,-5.627707111373186,1.8410313066985005e-08,1.6937488021626204e-06,True
combined,10,D3_e5mistral,B2_tfidf_ridge,-33.65013833432312,4.283494797389107e-244,1.7133979189556428e-241,True
combined,10,D3_e5mistral,C1_bert_s1,-20.579130345133013,1.638878868956096e-93,3.5399783569451674e-91,True
combined,10,D3_e5mistral,C1_bert_s2,-29.161456716746724,1.336773200099445e-184,4.678706200348057e-182,True
combined,10,D3_e5mistral,C2_finbert_s1,-22.063472555637738,4.2423638758385273e-107,9.672589636911842e-105,True
combined,10,D3_e5mistral,C2_finbert_s2,-29.24586706858973,1.2058297381503883e-185,4.244520678289367e-183,True
combined,10,D3_e5mistral,C2_finbert_s3,-27.539605789714493,4.396907971619042e-165,1.380629103088379e-162,True
combined,10,D3_e5mistral,C2_finbert_s4,-26.799310504538738,1.578709692508696e-156,4.6098323021253926e-154,True
combined,10,D3_e5mistral,C3_roberta_s1,-31.85378479271741,2.5095124170740122e-219,9.787098426588648e-217,True
combined,10,D3_e5mistral,C4_longformer,-27.161330991457454,1.102591684775402e-160,3.307775054326206e-158,True
combined,10,D3_e5mistral,C5_qwen3,-27.897766711288646,2.657114788777015e-169,8.662194211413069e-167,True
combined,10,D3_e5mistral,C5_gteqwen2,-28.683477297481936,9.730724670172542e-179,3.308446387858664e-176,True
combined,10,D3_e5mistral,C5_e5mistral,-30.111485586124797,1.593923210844847e-196,5.993151272776625e-194,True
combined,10,D3_e5mistral,D1_concat_mlp,-23.740864388447545,1.4944270158708108e-123,3.706178999359611e-121,True
combined,10,D3_e5mistral,D2_gated_fusion,-26.74889563635186,5.926909426872493e-156,1.7069499149392782e-153,True
combined,10,D3_e5mistral,D3_qwen3,2.6581078204132695,0.007861870095951682,0.3930935047975841,False
combined,10,D3_e5mistral,D3_gteqwen2,14.58803607624977,4.728365586105704e-48,8.511058054990267e-46,False
combined,20,A2_har_rv,A3_garch,-8.299944824326616,1.0812402571934822e-16,1.470486749783136e-14,True
combined,20,A2_har_rv,A4_egarch,-4.818512289896807,1.4528171303948192e-06,0.00011622537043158553,True
combined,20,A2_har_rv,A5_arima,-5.97939338947516,2.2629501115186058e-09,2.35346811597935e-07,True
combined,20,A2_har_rv,B2_tfidf_ridge,-29.189491230058536,6.31968108337658e-185,2.4646756225168662e-182,True
combined,20,A2_har_rv,C1_bert_s1,-26.319398588736668,4.36153919643456e-151,1.456754091609143e-148,True
combined,20,A2_har_rv,C1_bert_s2,-24.823711677983372,8.879335141010664e-135,2.7881112342773486e-132,True
combined,20,A2_har_rv,C2_finbert_s1,-22.955594321640127,1.0715477381818776e-115,2.9789027121456196e-113,True
combined,20,A2_har_rv,C2_finbert_s2,-24.8161412803379,1.0680722457141104e-134,3.332385406628024e-132,True
combined,20,A2_har_rv,C2_finbert_s3,-23.464037090591525,9.525232979998817e-121,2.705166166319664e-118,True
combined,20,A2_har_rv,C2_finbert_s4,-22.19229255380457,2.585453466101499e-108,6.929015289152017e-106,True
combined,20,A2_har_rv,C3_roberta_s1,-25.2935655211647,8.387276726418084e-140,2.7174776593594593e-137,True
combined,20,A2_har_rv,C4_longformer,-22.849560510217067,1.174789696511795e-114,3.242419562372554e-112,True
combined,20,A2_har_rv,C5_qwen3,-25.96806421296686,3.5692520164909705e-147,1.1778531654420202e-144,True
combined,20,A2_har_rv,C5_gteqwen2,-26.372580041406003,1.1039754370131869e-151,3.709357468364308e-149,True
combined,20,A2_har_rv,C5_e5mistral,-27.077255720296264,1.0670322469081549e-159,3.755953509116705e-157,True
combined,20,A2_har_rv,D1_concat_mlp,-17.932734715806284,1.4456237372242306e-71,3.411672019849184e-69,True
combined,20,A2_har_rv,D2_gated_fusion,-24.569948940446565,4.212975293707449e-132,1.3060223410493092e-129,True
combined,20,A2_har_rv,D3_qwen3,-7.604721003904659,2.931779269998281e-14,3.6940418801978335e-12,True
combined,20,A2_har_rv,D3_gteqwen2,-0.5157668242868586,0.6060207702950093,1.0,False
combined,20,A2_har_rv,D3_e5mistral,-8.916389434350844,5.062100430189586e-19,7.593150645284378e-17,True
combined,20,A3_garch,A2_har_rv,8.299944824326616,1.0812402571934822e-16,1.470486749783136e-14,False
combined,20,A3_garch,A4_egarch,-2.3811604644532527,0.017263893340951318,0.8286668803656633,False
combined,20,A3_garch,A5_arima,3.189851475828465,0.0014248047150804757,0.07978906404450664,False
combined,20,A3_garch,B2_tfidf_ridge,-11.67310419036303,2.0199913938603213e-31,3.8379836483346107e-29,True
combined,20,A3_garch,C1_bert_s1,-9.543226611565274,1.4772671261461747e-21,2.334082059310956e-19,True
combined,20,A3_garch,C1_bert_s2,-8.17270830558186,3.1232918823208026e-16,4.0602794470170434e-14,True
combined,20,A3_garch,C2_finbert_s1,-7.017007736997395,2.3108774257294785e-12,2.7268353623607844e-10,True
combined,20,A3_garch,C2_finbert_s2,-8.2028627861103,2.432507081471777e-16,3.210909347542746e-14,True
combined,20,A3_garch,C2_finbert_s3,-7.358760033216153,1.8999508114138616e-13,2.317939989924911e-11,True
combined,20,A3_garch,C2_finbert_s4,-6.092155767874152,1.1264440673172343e-09,1.1940307113562683e-07,True
combined,20,A3_garch,C3_roberta_s1,-8.70188709308449,3.4143819640580597e-18,4.848422388962445e-16,True
combined,20,A3_garch,C4_longformer,-6.175463764799383,6.674664224214821e-10,7.208637362152006e-08,True
combined,20,A3_garch,C5_qwen3,-7.379642037300363,1.6249334369306106e-13,2.014917461793957e-11,True
combined,20,A3_garch,C5_gteqwen2,-7.31297890086723,2.672827868680417e-13,3.2073934424165004e-11,True
combined,20,A3_garch,C5_e5mistral,-9.175106286989948,4.768646563141776e-20,7.439088638501171e-18,True
combined,20,A3_garch,D1_concat_mlp,-0.4732680317071849,0.6360251322278464,1.0,False
combined,20,A3_garch,D2_gated_fusion,-3.65994449829771,0.0002526674523955918,0.016170716953317874,True
combined,20,A3_garch,D3_qwen3,6.588366565619034,4.514482433299606e-11,5.146509973961551e-09,False
combined,20,A3_garch,D3_gteqwen2,7.670796774081443,1.7567708955942923e-14,2.248666746360694e-12,False
combined,20,A3_garch,D3_e5mistral,6.32527241054738,2.56057884138689e-10,2.816636725525579e-08,False
combined,20,A4_egarch,A2_har_rv,4.818512289896807,1.4528171303948192e-06,0.00011622537043158553,False
combined,20,A4_egarch,A3_garch,2.3811604644532527,0.017263893340951318,0.8286668803656633,False
combined,20,A4_egarch,A5_arima,3.250525489027985,0.0011530865698481782,0.0691851941908907,False
combined,20,A4_egarch,B2_tfidf_ridge,-2.893660518927285,0.00381031605527642,0.190515802763821,False
combined,20,A4_egarch,C1_bert_s1,-1.8566764925691428,0.0633661990867099,1.0,False
combined,20,A4_egarch,C1_bert_s2,-1.1762260204483974,0.23951314950662267,1.0,False
combined,20,A4_egarch,C2_finbert_s1,-0.6749196766096376,0.4997315801644787,1.0,False
combined,20,A4_egarch,C2_finbert_s2,-1.203427694992288,0.22881958592731855,1.0,False
combined,20,A4_egarch,C2_finbert_s3,-0.8217551786612083,0.4112222515556633,1.0,False
combined,20,A4_egarch,C2_finbert_s4,-0.2270395002241804,0.8203944495176052,1.0,False
combined,20,A4_egarch,C3_roberta_s1,-1.4536302380728428,0.14605846536305603,1.0,False
combined,20,A4_egarch,C4_longformer,-0.22961472211367792,0.8183926050031903,1.0,False
combined,20,A4_egarch,C5_qwen3,-0.7104180452974629,0.47745001296492634,1.0,False
combined,20,A4_egarch,C5_gteqwen2,-0.651066569831981,0.515008099677814,1.0,False
combined,20,A4_egarch,C5_e5mistral,-1.622507287226855,0.10470443392604477,1.0,False
combined,20,A4_egarch,D1_concat_mlp,2.1279215525499704,0.03335106153120996,1.0,False
combined,20,A4_egarch,D2_gated_fusion,0.892903513314254,0.37191542985588516,1.0,False
combined,20,A4_egarch,D3_qwen3,4.441242639075943,8.973437078525456e-06,0.0006640343438108837,False
combined,20,A4_egarch,D3_gteqwen2,4.772446379889416,1.8278870470621085e-06,0.00014257518967084447,False
combined,20,A4_egarch,D3_e5mistral,4.369374001701856,1.2498736149291835e-05,0.0008749115304504285,False
combined,20,A5_arima,A2_har_rv,5.97939338947516,2.2629501115186058e-09,2.35346811597935e-07,False
combined,20,A5_arima,A3_garch,-3.189851475828465,0.0014248047150804757,0.07978906404450664,False
combined,20,A5_arima,A4_egarch,-3.250525489027985,0.0011530865698481782,0.0691851941908907,False
combined,20,A5_arima,B2_tfidf_ridge,-14.502302042483512,1.6469791509718117e-47,3.491595800060241e-45,True
combined,20,A5_arima,C1_bert_s1,-12.262616682606405,1.712762465741009e-34,3.391269682167198e-32,True
combined,20,A5_arima,C1_bert_s2,-10.868192200836582,1.8212023746736822e-27,3.278164274412628e-25,True
combined,20,A5_arima,C2_finbert_s1,-9.638814168354543,5.864053851383011e-22,9.382486162212817e-20,True
combined,20,A5_arima,C2_finbert_s2,-10.899843679638838,1.2883950476520976e-27,2.3448789867268174e-25,True
combined,20,A5_arima,C2_finbert_s3,-10.02106779785556,1.332401592471398e-23,2.1851386116530927e-21,True
combined,20,A5_arima,C2_finbert_s4,-8.724341415869992,2.8018957327829592e-18,4.0347298552074615e-16,True
combined,20,A5_arima,C3_roberta_s1,-11.361568850513036,7.393379503955509e-30,1.3751685877357247e-27,True
combined,20,A5_arima,C4_longformer,-8.802903729161587,1.3975186867202186e-18,2.0403772826115192e-16,True
combined,20,A5_arima,C5_qwen3,-10.111506454732739,5.329286677942671e-24,8.953201618943688e-22,True
combined,20,A5_arima,C5_gteqwen2,-10.074455200320854,7.764810665621505e-24,1.28895857049317e-21,True
combined,20,A5_arima,C5_e5mistral,-11.913761462239085,1.1729392336743786e-32,2.252043328654807e-30,True
combined,20,A5_arima,D1_concat_mlp,-3.06830916239894,0.002154501862720988,0.11634310058693335,False
combined,20,A5_arima,D2_gated_fusion,-6.4562715176774645,1.0881950808889574e-10,1.2187784905956323e-08,True
combined,20,A5_arima,D3_qwen3,4.156187303860326,3.244270274962614e-05,0.0022061037869745776,False
combined,20,A5_arima,D3_gteqwen2,5.378743079962585,7.552288419108082e-08,7.401242650725921e-06,False
combined,20,A5_arima,D3_e5mistral,3.8955039823680866,9.819006545739996e-05,0.006480544320188398,False
combined,20,B2_tfidf_ridge,A2_har_rv,29.189491230058536,6.31968108337658e-185,2.4646756225168662e-182,False
combined,20,B2_tfidf_ridge,A3_garch,11.67310419036303,2.0199913938603213e-31,3.8379836483346107e-29,False
combined,20,B2_tfidf_ridge,A4_egarch,2.893660518927285,0.00381031605527642,0.190515802763821,False
combined,20,B2_tfidf_ridge,A5_arima,14.502302042483512,1.6469791509718117e-47,3.491595800060241e-45,False
combined,20,B2_tfidf_ridge,C1_bert_s1,15.400572201643609,2.5000714650833684e-53,5.450155793881743e-51,False
combined,20,B2_tfidf_ridge,C1_bert_s2,21.63724810337712,4.2591146819468323e-103,1.1073698173061764e-100,False
combined,20,B2_tfidf_ridge,C2_finbert_s1,26.83746434924152,5.999730943551511e-157,2.087906368355926e-154,False
combined,20,B2_tfidf_ridge,C2_finbert_s2,22.646656066978977,1.1143881624670972e-112,3.0534235651598466e-110,False
combined,20,B2_tfidf_ridge,C2_finbert_s3,23.08396009895094,5.818682240980474e-117,1.629231027474533e-114,False
combined,20,B2_tfidf_ridge,C2_finbert_s4,31.48659214026966,2.159310240344531e-214,8.853171985412577e-212,False
combined,20,B2_tfidf_ridge,C3_roberta_s1,21.39118235629547,7.964474595202038e-101,2.0389054963717216e-98,False
combined,20,B2_tfidf_ridge,C4_longformer,27.799034521389125,4.075082773720796e-168,1.475179964086928e-165,False
combined,20,B2_tfidf_ridge,C5_qwen3,24.07192388542898,6.309524343998346e-127,1.8550001571355136e-124,False
combined,20,B2_tfidf_ridge,C5_gteqwen2,22.637780361923912,1.3587256252982027e-112,3.6957337008111116e-110,False
combined,20,B2_tfidf_ridge,C5_e5mistral,18.77547202535133,3.101504674315006e-78,7.381581124869714e-76,False
combined,20,B2_tfidf_ridge,D1_concat_mlp,34.59851752725847,1.2210204164186639e-257,5.128285748958388e-255,False
combined,20,B2_tfidf_ridge,D2_gated_fusion,28.242004743186637,2.185408058394395e-173,8.129717977227149e-171,False
combined,20,B2_tfidf_ridge,D3_qwen3,31.502236885947738,1.3379256682905049e-214,5.51225375335688e-212,False
combined,20,B2_tfidf_ridge,D3_gteqwen2,32.447779707028594,2.4133419096054495e-227,1.0087769182150779e-224,False
combined,20,B2_tfidf_ridge,D3_e5mistral,31.535012915582467,4.904546026192943e-215,2.0304820548438786e-212,False
combined,20,C1_bert_s1,A2_har_rv,26.319398588736668,4.36153919643456e-151,1.456754091609143e-148,False
combined,20,C1_bert_s1,A3_garch,9.543226611565274,1.4772671261461747e-21,2.334082059310956e-19,False
combined,20,C1_bert_s1,A4_egarch,1.8566764925691428,0.0633661990867099,1.0,False
combined,20,C1_bert_s1,A5_arima,12.262616682606405,1.712762465741009e-34,3.391269682167198e-32,False
combined,20,C1_bert_s1,B2_tfidf_ridge,-15.400572201643609,2.5000714650833684e-53,5.450155793881743e-51,True
combined,20,C1_bert_s1,C1_bert_s2,16.192430409411553,9.668338070440796e-59,2.1850444039196197e-56,False
combined,20,C1_bert_s1,C2_finbert_s1,27.103932002871904,5.2578633397853894e-160,1.8717993489635987e-157,False
combined,20,C1_bert_s1,C2_finbert_s2,15.306738958115494,1.0513780263855253e-52,2.2709765369927345e-50,False
combined,20,C1_bert_s1,C2_finbert_s3,19.90845639976749,1.141083810743367e-87,2.807066174428683e-85,False
combined,20,C1_bert_s1,C2_finbert_s4,32.21843862624388,3.20669739323849e-224,1.333986115587212e-221,False
combined,20,C1_bert_s1,C3_roberta_s1,10.32133245389647,6.164888049004144e-25,1.072690520526721e-22,False
combined,20,C1_bert_s1,C4_longformer,24.27092256561923,5.549427981841422e-129,1.653729538588744e-126,False
combined,20,C1_bert_s1,C5_qwen3,12.57345543035183,3.5852504799298945e-36,7.170500959859789e-34,False
combined,20,C1_bert_s1,C5_gteqwen2,12.218585010219904,2.939244476396536e-34,5.760919173737211e-32,False
combined,20,C1_bert_s1,C5_e5mistral,3.202872396856142,0.0013619480560912503,0.07899298725329251,False
combined,20,C1_bert_s1,D1_concat_mlp,29.614590843881082,3.210164286743012e-190,1.2840657146972047e-187,False
combined,20,C1_bert_s1,D2_gated_fusion,21.60071810576258,9.293453202125897e-103,2.3977109261484817e-100,False
combined,20,C1_bert_s1,D3_qwen3,28.250330166930755,1.7366648706105015e-173,6.529859913495486e-171,False
combined,20,C1_bert_s1,D3_gteqwen2,29.317721000759253,1.6268860059036637e-186,6.409930863260435e-184,False
combined,20,C1_bert_s1,D3_e5mistral,28.174102732905762,1.4209895247625422e-172,5.257661241621406e-170,False
combined,20,C1_bert_s2,A2_har_rv,24.823711677983372,8.879335141010664e-135,2.7881112342773486e-132,False
combined,20,C1_bert_s2,A3_garch,8.17270830558186,3.1232918823208026e-16,4.0602794470170434e-14,False
combined,20,C1_bert_s2,A4_egarch,1.1762260204483974,0.23951314950662267,1.0,False
combined,20,C1_bert_s2,A5_arima,10.868192200836582,1.8212023746736822e-27,3.278164274412628e-25,False
combined,20,C1_bert_s2,B2_tfidf_ridge,-21.63724810337712,4.2591146819468323e-103,1.1073698173061764e-100,True
combined,20,C1_bert_s2,C1_bert_s1,-16.192430409411553,9.668338070440796e-59,2.1850444039196197e-56,True
combined,20,C1_bert_s2,C2_finbert_s1,10.112956985636977,5.251190406280784e-24,8.927023690677334e-22,False
combined,20,C1_bert_s2,C2_finbert_s2,-0.886574258314686,0.37531469136077983,1.0,False
combined,20,C1_bert_s2,C2_finbert_s3,8.468465961781497,2.5890554120889012e-17,3.5728964686826835e-15,False
combined,20,C1_bert_s2,C2_finbert_s4,24.458827119420583,6.140123178910633e-131,1.891157939104475e-128,False
combined,20,C1_bert_s2,C3_roberta_s1,-5.293809383621339,1.205678433556024e-07,1.0851105902004215e-05,True
combined,20,C1_bert_s2,C4_longformer,15.715372922243542,1.8964248827502147e-55,4.210063239705477e-53,False
combined,20,C1_bert_s2,C5_qwen3,4.967220226569151,6.826218019952737e-07,5.7306562121147125e-05,False
combined,20,C1_bert_s2,C5_gteqwen2,5.279124162449836,1.3063201099982386e-07,1.14956169679845e-05,False
combined,20,C1_bert_s2,C5_e5mistral,-5.091382119823478,3.574362478937337e-07,3.0739517318861093e-05,True
combined,20,C1_bert_s2,D1_concat_mlp,26.373594053492127,1.0754031666409381e-151,3.634862703246371e-149,False
combined,20,C1_bert_s2,D2_gated_fusion,17.07737144610062,4.1993997436752105e-65,9.742607405326488e-63,False
combined,20,C1_bert_s2,D3_qwen3,26.612006297461026,2.199982854740441e-154,7.567941020307117e-152,False
combined,20,C1_bert_s2,D3_gteqwen2,27.76185613306514,1.1191622905674418e-167,4.0289842460427904e-165,False
combined,20,C1_bert_s2,D3_e5mistral,26.505235211080493,3.544809281035988e-153,1.205235155552236e-150,False
combined,20,C2_finbert_s1,A2_har_rv,22.955594321640127,1.0715477381818776e-115,2.9789027121456196e-113,False
combined,20,C2_finbert_s1,A3_garch,7.017007736997395,2.3108774257294785e-12,2.7268353623607844e-10,False
combined,20,C2_finbert_s1,A4_egarch,0.6749196766096376,0.4997315801644787,1.0,False
combined,20,C2_finbert_s1,A5_arima,9.638814168354543,5.864053851383011e-22,9.382486162212817e-20,False
combined,20,C2_finbert_s1,B2_tfidf_ridge,-26.83746434924152,5.999730943551511e-157,2.087906368355926e-154,True
combined,20,C2_finbert_s1,C1_bert_s1,-27.103932002871904,5.2578633397853894e-160,1.8717993489635987e-157,True
combined,20,C2_finbert_s1,C1_bert_s2,-10.112956985636977,5.251190406280784e-24,8.927023690677334e-22,True
combined,20,C2_finbert_s1,C2_finbert_s2,-10.951336852881987,7.321530831481878e-28,1.3471616729926656e-25,True
combined,20,C2_finbert_s1,C2_finbert_s3,-3.538825283279306,0.0004024701891677871,0.0249531517284028,True
combined,20,C2_finbert_s1,C2_finbert_s4,11.464211968674904,2.2817958289539985e-30,4.289776158433517e-28,False
combined,20,C2_finbert_s1,C3_roberta_s1,-14.612613880608777,3.3153737075808165e-48,7.094899734222947e-46,True
combined,20,C2_finbert_s1,C4_longformer,6.6772210764919775,2.474161183635843e-11,2.870026973017578e-09,False
combined,20,C2_finbert_s1,C5_qwen3,-0.2815686777977658,0.778276045659241,1.0,False
combined,20,C2_finbert_s1,C5_gteqwen2,0.3169159664851438,0.7513093938472972,1.0,False
combined,20,C2_finbert_s1,C5_e5mistral,-10.69826718334929,1.1481921459027256e-26,2.0437820197068514e-24,True
combined,20,C2_finbert_s1,D1_concat_mlp,23.94418847838263,1.2911751281596011e-125,3.7702313742260356e-123,False
combined,20,C2_finbert_s1,D2_gated_fusion,13.453751164694811,3.768220952120567e-41,7.687170742325956e-39,False
combined,20,C2_finbert_s1,D3_qwen3,24.39807724457799,2.6434065880872297e-130,8.088824159546922e-128,False
combined,20,C2_finbert_s1,D3_gteqwen2,25.790985772471135,3.20404081012376e-145,1.0509253857205933e-142,False
combined,20,C2_finbert_s1,D3_e5mistral,24.36899793727157,5.310067824087305e-130,1.6142606185225407e-127,False
combined,20,C2_finbert_s2,A2_har_rv,24.8161412803379,1.0680722457141104e-134,3.332385406628024e-132,False
combined,20,C2_finbert_s2,A3_garch,8.2028627861103,2.432507081471777e-16,3.210909347542746e-14,False
combined,20,C2_finbert_s2,A4_egarch,1.203427694992288,0.22881958592731855,1.0,False
combined,20,C2_finbert_s2,A5_arima,10.899843679638838,1.2883950476520976e-27,2.3448789867268174e-25,False
combined,20,C2_finbert_s2,B2_tfidf_ridge,-22.646656066978977,1.1143881624670972e-112,3.0534235651598466e-110,True
combined,20,C2_finbert_s2,C1_bert_s1,-15.306738958115494,1.0513780263855253e-52,2.2709765369927345e-50,True
combined,20,C2_finbert_s2,C1_bert_s2,0.886574258314686,0.37531469136077983,1.0,False
combined,20,C2_finbert_s2,C2_finbert_s1,10.951336852881987,7.321530831481878e-28,1.3471616729926656e-25,False
combined,20,C2_finbert_s2,C2_finbert_s3,8.566857179523536,1.1094469865687957e-17,1.5532257811963138e-15,False
combined,20,C2_finbert_s2,C2_finbert_s4,25.195915419164397,9.448384769182575e-139,3.042379895676789e-136,False
combined,20,C2_finbert_s2,C3_roberta_s1,-5.333896946142196,9.676625677589426e-08,9.09602813693406e-06,True
combined,20,C2_finbert_s2,C4_longformer,16.274427836519706,2.5688210218846e-59,5.856911929896889e-57,False
combined,20,C2_finbert_s2,C5_qwen3,5.368793970415429,7.980547334835233e-08,7.661325441441824e-06,False
combined,20,C2_finbert_s2,C5_gteqwen2,5.626763134449765,1.851257933407727e-08,1.8882830920758813e-06,False
combined,20,C2_finbert_s2,C5_e5mistral,-4.967334255209454,6.822209776327038e-07,5.7306562121147125e-05,True
combined,20,C2_finbert_s2,D1_concat_mlp,26.986589839100457,1.1767566333391238e-158,4.1186482166869334e-156,False
combined,20,C2_finbert_s2,D2_gated_fusion,17.59791347289635,5.328908985958832e-69,1.2469647027143667e-66,False
combined,20,C2_finbert_s2,D3_qwen3,26.67311014281489,4.461526418215014e-155,1.5436881407023948e-152,False
combined,20,C2_finbert_s2,D3_gteqwen2,27.804086209638594,3.552028111011645e-168,1.292938232408239e-165,False
combined,20,C2_finbert_s2,D3_e5mistral,26.5830337766896,4.6821579534895725e-154,1.6012980200934337e-151,False
combined,20,C2_finbert_s3,A2_har_rv,23.464037090591525,9.525232979998817e-121,2.705166166319664e-118,False
combined,20,C2_finbert_s3,A3_garch,7.358760033216153,1.8999508114138616e-13,2.317939989924911e-11,False
combined,20,C2_finbert_s3,A4_egarch,0.8217551786612083,0.4112222515556633,1.0,False
combined,20,C2_finbert_s3,A5_arima,10.02106779785556,1.332401592471398e-23,2.1851386116530927e-21,False
combined,20,C2_finbert_s3,B2_tfidf_ridge,-23.08396009895094,5.818682240980474e-117,1.629231027474533e-114,True
combined,20,C2_finbert_s3,C1_bert_s1,-19.90845639976749,1.141083810743367e-87,2.807066174428683e-85,True
combined,20,C2_finbert_s3,C1_bert_s2,-8.468465961781497,2.5890554120889012e-17,3.5728964686826835e-15,True
combined,20,C2_finbert_s3,C2_finbert_s1,3.538825283279306,0.0004024701891677871,0.0249531517284028,False
combined,20,C2_finbert_s3,C2_finbert_s2,-8.566857179523536,1.1094469865687957e-17,1.5532257811963138e-15,True
combined,20,C2_finbert_s3,C2_finbert_s4,13.99388908089722,2.2828557280176067e-44,4.70268279971627e-42,False
combined,20,C2_finbert_s3,C3_roberta_s1,-10.462293544082,1.4128100083569326e-25,2.4865456147082015e-23,True
combined,20,C2_finbert_s3,C4_longformer,9.100336181539623,9.50220344904401e-20,1.4633393311527775e-17,False
combined,20,C2_finbert_s3,C5_qwen3,1.130899843978647,0.2581055600874565,1.0,False
combined,20,C2_finbert_s3,C5_gteqwen2,1.6245735890457824,0.10426310605664331,1.0,False
combined,20,C2_finbert_s3,C5_e5mistral,-8.213997313559702,2.2175381982781028e-16,2.9715011856926576e-14,True
combined,20,C2_finbert_s3,D1_concat_mlp,24.329743481926805,1.3598342662398935e-129,4.0795027987196805e-127,False
combined,20,C2_finbert_s3,D2_gated_fusion,14.309715492701415,2.62842866451731e-46,5.519700195486351e-44,False
combined,20,C2_finbert_s3,D3_qwen3,24.92680709991945,7.138163123727322e-136,2.2699358733452882e-133,False
combined,20,C2_finbert_s3,D3_gteqwen2,26.22638744025668,4.791050478321288e-150,1.5906287588026675e-147,False
combined,20,C2_finbert_s3,D3_e5mistral,24.923356948604827,7.767742653018447e-136,2.4546066783538295e-133,False
combined,20,C2_finbert_s4,A2_har_rv,22.19229255380457,2.585453466101499e-108,6.929015289152017e-106,False
combined,20,C2_finbert_s4,A3_garch,6.092155767874152,1.1264440673172343e-09,1.1940307113562683e-07,False
combined,20,C2_finbert_s4,A4_egarch,0.2270395002241804,0.8203944495176052,1.0,False
combined,20,C2_finbert_s4,A5_arima,8.724341415869992,2.8018957327829592e-18,4.0347298552074615e-16,False
combined,20,C2_finbert_s4,B2_tfidf_ridge,-31.48659214026966,2.159310240344531e-214,8.853171985412577e-212,True
combined,20,C2_finbert_s4,C1_bert_s1,-32.21843862624388,3.20669739323849e-224,1.333986115587212e-221,True
combined,20,C2_finbert_s4,C1_bert_s2,-24.458827119420583,6.140123178910633e-131,1.891157939104475e-128,True
combined,20,C2_finbert_s4,C2_finbert_s1,-11.464211968674904,2.2817958289539985e-30,4.289776158433517e-28,True
combined,20,C2_finbert_s4,C2_finbert_s2,-25.195915419164397,9.448384769182575e-139,3.042379895676789e-136,True
combined,20,C2_finbert_s4,C2_finbert_s3,-13.99388908089722,2.2828557280176067e-44,4.70268279971627e-42,True
combined,20,C2_finbert_s4,C3_roberta_s1,-21.773475942471535,2.294907568285847e-104,6.012657828908919e-102,True
combined,20,C2_finbert_s4,C4_longformer,-0.03849817983028122,0.9692907181904213,1.0,False
combined,20,C2_finbert_s4,C5_qwen3,-5.301191458851059,1.1579628694613239e-07,1.0653258399044181e-05,True
combined,20,C2_finbert_s4,C5_gteqwen2,-4.402248085027895,1.0747485014190045e-05,0.0007738189210216833,True
combined,20,C2_finbert_s4,C5_e5mistral,-16.16040469487007,1.619569991672083e-58,3.6278367813454663e-56,True
combined,20,C2_finbert_s4,D1_concat_mlp,21.118299633504975,2.461308773266895e-98,6.2517242840979126e-96,False
combined,20,C2_finbert_s4,D2_gated_fusion,10.153147845710835,3.485445849130212e-24,5.994966860503965e-22,False
combined,20,C2_finbert_s4,D3_qwen3,23.713881231859155,2.869065630999641e-123,8.32029032989896e-121,False
combined,20,C2_finbert_s4,D3_gteqwen2,25.062829010026142,2.526262867738756e-137,8.08404117676402e-135,False
combined,20,C2_finbert_s4,D3_e5mistral,23.575003431437935,7.282943625399694e-122,2.097487764115112e-119,False
combined,20,C3_roberta_s1,A2_har_rv,25.2935655211647,8.387276726418084e-140,2.7174776593594593e-137,False
combined,20,C3_roberta_s1,A3_garch,8.70188709308449,3.4143819640580597e-18,4.848422388962445e-16,False
combined,20,C3_roberta_s1,A4_egarch,1.4536302380728428,0.14605846536305603,1.0,False
combined,20,C3_roberta_s1,A5_arima,11.361568850513036,7.393379503955509e-30,1.3751685877357247e-27,False
combined,20,C3_roberta_s1,B2_tfidf_ridge,-21.39118235629547,7.964474595202038e-101,2.0389054963717216e-98,True
combined,20,C3_roberta_s1,C1_bert_s1,-10.32133245389647,6.164888049004144e-25,1.072690520526721e-22,True
combined,20,C3_roberta_s1,C1_bert_s2,5.293809383621339,1.205678433556024e-07,1.0851105902004215e-05,False
combined,20,C3_roberta_s1,C2_finbert_s1,14.612613880608777,3.3153737075808165e-48,7.094899734222947e-46,False
combined,20,C3_roberta_s1,C2_finbert_s2,5.333896946142196,9.676625677589426e-08,9.09602813693406e-06,False
combined,20,C3_roberta_s1,C2_finbert_s3,10.462293544082,1.4128100083569326e-25,2.4865456147082015e-23,False
combined,20,C3_roberta_s1,C2_finbert_s4,21.773475942471535,2.294907568285847e-104,6.012657828908919e-102,False
combined,20,C3_roberta_s1,C4_longformer,21.881884350162743,2.216990521886949e-105,5.852854977781545e-103,False
combined,20,C3_roberta_s1,C5_qwen3,9.005216469507031,2.2662305822413144e-19,3.444670485006798e-17,False
combined,20,C3_roberta_s1,C5_gteqwen2,8.905955420328135,5.560429515113596e-19,8.229435682368123e-17,False
combined,20,C3_roberta_s1,C5_e5mistral,-2.3168938148782674,0.020515675731451886,0.9437210836467868,False
combined,20,C3_roberta_s1,D1_concat_mlp,27.93668191966786,9.568527971359589e-170,3.502081237517609e-167,False
combined,20,C3_roberta_s1,D2_gated_fusion,19.183549627553614,1.4303958482119986e-81,3.432950035708797e-79,False
combined,20,C3_roberta_s1,D3_qwen3,27.16439528416307,1.0545666218790225e-160,3.7753485063269e-158,False
combined,20,C3_roberta_s1,D3_gteqwen2,28.245811338291517,1.9674212596410158e-173,7.358155511057399e-171,False
combined,20,C3_roberta_s1,D3_e5mistral,27.08147908725282,9.539694832435018e-160,3.377051970681996e-157,False
combined,20,C4_longformer,A2_har_rv,22.849560510217067,1.174789696511795e-114,3.242419562372554e-112,False
combined,20,C4_longformer,A3_garch,6.175463764799383,6.674664224214821e-10,7.208637362152006e-08,False
combined,20,C4_longformer,A4_egarch,0.22961472211367792,0.8183926050031903,1.0,False
combined,20,C4_longformer,A5_arima,8.802903729161587,1.3975186867202186e-18,2.0403772826115192e-16,False
combined,20,C4_longformer,B2_tfidf_ridge,-27.799034521389125,4.075082773720796e-168,1.475179964086928e-165,True
combined,20,C4_longformer,C1_bert_s1,-24.27092256561923,5.549427981841422e-129,1.653729538588744e-126,True
combined,20,C4_longformer,C1_bert_s2,-15.715372922243542,1.8964248827502147e-55,4.210063239705477e-53,True
combined,20,C4_longformer,C2_finbert_s1,-6.6772210764919775,2.474161183635843e-11,2.870026973017578e-09,True
combined,20,C4_longformer,C2_finbert_s2,-16.274427836519706,2.5688210218846e-59,5.856911929896889e-57,True
combined,20,C4_longformer,C2_finbert_s3,-9.100336181539623,9.50220344904401e-20,1.4633393311527775e-17,True
combined,20,C4_longformer,C2_finbert_s4,0.03849817983028122,0.9692907181904213,1.0,False
combined,20,C4_longformer,C3_roberta_s1,-21.881884350162743,2.216990521886949e-105,5.852854977781545e-103,True
combined,20,C4_longformer,C5_qwen3,-5.496729968210819,3.8979003276918124e-08,3.897900327691812e-06,True
combined,20,C4_longformer,C5_gteqwen2,-4.595803119985504,4.326983587226499e-06,0.00032885075262921394,True
combined,20,C4_longformer,C5_e5mistral,-16.30710666103432,1.5119549971353922e-59,3.477496493411402e-57,True
combined,20,C4_longformer,D1_concat_mlp,20.70333744993442,1.312983291937288e-94,3.28245822984322e-92,False
combined,20,C4_longformer,D2_gated_fusion,10.001485966957318,1.6230947674680333e-23,2.629413523298214e-21,False
combined,20,C4_longformer,D3_qwen3,24.354827664200027,7.457517202020498e-130,2.2521701950101906e-127,False
combined,20,C4_longformer,D3_gteqwen2,25.73616029467506,1.2817794189049199e-144,4.1786009056300385e-142,False
combined,20,C4_longformer,D3_e5mistral,24.268212996328916,5.920366308091568e-129,1.7524284271951042e-126,False
combined,20,C5_qwen3,A2_har_rv,25.96806421296686,3.5692520164909705e-147,1.1778531654420202e-144,False
combined,20,C5_qwen3,A3_garch,7.379642037300363,1.6249334369306106e-13,2.014917461793957e-11,False
combined,20,C5_qwen3,A4_egarch,0.7104180452974629,0.47745001296492634,1.0,False
combined,20,C5_qwen3,A5_arima,10.111506454732739,5.329286677942671e-24,8.953201618943688e-22,False
combined,20,C5_qwen3,B2_tfidf_ridge,-24.07192388542898,6.309524343998346e-127,1.8550001571355136e-124,True
combined,20,C5_qwen3,C1_bert_s1,-12.57345543035183,3.5852504799298945e-36,7.170500959859789e-34,True
combined,20,C5_qwen3,C1_bert_s2,-4.967220226569151,6.826218019952737e-07,5.7306562121147125e-05,True
combined,20,C5_qwen3,C2_finbert_s1,0.2815686777977658,0.778276045659241,1.0,False
combined,20,C5_qwen3,C2_finbert_s2,-5.368793970415429,7.980547334835233e-08,7.661325441441824e-06,True
combined,20,C5_qwen3,C2_finbert_s3,-1.130899843978647,0.2581055600874565,1.0,False
combined,20,C5_qwen3,C2_finbert_s4,5.301191458851059,1.1579628694613239e-07,1.0653258399044181e-05,False
combined,20,C5_qwen3,C3_roberta_s1,-9.005216469507031,2.2662305822413144e-19,3.444670485006798e-17,True
combined,20,C5_qwen3,C4_longformer,5.496729968210819,3.8979003276918124e-08,3.897900327691812e-06,False
combined,20,C5_qwen3,C5_gteqwen2,2.259801328832964,0.023840148545861355,1.0,False
combined,20,C5_qwen3,C5_e5mistral,-22.065441185490787,4.130990100050341e-107,1.0988433666133906e-104,True
combined,20,C5_qwen3,D1_concat_mlp,23.5027923453767,3.88586708486505e-121,1.1113579862714043e-118,False
combined,20,C5_qwen3,D2_gated_fusion,14.026139962768553,1.4535777759479005e-44,3.023441773971633e-42,False
combined,20,C5_qwen3,D3_qwen3,28.372907475450532,5.845997304585935e-175,2.2214789757426551e-172,False
combined,20,C5_qwen3,D3_gteqwen2,29.322096563646426,1.4355161187490484e-186,5.684643830246232e-184,False
combined,20,C5_qwen3,D3_e5mistral,28.001063834887475,1.6449371085531206e-170,6.053368559475484e-168,False
combined,20,C5_gteqwen2,A2_har_rv,26.372580041406003,1.1039754370131869e-151,3.709357468364308e-149,False
combined,20,C5_gteqwen2,A3_garch,7.31297890086723,2.672827868680417e-13,3.2073934424165004e-11,False
combined,20,C5_gteqwen2,A4_egarch,0.651066569831981,0.515008099677814,1.0,False
combined,20,C5_gteqwen2,A5_arima,10.074455200320854,7.764810665621505e-24,1.28895857049317e-21,False
combined,20,C5_gteqwen2,B2_tfidf_ridge,-22.637780361923912,1.3587256252982027e-112,3.6957337008111116e-110,True
combined,20,C5_gteqwen2,C1_bert_s1,-12.218585010219904,2.939244476396536e-34,5.760919173737211e-32,True
combined,20,C5_gteqwen2,C1_bert_s2,-5.279124162449836,1.3063201099982386e-07,1.14956169679845e-05,True
combined,20,C5_gteqwen2,C2_finbert_s1,-0.3169159664851438,0.7513093938472972,1.0,False
combined,20,C5_gteqwen2,C2_finbert_s2,-5.626763134449765,1.851257933407727e-08,1.8882830920758813e-06,True
combined,20,C5_gteqwen2,C2_finbert_s3,-1.6245735890457824,0.10426310605664331,1.0,False
combined,20,C5_gteqwen2,C2_finbert_s4,4.402248085027895,1.0747485014190045e-05,0.0007738189210216833,False
combined,20,C5_gteqwen2,C3_roberta_s1,-8.905955420328135,5.560429515113596e-19,8.229435682368123e-17,True
combined,20,C5_gteqwen2,C4_longformer,4.595803119985504,4.326983587226499e-06,0.00032885075262921394,False
combined,20,C5_gteqwen2,C5_qwen3,-2.259801328832964,0.023840148545861355,1.0,False
combined,20,C5_gteqwen2,C5_e5mistral,-19.586423510202497,6.215619744345455e-85,1.516611217620291e-82,True
combined,20,C5_gteqwen2,D1_concat_mlp,23.172994536049934,7.64357758332859e-118,2.1554888784986626e-115,False
combined,20,C5_gteqwen2,D2_gated_fusion,13.406691508162197,7.089376416053902e-41,1.4320540360428883e-38,False
combined,20,C5_gteqwen2,D3_qwen3,28.650532897819854,2.562166807217306e-178,9.8899638758588e-176,False
combined,20,C5_gteqwen2,D3_gteqwen2,29.931501181052546,3.255892848353835e-194,1.3088689250382417e-191,False
combined,20,C5_gteqwen2,D3_e5mistral,28.469367900587777,4.013826674299431e-176,1.5413094429309815e-173,False
combined,20,C5_e5mistral,A2_har_rv,27.077255720296264,1.0670322469081549e-159,3.755953509116705e-157,False
combined,20,C5_e5mistral,A3_garch,9.175106286989948,4.768646563141776e-20,7.439088638501171e-18,False
combined,20,C5_e5mistral,A4_egarch,1.622507287226855,0.10470443392604477,1.0,False
combined,20,C5_e5mistral,A5_arima,11.913761462239085,1.1729392336743786e-32,2.252043328654807e-30,False
combined,20,C5_e5mistral,B2_tfidf_ridge,-18.77547202535133,3.101504674315006e-78,7.381581124869714e-76,True
combined,20,C5_e5mistral,C1_bert_s1,-3.202872396856142,0.0013619480560912503,0.07899298725329251,False
combined,20,C5_e5mistral,C1_bert_s2,5.091382119823478,3.574362478937337e-07,3.0739517318861093e-05,False
combined,20,C5_e5mistral,C2_finbert_s1,10.69826718334929,1.1481921459027256e-26,2.0437820197068514e-24,False
combined,20,C5_e5mistral,C2_finbert_s2,4.967334255209454,6.822209776327038e-07,5.7306562121147125e-05,False
combined,20,C5_e5mistral,C2_finbert_s3,8.213997313559702,2.2175381982781028e-16,2.9715011856926576e-14,False
combined,20,C5_e5mistral,C2_finbert_s4,16.16040469487007,1.619569991672083e-58,3.6278367813454663e-56,False
combined,20,C5_e5mistral,C3_roberta_s1,2.3168938148782674,0.020515675731451886,0.9437210836467868,False
combined,20,C5_e5mistral,C4_longformer,16.30710666103432,1.5119549971353922e-59,3.477496493411402e-57,False
combined,20,C5_e5mistral,C5_qwen3,22.065441185490787,4.130990100050341e-107,1.0988433666133906e-104,False
combined,20,C5_e5mistral,C5_gteqwen2,19.586423510202497,6.215619744345455e-85,1.516611217620291e-82,False
combined,20,C5_e5mistral,D1_concat_mlp,28.46050105523726,5.136271898331632e-176,1.9620558651626835e-173,False
combined,20,C5_e5mistral,D2_gated_fusion,20.733845204309723,7.025660252269723e-95,1.7704663835719703e-92,False
combined,20,C5_e5mistral,D3_qwen3,29.28479649018429,4.1693433173372186e-186,1.6343825803961896e-183,False
combined,20,C5_e5mistral,D3_gteqwen2,30.320121456352265,3.6334057240108086e-199,1.4678959125003667e-196,False
combined,20,C5_e5mistral,D3_e5mistral,29.32396114298729,1.3609611337731977e-186,5.416625312417327e-184,False
combined,20,D1_concat_mlp,A2_har_rv,17.932734715806284,1.4456237372242306e-71,3.411672019849184e-69,False
combined,20,D1_concat_mlp,A3_garch,0.4732680317071849,0.6360251322278464,1.0,False
combined,20,D1_concat_mlp,A4_egarch,-2.1279215525499704,0.03335106153120996,1.0,False
combined,20,D1_concat_mlp,A5_arima,3.06830916239894,0.002154501862720988,0.11634310058693335,False
combined,20,D1_concat_mlp,B2_tfidf_ridge,-34.59851752725847,1.2210204164186639e-257,5.128285748958388e-255,True
combined,20,D1_concat_mlp,C1_bert_s1,-29.614590843881082,3.210164286743012e-190,1.2840657146972047e-187,True
combined,20,D1_concat_mlp,C1_bert_s2,-26.373594053492127,1.0754031666409381e-151,3.634862703246371e-149,True
combined,20,D1_concat_mlp,C2_finbert_s1,-23.94418847838263,1.2911751281596011e-125,3.7702313742260356e-123,True
combined,20,D1_concat_mlp,C2_finbert_s2,-26.986589839100457,1.1767566333391238e-158,4.1186482166869334e-156,True
combined,20,D1_concat_mlp,C2_finbert_s3,-24.329743481926805,1.3598342662398935e-129,4.0795027987196805e-127,True
combined,20,D1_concat_mlp,C2_finbert_s4,-21.118299633504975,2.461308773266895e-98,6.2517242840979126e-96,True
combined,20,D1_concat_mlp,C3_roberta_s1,-27.93668191966786,9.568527971359589e-170,3.502081237517609e-167,True
combined,20,D1_concat_mlp,C4_longformer,-20.70333744993442,1.312983291937288e-94,3.28245822984322e-92,True
combined,20,D1_concat_mlp,C5_qwen3,-23.5027923453767,3.88586708486505e-121,1.1113579862714043e-118,True
combined,20,D1_concat_mlp,C5_gteqwen2,-23.172994536049934,7.64357758332859e-118,2.1554888784986626e-115,True
combined,20,D1_concat_mlp,C5_e5mistral,-28.46050105523726,5.136271898331632e-176,1.9620558651626835e-173,True
combined,20,D1_concat_mlp,D2_gated_fusion,-31.406332255506435,2.5076172617817092e-213,1.0231078428069373e-210,True
combined,20,D1_concat_mlp,D3_qwen3,19.55419064157629,1.1613572106281931e-84,2.8104844497202275e-82,False
combined,20,D1_concat_mlp,D3_gteqwen2,22.266812018092804,5.039834256820062e-109,1.3607552493414168e-106,False
combined,20,D1_concat_mlp,D3_e5mistral,19.964263040883086,3.790957064877587e-88,9.401573520896416e-86,False
combined,20,D2_gated_fusion,A2_har_rv,24.569948940446565,4.212975293707449e-132,1.3060223410493092e-129,False
combined,20,D2_gated_fusion,A3_garch,3.65994449829771,0.0002526674523955918,0.016170716953317874,False
combined,20,D2_gated_fusion,A4_egarch,-0.892903513314254,0.37191542985588516,1.0,False
combined,20,D2_gated_fusion,A5_arima,6.4562715176774645,1.0881950808889574e-10,1.2187784905956323e-08,False
combined,20,D2_gated_fusion,B2_tfidf_ridge,-28.242004743186637,2.185408058394395e-173,8.129717977227149e-171,True
combined,20,D2_gated_fusion,C1_bert_s1,-21.60071810576258,9.293453202125897e-103,2.3977109261484817e-100,True
combined,20,D2_gated_fusion,C1_bert_s2,-17.07737144610062,4.1993997436752105e-65,9.742607405326488e-63,True
combined,20,D2_gated_fusion,C2_finbert_s1,-13.453751164694811,3.768220952120567e-41,7.687170742325956e-39,True
combined,20,D2_gated_fusion,C2_finbert_s2,-17.59791347289635,5.328908985958832e-69,1.2469647027143667e-66,True
combined,20,D2_gated_fusion,C2_finbert_s3,-14.309715492701415,2.62842866451731e-46,5.519700195486351e-44,True
combined,20,D2_gated_fusion,C2_finbert_s4,-10.153147845710835,3.485445849130212e-24,5.994966860503965e-22,True
combined,20,D2_gated_fusion,C3_roberta_s1,-19.183549627553614,1.4303958482119986e-81,3.432950035708797e-79,True
combined,20,D2_gated_fusion,C4_longformer,-10.001485966957318,1.6230947674680333e-23,2.629413523298214e-21,True
combined,20,D2_gated_fusion,C5_qwen3,-14.026139962768553,1.4535777759479005e-44,3.023441773971633e-42,True
combined,20,D2_gated_fusion,C5_gteqwen2,-13.406691508162197,7.089376416053902e-41,1.4320540360428883e-38,True
combined,20,D2_gated_fusion,C5_e5mistral,-20.733845204309723,7.025660252269723e-95,1.7704663835719703e-92,True
combined,20,D2_gated_fusion,D1_concat_mlp,31.406332255506435,2.5076172617817092e-213,1.0231078428069373e-210,False
combined,20,D2_gated_fusion,D3_qwen3,28.267860475974537,1.0701568463768244e-173,4.045192879304396e-171,False
combined,20,D2_gated_fusion,D3_gteqwen2,30.344235260579552,1.7825247506165078e-199,7.237050487503021e-197,False
combined,20,D2_gated_fusion,D3_e5mistral,29.159425774033043,1.4872554933325034e-184,5.770551314130113e-182,False
combined,20,D3_qwen3,A2_har_rv,7.604721003904659,2.931779269998281e-14,3.6940418801978335e-12,False
combined,20,D3_qwen3,A3_garch,-6.588366565619034,4.514482433299606e-11,5.146509973961551e-09,True
combined,20,D3_qwen3,A4_egarch,-4.441242639075943,8.973437078525456e-06,0.0006640343438108837,True
combined,20,D3_qwen3,A5_arima,-4.156187303860326,3.244270274962614e-05,0.0022061037869745776,True
combined,20,D3_qwen3,B2_tfidf_ridge,-31.502236885947738,1.3379256682905049e-214,5.51225375335688e-212,True
combined,20,D3_qwen3,C1_bert_s1,-28.250330166930755,1.7366648706105015e-173,6.529859913495486e-171,True
combined,20,D3_qwen3,C1_bert_s2,-26.612006297461026,2.199982854740441e-154,7.567941020307117e-152,True
combined,20,D3_qwen3,C2_finbert_s1,-24.39807724457799,2.6434065880872297e-130,8.088824159546922e-128,True
combined,20,D3_qwen3,C2_finbert_s2,-26.67311014281489,4.461526418215014e-155,1.5436881407023948e-152,True
combined,20,D3_qwen3,C2_finbert_s3,-24.92680709991945,7.138163123727322e-136,2.2699358733452882e-133,True
combined,20,D3_qwen3,C2_finbert_s4,-23.713881231859155,2.869065630999641e-123,8.32029032989896e-121,True
combined,20,D3_qwen3,C3_roberta_s1,-27.16439528416307,1.0545666218790225e-160,3.7753485063269e-158,True
combined,20,D3_qwen3,C4_longformer,-24.354827664200027,7.457517202020498e-130,2.2521701950101906e-127,True
combined,20,D3_qwen3,C5_qwen3,-28.372907475450532,5.845997304585935e-175,2.2214789757426551e-172,True
combined,20,D3_qwen3,C5_gteqwen2,-28.650532897819854,2.562166807217306e-178,9.8899638758588e-176,True
combined,20,D3_qwen3,C5_e5mistral,-29.28479649018429,4.1693433173372186e-186,1.6343825803961896e-183,True
combined,20,D3_qwen3,D1_concat_mlp,-19.55419064157629,1.1613572106281931e-84,2.8104844497202275e-82,True
combined,20,D3_qwen3,D2_gated_fusion,-28.267860475974537,1.0701568463768244e-173,4.045192879304396e-171,True
combined,20,D3_qwen3,D3_gteqwen2,11.955157001167688,7.147802543669579e-33,1.3866736934718983e-30,False
combined,20,D3_qwen3,D3_e5mistral,-2.971433953001939,0.002966286528497477,0.15424689948186882,False
combined,20,D3_gteqwen2,A2_har_rv,0.5157668242868586,0.6060207702950093,1.0,False
combined,20,D3_gteqwen2,A3_garch,-7.670796774081443,1.7567708955942923e-14,2.248666746360694e-12,True
combined,20,D3_gteqwen2,A4_egarch,-4.772446379889416,1.8278870470621085e-06,0.00014257518967084447,True
combined,20,D3_gteqwen2,A5_arima,-5.378743079962585,7.552288419108082e-08,7.401242650725921e-06,True
combined,20,D3_gteqwen2,B2_tfidf_ridge,-32.447779707028594,2.4133419096054495e-227,1.0087769182150779e-224,True
combined,20,D3_gteqwen2,C1_bert_s1,-29.317721000759253,1.6268860059036637e-186,6.409930863260435e-184,True
combined,20,D3_gteqwen2,C1_bert_s2,-27.76185613306514,1.1191622905674418e-167,4.0289842460427904e-165,True
combined,20,D3_gteqwen2,C2_finbert_s1,-25.790985772471135,3.20404081012376e-145,1.0509253857205933e-142,True
combined,20,D3_gteqwen2,C2_finbert_s2,-27.804086209638594,3.552028111011645e-168,1.292938232408239e-165,True
combined,20,D3_gteqwen2,C2_finbert_s3,-26.22638744025668,4.791050478321288e-150,1.5906287588026675e-147,True
combined,20,D3_gteqwen2,C2_finbert_s4,-25.062829010026142,2.526262867738756e-137,8.08404117676402e-135,True
combined,20,D3_gteqwen2,C3_roberta_s1,-28.245811338291517,1.9674212596410158e-173,7.358155511057399e-171,True
combined,20,D3_gteqwen2,C4_longformer,-25.73616029467506,1.2817794189049199e-144,4.1786009056300385e-142,True
combined,20,D3_gteqwen2,C5_qwen3,-29.322096563646426,1.4355161187490484e-186,5.684643830246232e-184,True
combined,20,D3_gteqwen2,C5_gteqwen2,-29.931501181052546,3.255892848353835e-194,1.3088689250382417e-191,True
combined,20,D3_gteqwen2,C5_e5mistral,-30.320121456352265,3.6334057240108086e-199,1.4678959125003667e-196,True
combined,20,D3_gteqwen2,D1_concat_mlp,-22.266812018092804,5.039834256820062e-109,1.3607552493414168e-106,True
combined,20,D3_gteqwen2,D2_gated_fusion,-30.344235260579552,1.7825247506165078e-199,7.237050487503021e-197,True
combined,20,D3_gteqwen2,D3_qwen3,-11.955157001167688,7.147802543669579e-33,1.3866736934718983e-30,True
combined,20,D3_gteqwen2,D3_e5mistral,-15.417111698058639,1.9391484826497872e-53,4.266126661829532e-51,True
combined,20,D3_e5mistral,A2_har_rv,8.916389434350844,5.062100430189586e-19,7.593150645284378e-17,False
combined,20,D3_e5mistral,A3_garch,-6.32527241054738,2.56057884138689e-10,2.816636725525579e-08,True
combined,20,D3_e5mistral,A4_egarch,-4.369374001701856,1.2498736149291835e-05,0.0008749115304504285,True
combined,20,D3_e5mistral,A5_arima,-3.8955039823680866,9.819006545739996e-05,0.006480544320188398,True
combined,20,D3_e5mistral,B2_tfidf_ridge,-31.535012915582467,4.904546026192943e-215,2.0304820548438786e-212,True
combined,20,D3_e5mistral,C1_bert_s1,-28.174102732905762,1.4209895247625422e-172,5.257661241621406e-170,True
combined,20,D3_e5mistral,C1_bert_s2,-26.505235211080493,3.544809281035988e-153,1.205235155552236e-150,True
combined,20,D3_e5mistral,C2_finbert_s1,-24.36899793727157,5.310067824087305e-130,1.6142606185225407e-127,True
combined,20,D3_e5mistral,C2_finbert_s2,-26.5830337766896,4.6821579534895725e-154,1.6012980200934337e-151,True
combined,20,D3_e5mistral,C2_finbert_s3,-24.923356948604827,7.767742653018447e-136,2.4546066783538295e-133,True
combined,20,D3_e5mistral,C2_finbert_s4,-23.575003431437935,7.282943625399694e-122,2.097487764115112e-119,True
combined,20,D3_e5mistral,C3_roberta_s1,-27.08147908725282,9.539694832435018e-160,3.377051970681996e-157,True
combined,20,D3_e5mistral,C4_longformer,-24.268212996328916,5.920366308091568e-129,1.7524284271951042e-126,True
combined,20,D3_e5mistral,C5_qwen3,-28.001063834887475,1.6449371085531206e-170,6.053368559475484e-168,True
combined,20,D3_e5mistral,C5_gteqwen2,-28.469367900587777,4.013826674299431e-176,1.5413094429309815e-173,True
combined,20,D3_e5mistral,C5_e5mistral,-29.32396114298729,1.3609611337731977e-186,5.416625312417327e-184,True
combined,20,D3_e5mistral,D1_concat_mlp,-19.964263040883086,3.790957064877587e-88,9.401573520896416e-86,True
combined,20,D3_e5mistral,D2_gated_fusion,-29.159425774033043,1.4872554933325034e-184,5.770551314130113e-182,True
combined,20,D3_e5mistral,D3_qwen3,2.971433953001939,0.002966286528497477,0.15424689948186882,False
combined,20,D3_e5mistral,D3_gteqwen2,15.417111698058639,1.9391484826497872e-53,4.266126661829532e-51,False
