model,disclosure,horizon,axis,stratum,n,rel_impr_pct,dm_q_stat,dm_q_p,ci_lo,ci_hi,placebo_rel_impr_pct
B1_bow_ridge,long_form,5,all,ALL,7951,1.6453166106838268,-6.75177697668904,1.563113570718682e-11,0.0014156091922559446,0.002560558038353998,-0.024274191021000837
B1_bow_ridge,long_form,5,vol_regime,mid,2650,1.233460428723946,-3.197654914058997,0.0014018286260626823,0.0005508138093499342,0.0022935867229523176,-0.055854881505178096
B1_bow_ridge,long_form,5,vol_regime,high,2650,3.0064434058761087,-8.225517210642845,3.009659662589373e-16,0.0031785657523635117,0.0051277997785551714,0.012592687833658831
B1_bow_ridge,long_form,5,vol_regime,low,2651,0.36428592800626874,-0.6499175399185523,0.5158018204637185,-0.0008225110202198973,0.0015555640633020072,-0.037601803792209176
B1_bow_ridge,long_form,5,period,<=2022,1977,-0.016533170146410127,0.028321136667317486,0.9774088826341705,-0.0013326041008691052,0.0012743305272955737,-0.17006943852452788
B1_bow_ridge,long_form,5,period,2023,1982,2.0201008169016106,-4.865872785554507,1.229549109114655e-06,0.0012995669203469875,0.003053740494471534,0.07587944498356786
B1_bow_ridge,long_form,5,period,2024-2025,3992,2.208434511790565,-6.739995794692052,1.8108580395449848e-11,0.0020306705678217528,0.0037134486097080764,-0.002451807771555957
B1_bow_ridge,long_form,5,form,10-Q,5960,1.8505490832447304,-8.258300252175243,1.8035153525879623e-16,0.0017026130346991175,0.002743532529717755,-0.04488699024793251
B1_bow_ridge,long_form,5,form,10-K,1991,1.0430243543521374,-1.4995283208124386,0.1338952474293035,-0.0003729652756195643,0.0029313601434295387,0.03621784126212915
B1_bow_ridge,long_form,10,all,ALL,7933,1.4430793808168227,-9.179812311390869,5.421606402945204e-20,0.0009887240657312048,0.0015341894465860052,0.011395176907981235
B1_bow_ridge,long_form,10,vol_regime,mid,2644,1.3585172234834706,-5.139591086127984,2.954387001330063e-07,0.0006739847773487353,0.0014837233579792553,0.01835289229309454
B1_bow_ridge,long_form,10,vol_regime,high,2644,2.094483606839445,-7.600937032940856,4.056491215796948e-14,0.0017153904004804093,0.0028752765630086835,0.003576185800149043
B1_bow_ridge,long_form,10,vol_regime,low,2645,0.5958171451851463,-2.003749112103064,0.04519879332670463,-2.615284693615584e-05,0.000873215197088624,0.015247878905657162
B1_bow_ridge,long_form,10,period,<=2022,1976,0.7878149111573767,-2.420545427213596,0.015586914728708734,0.00012894455729061028,0.001096706402744943,-0.04307896597068671
B1_bow_ridge,long_form,10,period,2023,1982,1.570814429575057,-3.9316368254539475,8.727011001886595e-05,0.0007614614659336779,0.0021318681566685313,-0.004492957122776318
B1_bow_ridge,long_form,10,period,2024-2025,3975,1.6565124123927375,-8.926416285670767,6.590956412670897e-19,0.0012016027988030655,0.0018753862480299173,0.04134203241372631
B1_bow_ridge,long_form,10,form,10-Q,5949,1.5482478029269828,-12.359811328397496,1.145434822628912e-34,0.0010872517671001282,0.001498528388407052,0.016998817480208234
B1_bow_ridge,long_form,10,form,10-K,1984,1.176948927952404,-2.5987227186934354,0.009426475027827948,0.00034298347050598627,0.0020939904719496135,-0.002784929375387023
B1_bow_ridge,long_form,20,all,ALL,7902,2.9855262769059867,-13.075267803903577,1.1468412495968374e-38,0.001785560503465147,0.002412650610776228,0.15645138904478742
B1_bow_ridge,long_form,20,vol_regime,mid,2634,2.8158249623734237,-6.177248409349729,7.533469247353173e-10,0.0012289014184427112,0.0024014804048558525,0.10195528556381013
B1_bow_ridge,long_form,20,vol_regime,high,2634,3.9016650587089816,-10.887383984198493,4.942392930632042e-27,0.0026760629334278154,0.0039015132392068107,0.17434957483253133
B1_bow_ridge,long_form,20,vol_regime,low,2634,1.9125701557437964,-4.722097687419778,2.4566046585697686e-06,0.0006654785490609519,0.0016896624675598164,0.18807021460322226
B1_bow_ridge,long_form,20,period,<=2022,1975,3.418422682237563,-5.957378710285076,3.0273251117221223e-09,0.0012030091612131378,0.002379310400378435,-0.014308896734923249
B1_bow_ridge,long_form,20,period,2023,1979,2.8895165474903175,-6.319774420566328,3.2277852615792464e-10,0.0015358865119513576,0.002938233383572805,0.18445781021039084
B1_bow_ridge,long_form,20,period,2024-2025,3948,2.8858242473245683,-9.780434817699394,2.4457146222209864e-22,0.0017485579099690094,0.0026565329971207858,0.20073138988213685
B1_bow_ridge,long_form,20,form,10-Q,5930,3.175469117525325,-15.13437082387576,8.464386959737024e-51,0.001918746684678138,0.002483839704516329,0.19079677479936108
B1_bow_ridge,long_form,20,form,10-K,1972,2.447615432335486,-3.7428409153066156,0.00018716229407423997,0.0008470124201892524,0.0027365201488101947,0.05918657296589461
B2_tfidf_ridge,long_form,5,all,ALL,7951,3.330501426266583,-11.338148065949502,1.4314838354283112e-29,0.003320774234738755,0.004712020766656009,-0.04983569358094363
B2_tfidf_ridge,long_form,5,vol_regime,mid,2650,2.186370385634225,-4.347791665703981,1.4270612670059751e-05,0.001452128982669366,0.003635620992009857,-0.09395885012938329
B2_tfidf_ridge,long_form,5,vol_regime,high,2650,5.34054592835058,-10.849277951835617,7.314734351488412e-27,0.00600867291771872,0.00866506513247156,0.03517058310742542
B2_tfidf_ridge,long_form,5,vol_regime,low,2651,1.9994425898887553,-3.5734492983419384,0.0003585939158512814,0.0010271777357211225,0.003408208542216495,-0.11058728151377067
B2_tfidf_ridge,long_form,5,period,<=2022,1977,0.5142043294594033,-0.7446663444605356,0.45656200117325074,-0.0009605559690892194,0.002115873476855975,-0.31692553382173505
B2_tfidf_ridge,long_form,5,period,2023,1982,3.8464714472389674,-7.078969288385739,2.00812039160272e-12,0.0029705927297971465,0.005290756439062408,0.08531131725771444
B2_tfidf_ridge,long_form,5,period,2024-2025,3992,4.333659465870968,-11.241341412291085,6.91117426969129e-29,0.004597686996663913,0.0066816074410696496,0.009955693198418323
B2_tfidf_ridge,long_form,5,form,10-Q,5960,3.629313947727742,-10.22031505221608,2.550307518666847e-24,0.003518300758587555,0.005207845470529052,-0.05667118312964776
B2_tfidf_ridge,long_form,5,form,10-K,1991,2.45358138761337,-4.907289194999983,9.98541655235395e-07,0.0018005336569680782,0.004135559742305314,-0.029775698337262266
B2_tfidf_ridge,long_form,10,all,ALL,7933,3.4823316043620336,-15.29925124265144,4.267875395131434e-52,0.0026450694577023768,0.003444607718358774,0.044996466000315025
B2_tfidf_ridge,long_form,10,vol_regime,mid,2644,2.7581657473279044,-6.57447750741729,5.862005806016058e-11,0.0015732160516083937,0.002828687809504117,0.0431822161038975
B2_tfidf_ridge,long_form,10,vol_regime,high,2644,4.463504883974424,-12.535239625471185,4.661730985375111e-35,0.004091076162082196,0.005603700171565411,0.04173798391955001
B2_tfidf_ridge,long_form,10,vol_regime,low,2645,2.840556055239349,-6.231387158114774,5.36282413982627e-10,0.001459781722586563,0.002799250019385765,0.051612930055440064
B2_tfidf_ridge,long_form,10,period,<=2022,1976,1.965782637659263,-3.3858579096574224,0.0007234559874684982,0.0006436707893455212,0.002382406221974599,-0.19137633784876126
B2_tfidf_ridge,long_form,10,period,2023,1982,2.764014888885398,-7.071410503477562,2.117770760106611e-12,0.0017292350729350425,0.003015817698327809,0.09023940488285587
B2_tfidf_ridge,long_form,10,period,2024-2025,3975,4.443109817047314,-15.223559567427289,6.565748636721938e-51,0.00357321853388298,0.004655352236359884,0.1223722404127802
B2_tfidf_ridge,long_form,10,form,10-Q,5949,4.140777027895514,-15.066470196417855,2.266573371865969e-50,0.003021776293862556,0.003909970524283718,0.07251046323315526
B2_tfidf_ridge,long_form,10,form,10-K,1984,1.8161244365115894,-4.644338459262463,3.6355356932118857e-06,0.0009955878524483689,0.0025546323930100007,-0.024628164632787997
B2_tfidf_ridge,long_form,20,all,ALL,7902,5.919859595467064,-19.616773197113712,1.0655550259870722e-83,0.0037359526186045975,0.0045637853959816016,0.43307671176787144
B2_tfidf_ridge,long_form,20,vol_regime,mid,2634,4.961488334145459,-9.113966466240186,1.5322371662376307e-19,0.002484238366192829,0.0038298838140408725,0.3244820534729425
B2_tfidf_ridge,long_form,20,vol_regime,high,2634,7.1722177114277486,-14.674858425873957,6.331622075361152e-47,0.005260543291484328,0.006892019477188744,0.4323337286419632
B2_tfidf_ridge,long_form,20,vol_regime,low,2634,5.199392082983536,-9.328920071915977,2.1969920213725794e-20,0.0025519226965697254,0.0039118582612194235,0.5456533281545164
B2_tfidf_ridge,long_form,20,period,<=2022,1975,6.014044792604051,-7.675694766514094,2.5690407524183233e-14,0.002328506463835836,0.0039247743354819675,0.04505551355034292
B2_tfidf_ridge,long_form,20,period,2023,1979,4.256910220103933,-9.099585881324673,2.1503614611320485e-19,0.0025409505657228593,0.003911015840163285,0.4073957446499225
B2_tfidf_ridge,long_form,20,period,2024-2025,3948,6.722320238102117,-16.360475791227802,2.9106983341021264e-58,0.004523990845735409,0.005725707188166553,0.5785248747057747
B2_tfidf_ridge,long_form,20,form,10-Q,5930,6.5449909930043875,-18.085157915797065,3.324725579973623e-71,0.004043065932169749,0.005003144704956288,0.5194000269426978
B2_tfidf_ridge,long_form,20,form,10-K,1972,4.14951143746124,-8.008792535323543,1.9615002626745236e-15,0.0022639577168537877,0.003800750862297613,0.18861239176291475
B3_lm_linear,long_form,5,all,ALL,7951,0.4946605450340357,-1.7001812014489934,0.0891359613734039,-8.837109238710949e-05,0.0013188755214194113,-0.07232358078676215
B3_lm_linear,long_form,5,vol_regime,mid,2650,-0.5491381484096532,1.066891889508314,0.2861178800972496,-0.0017782543047551137,0.0005323646484793229,-0.16372923824838279
B3_lm_linear,long_form,5,vol_regime,high,2650,1.4156118788042962,-3.012558005840556,0.002615070982447735,0.0006668157270899271,0.003228999469674979,-0.008609966887529161
B3_lm_linear,long_form,5,vol_regime,low,2651,0.42841618164018336,-0.753164759987549,0.45141781700812056,-0.0008414883090423964,0.001703674100120328,-0.0568258484927505
B3_lm_linear,long_form,5,period,<=2022,1977,-2.0174601019242533,3.0210129261310055,0.002551620425057828,-0.0037765553455203402,-0.0008668804239927985,-0.38527721837367396
B3_lm_linear,long_form,5,period,2023,1982,0.6243161264906514,-1.1513422143970833,0.24973041630777387,-0.00044377999204590364,0.0017994734635278522,0.12652627100551483
B3_lm_linear,long_form,5,period,2024-2025,3992,1.5250033220678874,-3.93049743475881,8.620670655337015e-05,0.001002233358139703,0.0030355013111027307,-0.018867214052488455
B3_lm_linear,long_form,5,form,10-Q,5960,0.38578314275992287,-1.0808551158406166,0.27980530728415354,-0.00035998466978532826,0.0013188656027569325,-0.0464937540690685
B3_lm_linear,long_form,5,form,10-K,1991,0.8141812108475237,-1.7750144245667687,0.07604833218806328,-0.00011725711913316287,0.0020975661748574696,-0.1481259351624306
B3_lm_linear,long_form,10,all,ALL,7933,1.79408603148366,-5.445647051102129,5.316225115980829e-08,0.0010099611137719814,0.002124751983446158,0.19701855275399716
B3_lm_linear,long_form,10,vol_regime,mid,2644,0.8229936449773241,-1.5272146260793733,0.12682730721559005,-0.0001808262544019717,0.0014846034491313945,0.21493365778352225
B3_lm_linear,long_form,10,vol_regime,high,2644,2.670663482546357,-4.8770038888149205,1.1409583029693008e-06,0.0017636721181279943,0.004055020469289245,0.19710791863438853
B3_lm_linear,long_form,10,vol_regime,low,2645,1.565278104844656,-2.5409937235280435,0.011110487731026013,0.0002726484404587616,0.0020292412035754675,0.1778457834900739
B3_lm_linear,long_form,10,period,<=2022,1976,-1.0667216673131787,1.3682760385057293,0.17138132225690828,-0.0020407024116705728,0.00033833828357068634,-0.4716323672906469
B3_lm_linear,long_form,10,period,2023,1982,2.5348768746619594,-3.584785155972339,0.0003455183256484956,0.001038530282497896,0.0034579827919601585,0.327380998762927
B3_lm_linear,long_form,10,period,2024-2025,3975,2.6416061815760563,-6.565140285702205,5.869194625840175e-11,0.00169988398204316,0.003205326314843874,0.41480358959913344
B3_lm_linear,long_form,10,form,10-Q,5949,1.776591481737934,-4.450439856516591,8.725842820338484e-06,0.0008357666335856854,0.0021226641675406513,0.2612023927772364
B3_lm_linear,long_form,10,form,10-K,1984,1.8383562825064659,-3.015700510393209,0.002596422033482027,0.0007026065649841053,0.003063350225459507,0.034600271018533885
B3_lm_linear,long_form,20,all,ALL,7902,3.484928689567726,-9.632027221865279,7.718001654547799e-22,0.0019359038615177457,0.0029531247815177053,-0.2930807521891826
B3_lm_linear,long_form,20,vol_regime,mid,2634,3.1728234294896507,-5.194856318684383,2.2054902967149635e-07,0.0013256839138133217,0.0027674872304716026,-0.13176160669008122
B3_lm_linear,long_form,20,vol_regime,high,2634,4.402378468309437,-7.289503981411405,4.093430053352832e-13,0.002744471949128821,0.004747423223773766,-0.3316919951256109
B3_lm_linear,long_form,20,vol_regime,low,2634,2.556486821642856,-3.7204548043576366,0.00020302182198750772,0.000747767681872151,0.0024301933482623558,-0.40624427363999716
B3_lm_linear,long_form,20,period,<=2022,1975,1.5050855316753686,-1.6114956016347453,0.10723160952571074,-0.00018858224753518318,0.001697639778760996,-0.0729813276611497
B3_lm_linear,long_form,20,period,2023,1979,4.049842671820542,-6.364154624511399,2.433669541617453e-10,0.0021768107664494464,0.003988325168135616,-0.2888152189132836
B3_lm_linear,long_form,20,period,2024-2025,3948,3.8777670127928574,-8.092431970855262,7.713924953687602e-16,0.0022203364878000433,0.003670397247518292,-0.370413721657579
B3_lm_linear,long_form,20,form,10-Q,5930,4.073481742943066,-9.304004900594494,1.8628489353976336e-20,0.0022427069889323615,0.003454227995141471,-0.35040556345031076
B3_lm_linear,long_form,20,form,10-K,1972,1.8181690002665207,-2.8297596768974573,0.004705482683251616,0.00044746681223138094,0.0022490873185665463,-0.13073908382319624
B4_lm_features,long_form,5,all,ALL,7951,0.11279127264884282,-2.7966909124361963,0.00517529308463671,3.8579064913783764e-05,0.0002246144344787389,-0.049112314313386696
B4_lm_features,long_form,5,vol_regime,mid,2650,0.021381304709850966,-0.28843005202950034,0.7730401326496499,-0.00014478498247292353,0.00018158345048064318,-0.06893152349597924
B4_lm_features,long_form,5,vol_regime,high,2650,0.3752506565588666,-6.147978989621081,9.032061289387764e-10,0.00034629353504550607,0.0006853761261911762,0.0211649067972764
B4_lm_features,long_form,5,vol_regime,low,2651,-0.12167520504420658,1.539606801062318,0.12377561772952571,-0.00030920670114967133,2.7001873618850856e-05,-0.11676649154333653
B4_lm_features,long_form,5,period,<=2022,1977,-0.009518159889387352,0.11949844240774543,0.904892621408766,-0.0001931800269178909,0.00016562165653526316,-0.2533241568334569
B4_lm_features,long_form,5,period,2023,1982,0.18390979306217237,-2.431123508325005,0.015140255768468466,2.8092693364029265e-05,0.00035576721643662497,0.06834075281411073
B4_lm_features,long_form,5,period,2024-2025,3992,0.1363876481703896,-2.348072718475799,0.01891939590057599,3.148525118588388e-05,0.00032356411085277795,-0.009186679173169534
B4_lm_features,long_form,5,form,10-Q,5960,0.05138382565091645,-1.0137034474006619,0.3107654353420431,-5.8341458768370714e-05,0.00018077767108193177,-0.058591903847855696
B4_lm_features,long_form,5,form,10-K,1991,0.2930026658384569,-5.240572260818668,1.7702980908641797e-07,0.0002230080308345949,0.000500585218950412,-0.021292723687350232
B4_lm_features,long_form,10,all,ALL,7933,-0.9221600983274089,8.660180940957774,5.643877902939107e-18,-0.00098787064451122,-0.0006124023863926377,0.059218448792967775
B4_lm_features,long_form,10,vol_regime,mid,2644,-0.42826919598818186,2.3430439185534104,0.019200915079439388,-0.0006282345410889354,-4.680181880421103e-05,0.11243825822315509
B4_lm_features,long_form,10,vol_regime,high,2644,-1.41193040923251,8.597086179977577,1.3766693938627225e-17,-0.0018686144808454117,-0.001183532241185404,0.02605683162867229
B4_lm_features,long_form,10,vol_regime,low,2645,-0.7425618985297374,3.529899824660817,0.0004228144099604507,-0.0008578976632078541,-0.00023427773408053284,0.05035300151754823
B4_lm_features,long_form,10,period,<=2022,1976,0.08995876958795701,-0.36475377349151533,0.715334266086775,-0.0002851750025424684,0.0004361477052425508,-0.18066846704409792
B4_lm_features,long_form,10,period,2023,1982,-0.89181405259213,4.731498804885704,2.3862243684640707e-06,-0.0010899211349582182,-0.0004579533935755543,0.09714312047765752
B4_lm_features,long_form,10,period,2024-2025,3975,-1.3566324926013607,9.520606716368311,2.89697165068254e-21,-0.0015309128244022743,-0.0009911119870687677,0.14142344616713234
B4_lm_features,long_form,10,form,10-Q,5949,-1.0616855253459703,8.1514206445354,4.348109510244053e-16,-0.0011039159000891573,-0.0006641661365815187,0.07355324818614968
B4_lm_features,long_form,10,form,10-K,1984,-0.5690886693422252,3.0832251554459518,0.002075910878393993,-0.0009169709201001855,-0.00021943785194574004,0.02294399893736269
B4_lm_features,long_form,20,all,ALL,7902,-1.9204741365980584,14.656875830308563,5.178197438694245e-48,-0.0015296801902105303,-0.001172079587105994,-0.3645968964628294
B4_lm_features,long_form,20,vol_regime,mid,2634,-1.5924942471745254,7.186765758065742,8.601434904629685e-13,-0.0012744294042316088,-0.00074521238715819,-0.20909061390719375
B4_lm_features,long_form,20,vol_regime,high,2634,-2.3606432850188503,11.17066577617981,2.4350091755125585e-28,-0.002341477464026312,-0.0016416266420774756,-0.37902055640429366
B4_lm_features,long_form,20,vol_regime,low,2634,-1.6581463760468076,6.8283247271294165,1.0627507891000116e-11,-0.0013240217451792656,-0.0007291337347852699,-0.5047193247036541
B4_lm_features,long_form,20,period,<=2022,1975,-1.56131551412461,5.506575640508449,4.136810851033587e-08,-0.0010949340181984938,-0.0005347914086721241,-0.12734549180653626
B4_lm_features,long_form,20,period,2023,1979,-1.47615243036947,6.254470082888577,4.874624244314115e-10,-0.0014760794657886775,-0.0007755198992629236,-0.3325061007230664
B4_lm_features,long_form,20,period,2024-2025,3948,-2.2661784908269014,12.52555220524219,2.5200338617820575e-35,-0.0020017930852896187,-0.0014664346470918011,-0.461755003249832
B4_lm_features,long_form,20,form,10-Q,5930,-2.207833738842664,13.765955137214943,1.827588014358802e-42,-0.0017583881850158482,-0.0013115968365416766,-0.42459650704385554
B4_lm_features,long_form,20,form,10-K,1972,-1.10668275686073,5.213184139990968,2.0506307295139123e-07,-0.0011119548241178368,-0.0005270824660193078,-0.19468029894167455
C1_bert_s1,long_form,5,all,ALL,7951,0.11848154642710448,-0.9605648147902127,0.3368002400981529,-0.00014687975012678888,0.0004164809322707562,-0.07252239835162239
C1_bert_s1,long_form,5,vol_regime,mid,2650,-0.11881301637095495,0.5621162569384217,0.5740843716458273,-0.0006125810399130159,0.00033779340464144565,-0.16336604841693703
C1_bert_s1,long_form,5,vol_regime,high,2650,0.3825781615867428,-1.788373303916832,0.07383004675199206,-4.280012135694583e-05,0.001099968529999182,0.12294717143868042
C1_bert_s1,long_form,5,vol_regime,low,2651,0.03458627566631543,-0.1637018919746169,0.8699783114649567,-0.0004317051319459151,0.0004912827713515651,-0.22332621370682976
C1_bert_s1,long_form,5,period,<=2022,1977,-2.186469951983711,7.2211840489097625,7.32075313188517e-13,-0.0031593061336344917,-0.0017959604757040869,-0.7774442006531679
C1_bert_s1,long_form,5,period,2023,1982,0.9556936116778347,-4.710416219092797,2.643805099282622e-06,0.000590798127221228,0.0014636030750006062,0.27706710688889785
C1_bert_s1,long_form,5,period,2024-2025,3992,0.76939148359665,-4.928885527160838,8.605857199059956e-07,0.0006011931025939577,0.0014023695522979245,0.08819382900758889
C1_bert_s1,long_form,5,form,10-Q,5960,0.2397137116406604,-1.8187871187633267,0.06899408521139246,-2.954238252513223e-05,0.0005900796873769764,-0.05589599297986301
C1_bert_s1,long_form,5,form,10-K,1991,-0.23729643263895497,0.8139634135096953,0.41576329493268627,-0.0009976621198169845,0.0004111630364275218,-0.12131562820013281
C1_bert_s1,long_form,10,all,ALL,7933,-1.2823173171874116,4.3669370330309745,1.276015493211553e-05,-0.0016121641173550577,-0.0006204326127452802,0.06501033749744745
C1_bert_s1,long_form,10,vol_regime,mid,2644,-0.6399552412958074,1.2171917892741002,0.22363992251323275,-0.0013586716491877295,0.0002819407803692471,0.1485659248827446
C1_bert_s1,long_form,10,vol_regime,high,2644,-1.290514709886665,2.6932770031034496,0.007120034328950441,-0.0023743786344766174,-0.00037565287309886277,0.12441738038754034
C1_bert_s1,long_form,10,vol_regime,low,2645,-1.953370834331264,3.505475555843951,0.00046337358691109004,-0.0022792962387869807,-0.000647729701417254,-0.10927829208286821
C1_bert_s1,long_form,10,period,<=2022,1976,-1.8752292064449383,3.2231664531728157,0.0012884830377513084,-0.002352833232922305,-0.0005769292577667605,-0.3374872434248689
C1_bert_s1,long_form,10,period,2023,1982,0.37635883600009506,-0.6495765901124835,0.5160410673995093,-0.0006627993691502227,0.0012740985115462279,0.1384244696644082
C1_bert_s1,long_form,10,period,2024-2025,3975,-1.799613405412027,4.3505831070771155,1.3918503510313096e-05,-0.0024404945233218144,-0.0009214646018538155,0.1984357742961859
C1_bert_s1,long_form,10,form,10-Q,5949,-1.3900418702427522,3.643935825126489,0.00027078933179156526,-0.0017776693197465887,-0.0005529272649014423,0.15733007424656908
C1_bert_s1,long_form,10,form,10-K,1984,-1.009718532171835,2.5671404018493855,0.010326859139696557,-0.0017658600028674313,-0.00025028269618440196,-0.16860630195001444
C1_bert_s1,long_form,20,all,ALL,7902,2.9501240406208877,-15.113444567398918,6.766413997687831e-51,0.0017951433453947765,0.002341770068538695,0.20872444075173832
C1_bert_s1,long_form,20,vol_regime,mid,2634,2.725786535652568,-7.662390087083359,2.5473698219739828e-14,0.0012762354077592041,0.002169999667218291,0.04915932135826905
C1_bert_s1,long_form,20,vol_regime,high,2634,3.226376967105245,-11.544784297683893,4.110625868378472e-30,0.0022854888431719177,0.0031827693438814184,0.11634748509026432
C1_bert_s1,long_form,20,vol_regime,low,2634,2.8044866547341742,-6.703677744455193,2.4773472751890908e-11,0.0012296391017311864,0.0022383710105283584,0.49842300882681667
C1_bert_s1,long_form,20,period,<=2022,1975,3.496550988943776,-7.5105163234686,8.869288136054107e-14,0.0013443172044734957,0.002287687463094416,-0.13068122262626317
C1_bert_s1,long_form,20,period,2023,1979,2.3387528281755605,-6.1316478893679935,1.0472513409905257e-09,0.0011901642549290651,0.0023448579210614633,0.38181237256086414
C1_bert_s1,long_form,20,period,2024-2025,3948,3.070297562081819,-11.818486349956911,1.0660758206224328e-31,0.0019742973411350237,0.0027188867232996344,0.237801757859141
C1_bert_s1,long_form,20,form,10-Q,5930,3.009724906007251,-13.401996531649088,2.266610050677128e-40,0.001777462006823158,0.002371690500816223,0.2941702489604571
C1_bert_s1,long_form,20,form,10-K,1972,2.781336674208051,-6.942713945410147,5.202186483186476e-12,0.0014733418011223488,0.002625745038323403,-0.033254813157985404
C2_finbert_s1,long_form,5,all,ALL,7951,0.5621361399397687,-5.573568413126545,2.577387009328298e-08,0.0004440566917848451,0.000917788333447219,0.012409593661658148
C2_finbert_s1,long_form,5,vol_regime,mid,2650,0.4135379087968922,-2.5016766714980703,0.012420554955745716,0.00010246794753559523,0.00083693262959123,-0.04833080779919906
C2_finbert_s1,long_form,5,vol_regime,high,2650,0.27812102087527274,-1.704525260088414,0.08840026416596229,-4.713203887993304e-05,0.0008431019540505141,-0.1267481905306536
C2_finbert_s1,long_form,5,vol_regime,low,2651,1.0748202852127786,-4.917612143626855,9.29593029471301e-07,0.0007220084198960677,0.0016549764417415269,0.2509817366529128
C2_finbert_s1,long_form,5,period,<=2022,1977,1.3617540525628602,-5.936240997603391,3.4360395932121087e-09,0.0010547889714213384,0.002051821691205361,0.3842860242614261
C2_finbert_s1,long_form,5,period,2023,1982,-0.042625765851287675,0.22839230173276248,0.8193648460858011,-0.00043064751977548983,0.0003674507860592434,-0.1703918629227075
C2_finbert_s1,long_form,5,period,2024-2025,3992,0.46519052102658376,-3.425398161624149,0.0006200926744034911,0.00028405662988454625,0.0009604373509867936,-0.0730400628627665
C2_finbert_s1,long_form,5,form,10-Q,5960,0.7667148771667529,-6.263262028437245,4.0334277071208697e-10,0.0006243436942354219,0.0012129170363683413,0.05388247235926018
C2_finbert_s1,long_form,5,form,10-K,1991,-0.03823761039529642,0.22673770345898397,0.820650995346076,-0.00045109781341760456,0.00033478768720905227,-0.10930016004184803
C2_finbert_s1,long_form,10,all,ALL,7933,4.558108481415759,-12.769558213320115,5.600237525417054e-37,0.003363817713478773,0.004596675233452012,-0.019708155520692553
C2_finbert_s1,long_form,10,vol_regime,mid,2644,4.565085570360286,-7.4662507836109,1.1140418686861182e-13,0.0026884867773149176,0.0045403423088340705,-0.02320291294233151
C2_finbert_s1,long_form,10,vol_regime,high,2644,5.531424161592071,-10.35738245838016,1.1405458007843022e-24,0.004851649935889139,0.007054518223558509,-0.019054344945497573
C2_finbert_s1,long_form,10,vol_regime,low,2645,3.1504142962757813,-4.065610014441028,4.9305747412843404e-05,0.0011903995469164518,0.003498117448284793,-0.016933757446608935
C2_finbert_s1,long_form,10,period,<=2022,1976,2.3610217431976177,-2.9539823656814717,0.003174100656452289,0.0006513775576984874,0.003012447382043793,0.02912095017383793
C2_finbert_s1,long_form,10,period,2023,1982,5.172111102202076,-7.869143510389247,5.824760528065691e-15,0.0033946902423449992,0.005572810000077241,-0.04333869312503825
C2_finbert_s1,long_form,10,period,2024-2025,3975,5.188246305574245,-10.595435973591696,6.908413199145613e-26,0.003937330672507608,0.005717519604057575,-0.029115847560696954
C2_finbert_s1,long_form,10,form,10-Q,5949,5.196778430392143,-12.460350660302586,3.368153279961186e-35,0.003640945353084885,0.005016039855857833,-0.024260008090612344
C2_finbert_s1,long_form,10,form,10-K,1984,2.941943483010208,-4.298556531985456,1.802460459541035e-05,0.00158490892412225,0.004287255980835485,-0.008189616386046759
C2_finbert_s1,long_form,20,all,ALL,7902,-0.0837431042934366,5.981780257472185,2.3032271034461296e-09,-7.881682648516618e-05,-3.8699725592049243e-05,0.0014593209139444666
C2_finbert_s1,long_form,20,vol_regime,mid,2634,-0.05234114958921316,2.1475211779038985,0.031842839680341316,-6.20470291412162e-05,-2.7137643927168747e-06,-0.07199633683751135
C2_finbert_s1,long_form,20,vol_regime,high,2634,-0.03590559518127132,2.031302802588541,0.04232454054892996,-5.8133614749740724e-05,-1.3177425407493906e-06,-0.0014546544651046628
C2_finbert_s1,long_form,20,vol_regime,low,2634,-0.1811335350151464,5.078250245057876,4.075423755271465e-07,-0.00015859785007019082,-6.857005662223867e-05,0.08089152438663677
C2_finbert_s1,long_form,20,period,<=2022,1975,-0.1698089629458022,4.832387316186364,1.4531195351060114e-06,-0.00012471640387878784,-5.235878926771374e-05,0.09381942116366174
C2_finbert_s1,long_form,20,period,2023,1979,-0.000448418373394863,0.01689790295681716,0.9865197699293109,-4.0717082112835306e-05,3.924704794103866e-05,-0.03889208268806804
C2_finbert_s1,long_form,20,period,2024-2025,3948,-0.09614634562136229,5.2965707860301805,1.2443332007024601e-07,-0.00010003392480531511,-4.634658590719056e-05,-0.009841027423731072
C2_finbert_s1,long_form,20,form,10-Q,5930,-0.08270088526027874,4.97564065153967,6.686703582698215e-07,-7.971877022567045e-05,-3.4650753403471305e-05,0.012859193059994193
C2_finbert_s1,long_form,20,form,10-K,1972,-0.08669462864952918,3.135355134169896,0.0017417702916532076,-0.0001024739131195682,-2.4933596506357963e-05,-0.030824680073313755
C4_longformer,long_form,5,all,ALL,7951,1.5263781171705173,-8.729907631360366,3.0705444202353247e-18,0.0014460164666236733,0.0022825753862747906,-0.005241786771269058
C4_longformer,long_form,5,vol_regime,mid,2650,1.206452453202946,-4.264176841664021,2.076660447323493e-05,0.0007414344771408272,0.002026299425431186,0.01498983342487531
C4_longformer,long_form,5,vol_regime,high,2650,2.096762074304435,-6.911444998631538,5.987790716787509e-12,0.0021557908119141543,0.003720201549598488,-0.01117885445793648
C4_longformer,long_form,5,vol_regime,low,2651,1.1437077784881395,-3.2720298710336393,0.001081482083253467,0.0005325499327232708,0.001962485680041198,-0.01894169744800857
C4_longformer,long_form,5,period,<=2022,1977,0.9847289098737343,-2.332281174871606,0.019785880495503654,0.00019796120316568206,0.0020782761679839744,0.015480400561637284
C4_longformer,long_form,5,period,2023,1982,1.4373906323396475,-4.2864569553673,1.902571834437332e-05,0.0008669544518325578,0.0022559450161006855,-0.015379763271147923
C4_longformer,long_form,5,period,2024-2025,3992,1.7964782989795454,-7.922426431644618,2.9966147379375227e-15,0.001769315866423917,0.002934904773377919,-0.010023137457469586
C4_longformer,long_form,5,form,10-Q,5960,1.4843066641067735,-7.352578681984677,2.2060374194760586e-13,0.0012956590336515163,0.002253206105966598,-0.019406668251424203
C4_longformer,long_form,5,form,10-K,1991,1.6498444969140802,-4.610074255233419,4.280848831855408e-06,0.001199033046684962,0.0028444690418809424,0.036327650661795385
C4_longformer,long_form,10,all,ALL,7933,-2.6076340994257934,16.83792072067941,1.555416941660279e-62,-0.0025362617043695177,-0.0020102980656736694,-0.22794338753571686
C4_longformer,long_form,10,vol_regime,mid,2644,-2.3387635141940732,8.173788939787375,4.583267016275249e-16,-0.0022888591228627155,-0.0014069125454825146,-0.22816217470510686
C4_longformer,long_form,10,vol_regime,high,2644,-2.784938018141576,12.100132093920156,7.657197263011641e-33,-0.003493389357315663,-0.002535315810303986,-0.25477840663482615
C4_longformer,long_form,10,vol_regime,low,2645,-2.6383688716216653,7.650445632949167,2.7860902404339842e-14,-0.0024696670166762537,-0.001446198669854523,-0.1891041489453403
C4_longformer,long_form,10,period,<=2022,1976,-1.8957517151056207,4.731382000648159,2.3880744509414876e-06,-0.002084252621628672,-0.0008679584187555035,0.2673891269223286
C4_longformer,long_form,10,period,2023,1982,-1.9919372883214337,7.4439231565192925,1.4495052128497529e-13,-0.002154318787311787,-0.0012653486393398006,-0.679946881219157
C4_longformer,long_form,10,period,2024-2025,3975,-3.186855530656372,16.106091055268568,1.3799137786917702e-56,-0.0033154422555337496,-0.0025966875921252987,-0.22564142405361662
C4_longformer,long_form,10,form,10-Q,5949,-2.6206127683128035,13.750965254263336,2.2238297088948898e-42,-0.0024989280532867635,-0.0018937811851461954,-0.23013208153309309
C4_longformer,long_form,10,form,10-K,1984,-2.574791360520198,9.802780187466732,3.464026302496324e-22,-0.0030586290718608907,-0.0020416432294947887,-0.22240486073255475
C4_longformer,long_form,20,all,ALL,7902,-9.341306531512819,8.42968481560756,4.0806800402670414e-17,-0.008102568477871592,-0.004958629904273604,-0.06850042004420051
C4_longformer,long_form,20,vol_regime,mid,2634,-6.887092513935152,3.27550318173552,0.0010684125495348845,-0.007051499468249513,-0.001957091385997108,-0.15033071351004032
C4_longformer,long_form,20,vol_regime,high,2634,-4.126437177870452,2.559230843120282,0.010545828033986016,-0.006049606039157337,-0.0008476286288602219,-0.04028997683091335
C4_longformer,long_form,20,vol_regime,low,2634,-18.962561028548194,7.421068684094545,1.5593220703487965e-13,-0.015181554827384525,-0.008499584299531255,-0.022839600629136668
C4_longformer,long_form,20,period,<=2022,1975,-14.527261968868197,6.005415787756708,2.2659036593769096e-09,-0.009870040517749873,-0.00499040101735694,0.03336825873689167
C4_longformer,long_form,20,period,2023,1979,-2.7761127053101373,1.4877608752689315,0.13697336045007993,-0.004957498029953222,0.0006837118205955544,-0.04500779243518993
C4_longformer,long_form,20,period,2024-2025,3948,-10.864720955168282,6.8380610415186105,9.263428815946594e-12,-0.010789775046869487,-0.005864950364168809,-0.11509258405003686
C4_longformer,long_form,20,form,10-Q,5930,-1.1806980424511717,1.077100308333443,0.2814792777630639,-0.0023550211450385416,0.0006968553484657754,-0.10863087958771818
C4_longformer,long_form,20,form,10-K,1972,-32.45183699555727,10.172901448941843,9.986698029207976e-24,-0.028209812138446987,-0.019242806715037343,0.04514750327667553
C5_qwen3,long_form,5,all,ALL,7951,-1.0346893475750993,4.020571223142068,5.85938373977865e-05,-0.0018762987604765905,-0.0006467664742047738,-0.008090011172781929
C5_qwen3,long_form,5,vol_regime,mid,2650,-0.8257991735287801,1.6910897429443217,0.09093729597179155,-0.001993503058082817,0.00022480576186310368,-0.004426126661403803
C5_qwen3,long_form,5,vol_regime,high,2650,-0.5605150445625596,1.4507174877175815,0.14697694161047103,-0.0018382661163744167,0.0002332120932523429,-0.021515769621839584
C5_qwen3,long_form,5,vol_regime,low,2651,-1.8496224827071266,3.6625041770094797,0.00025465036329651053,-0.0031194934787344077,-0.0009358000252402604,0.004962676511971846
C5_qwen3,long_form,5,period,<=2022,1977,0.5187834171307923,-0.7799991073225887,0.4354848170964787,-0.0008365395635080398,0.0020590527109523634,-0.04349770302528862
C5_qwen3,long_form,5,period,2023,1982,-1.8148517028283326,3.811413151135906,0.00014239335868945077,-0.002971113085683146,-0.000928447805829747,0.04618976622413924
C5_qwen3,long_form,5,period,2024-2025,3992,-1.3848692374852416,4.313459814369273,1.6460683653105618e-05,-0.0026463412510038388,-0.001054262000190246,-0.015071632334536995
C5_qwen3,long_form,5,form,10-Q,5960,-0.8045864790923535,3.600292916829591,0.0003204438876184405,-0.0014941260879282952,-0.0004689284280823605,-0.01271086498441181
C5_qwen3,long_form,5,form,10-K,1991,-1.7099683329985196,2.141555782894555,0.03235035302066174,-0.003933569288433608,-0.00014550755045410533,0.005470730135149004
C5_qwen3,long_form,10,all,ALL,7933,-3.1346123604403946,4.410135289649693,1.0466882649753479e-05,-0.0038674018356263085,-0.0015854220238089433,-0.17808685194308765
C5_qwen3,long_form,10,vol_regime,mid,2644,-3.027594434892321,2.3248612963315094,0.020154761658564863,-0.004377890573687601,-0.00035372775579553556,0.05510430603851704
C5_qwen3,long_form,10,vol_regime,high,2644,-3.152928830827873,2.6764938363751294,0.007485640937348932,-0.005894346871328541,-0.0010287002106320333,-0.15107024815371656
C5_qwen3,long_form,10,vol_regime,low,2645,-3.2220237671069856,2.4687443735048205,0.01362160285199406,-0.004308771276392151,-0.00048422259207114973,-0.46484274564593786
C5_qwen3,long_form,10,period,<=2022,1976,-0.5836416242231539,0.3236639890878519,0.7462267056311817,-0.0029870054567093193,0.002372991603003179,-0.3413212528489294
C5_qwen3,long_form,10,period,2023,1982,-3.8024641691993173,2.471872073494389,0.01352424322656601,-0.005949466333180679,-0.0008788740132665748,-0.04143286261902022
C5_qwen3,long_form,10,period,2024-2025,3975,-3.8869857299399033,4.60123916557166,4.330822787916997e-06,-0.005235885594098462,-0.0021086815645378326,-0.1731819946261497
C5_qwen3,long_form,10,form,10-Q,5949,-0.013088100370907454,0.023783203123850863,0.9810263360242888,-0.0008984571521606954,0.0008750759727494852,-0.19989200892448628
C5_qwen3,long_form,10,form,10-K,1984,-11.033681760658295,5.01460272167112,5.78727317359156e-07,-0.015104648534856928,-0.006841949275961211,-0.1229085371428435
C5_qwen3,long_form,20,all,ALL,7902,-6.646698813197656,4.823954162639518,1.4337456590562837e-06,-0.006579529255995873,-0.0027018328939780395,-0.016272257470371736
C5_qwen3,long_form,20,vol_regime,mid,2634,-8.878062101729604,3.358770706809662,0.000794043422044451,-0.008986165155840936,-0.0024008563158522786,0.003308409068404872
C5_qwen3,long_form,20,vol_regime,high,2634,-6.368298296795532,2.986987720910173,0.002843406773280766,-0.008750842843108083,-0.001818435281534702,-0.025219032967188908
C5_qwen3,long_form,20,vol_regime,low,2634,-4.733335830715254,1.7921693513736494,0.07322061758934269,-0.006144771034731129,0.00011223540433611658,-0.02420771300294105
C5_qwen3,long_form,20,period,<=2022,1975,-8.17158412889376,3.0680780788556246,0.0021836824337196485,-0.006963414937870705,-0.0014560663546774899,-0.027683282855709774
C5_qwen3,long_form,20,period,2023,1979,0.9022093532288856,-0.356148984967387,0.721766976093648,-0.0032070127766523136,0.004152884650353392,0.006219821963143348
C5_qwen3,long_form,20,period,2024-2025,3948,-9.914564511209319,5.040394177838595,4.854071906091754e-07,-0.010608325793794079,-0.004715324222302921,-0.023662743818449704
C5_qwen3,long_form,20,form,10-Q,5930,6.240678911840125,-6.735244364596287,1.790856250723963e-11,0.003044414128769012,0.005557115493913018,-0.049454112148654375
C5_qwen3,long_form,20,form,10-K,1972,-43.14325858755097,10.153564422584349,1.2058468966291523e-23,-0.037495688776142504,-0.025617262312250186,0.07769748319588136
D2_gated_fusion,long_form,5,all,ALL,7951,-0.1171051018852128,1.1186792068835545,0.2633108190208949,-0.0003969142398645529,9.693623437656276e-05,-0.07371628772459628
D2_gated_fusion,long_form,5,vol_regime,mid,2650,-0.4050800567852283,2.136500020122073,0.0327300653021348,-0.0009133347678178715,-4.1464069893123856e-05,-0.007612797711945485
D2_gated_fusion,long_form,5,vol_regime,high,2650,0.42382648914946697,-2.3275602678745453,0.020010441055758884,9.975096004654241e-05,0.0010855297376277783,-0.03402155779520332
D2_gated_fusion,long_form,5,vol_regime,low,2651,-0.4961604189864748,2.9711546971074516,0.0029934983611701878,-0.0008949299149234591,-0.00018631905197059783,-0.19280174377580792
D2_gated_fusion,long_form,5,period,<=2022,1977,-0.686637662676001,2.6550586101123286,0.00799313352696697,-0.0013559861341563915,-0.0001873568295560112,-0.598965792842109
D2_gated_fusion,long_form,5,period,2023,1982,0.12152505492107615,-0.6469316438473249,0.5177511344102632,-0.00025549377350198835,0.0005288096235023912,0.08027261852068003
D2_gated_fusion,long_form,5,period,2024-2025,3992,0.03070698831929262,-0.22473438165840973,0.8221974209419692,-0.00029445641052731615,0.00039369465347319156,0.08969679324044645
D2_gated_fusion,long_form,5,form,10-Q,5960,-0.2160260017870901,1.8392981629774932,0.06592106300704027,-0.0005359050517133915,7.593763974637383e-06,-0.08244400363646741
D2_gated_fusion,long_form,5,form,10-K,1991,0.17319638528603615,-0.7758219678205619,0.4379463001969308,-0.0003382599629657114,0.0007481625619021494,-0.048103207866471334
D2_gated_fusion,long_form,10,all,ALL,7933,0.1348815382416972,-0.5614295431314699,0.5745206099090301,-0.00026464122319207054,0.0005207488487708925,0.009990736683990774
D2_gated_fusion,long_form,10,vol_regime,mid,2644,0.4107213785594981,-1.0859768695268341,0.2775882622257147,-0.0002599574907826822,0.0009383246950747334,0.028007111708986326
D2_gated_fusion,long_form,10,vol_regime,high,2644,-0.39798934252333984,0.9248410271397977,0.35513303667234125,-0.0013111615619262227,0.0005155677601001019,0.01548682565803364
D2_gated_fusion,long_form,10,vol_regime,low,2645,0.6082808085845421,-1.4314411562177505,0.15242200870283978,-0.00018791950358718323,0.0010627568382825473,-0.017068160396455225
D2_gated_fusion,long_form,10,period,<=2022,1976,-0.3454856191757873,0.7071783816068306,0.47953906181561456,-0.001025821666098305,0.0004751364076818347,-0.04493698509279229
D2_gated_fusion,long_form,10,period,2023,1982,0.6831977315183166,-1.3379780997250912,0.18105713934920215,-0.00018191765932872378,0.0015349655383657943,0.0380191646205804
D2_gated_fusion,long_form,10,period,2024-2025,3975,0.08202096032645738,-0.2507268434150523,0.8020382672112754,-0.0005390864286336471,0.0007065654539181498,0.019907472782506003
D2_gated_fusion,long_form,10,form,10-Q,5949,0.36204552464522727,-1.33368037701343,0.18235969586761014,-0.0001310701461641543,0.000744294616269665,0.008227939051801548
D2_gated_fusion,long_form,10,form,10-K,1984,-0.4399607324993587,0.8672778206328711,0.38589473879139574,-0.0013292366225477238,0.000625278849791704,0.014451525604751084
D2_gated_fusion,long_form,20,all,ALL,7902,-6.000683385285953,4.276267572750569,1.9228917715230455e-05,-0.0061674466031176895,-0.002286294799454345,0.0034444238042494676
D2_gated_fusion,long_form,20,vol_regime,mid,2634,-4.404998715941407,1.82729359233119,0.0677687724627445,-0.005760431651714679,0.0003973002449493122,0.012306597526232158
D2_gated_fusion,long_form,20,vol_regime,high,2634,-8.354724833211847,3.8090523758192085,0.000142689246663188,-0.010634886127763194,-0.0033731853541345423,-0.029126329320421484
D2_gated_fusion,long_form,20,vol_regime,low,2634,-4.4350483927491124,1.6638102630702947,0.09626935069534417,-0.00583764028173538,0.00046907080086393537,0.03868408128299086
D2_gated_fusion,long_form,20,period,<=2022,1975,-7.300733302653717,2.7869738684875047,0.005371195866999847,-0.006557997362546647,-0.0011207255958502337,0.041494079935274236
D2_gated_fusion,long_form,20,period,2023,1979,1.961873046017593,-0.6867808019601912,0.4923013737889745,-0.0027236237787339863,0.005642691185937608,-0.03522204018317042
D2_gated_fusion,long_form,20,period,2024-2025,3948,-9.552969835402552,4.998409359401583,6.031350126468324e-07,-0.010223127226375407,-0.00432638418004636,0.009852361455885965
D2_gated_fusion,long_form,20,form,10-Q,5930,-3.6209622143672218,2.1730623386998733,0.029815088940876814,-0.004663774529799882,-0.0002312641969057361,-0.003600302377575855
D2_gated_fusion,long_form,20,form,10-K,1972,-12.739962532198271,5.234159181712513,1.833758081002348e-07,-0.01279516061168029,-0.005812462375653515,0.02339481834335156
B1_bow_ridge,event_driven,5,all,ALL,25109,1.3314178846094407,-7.425037323681767,1.1633381399129666e-13,0.0012382230198305483,0.002142898371363505,-0.027252487871800596
B1_bow_ridge,event_driven,5,vol_regime,high,8370,1.5369012363387422,-4.885115779426023,1.052857357013161e-06,0.0011759010654151397,0.002693518453228573,-0.009998397218769014
B1_bow_ridge,event_driven,5,vol_regime,low,8370,1.0623027917165586,-3.077598465211608,0.0020935054335496925,0.000526545400468309,0.0022476796048941793,-0.035856976133946915
B1_bow_ridge,event_driven,5,vol_regime,mid,8369,1.4070731401489127,-5.037121391738741,4.824625001570095e-07,0.0010640897694612328,0.0023928347810677586,-0.03569660201473802
B1_bow_ridge,event_driven,5,period,<=2022,6247,1.7457430772219096,-5.1342034512422074,2.9191473201697834e-07,0.0012241415993832635,0.002678359322534817,-0.04449773128667733
B1_bow_ridge,event_driven,5,period,2023,6237,0.7036495239650294,-1.742058671309769,0.08154748038484436,-0.00012043632186344957,0.0018203722111606508,-0.055732969906028225
B1_bow_ridge,event_driven,5,period,2024-2025,12625,1.4472799794873392,-5.980377406850937,2.2864113826835465e-09,0.001311587760931809,0.002621362047901747,-0.007441232247139646
B1_bow_ridge,event_driven,5,form,Other,12077,1.0991632667197915,-3.9149544587423075,9.091813134023644e-05,0.0007197459709129027,0.002126532398911289,-0.025331713463039838
B1_bow_ridge,event_driven,5,form,"8.01,9.01",3405,0.0937606768384226,-0.18390268056622192,0.8541007556501949,-0.001242685579916115,0.0014619291896544166,-0.0039223072940996265
B1_bow_ridge,event_driven,5,form,"7.01,9.01",2020,0.4046009322895295,-0.7256825021288644,0.46811753667237044,-0.0008569442559677147,0.0018695498256537878,0.01835088934985774
B1_bow_ridge,event_driven,5,form,5.02,1661,0.14014723217248712,-0.251778457069648,0.8012434760034299,-0.00150119096702893,0.001661828413134706,-0.06649406086640587
B1_bow_ridge,event_driven,5,form,"2.02,9.01",5946,3.5045563022516686,-12.092736700119914,2.8290447076699513e-33,0.0032914826927539624,0.004536226734637889,-0.0517210428222755
B1_bow_ridge,event_driven,10,all,ALL,25001,1.2287187745886017,-6.013781741674704,1.837596110558525e-09,0.0007020541198909705,0.001457696893267413,0.00019012100502025636
B1_bow_ridge,event_driven,10,vol_regime,high,8334,1.3146820711795566,-3.8215979029881035,0.00013355426723747,0.0006050820442106107,0.0019046020332334154,-0.0028711829769165922
B1_bow_ridge,event_driven,10,vol_regime,low,8335,1.078629140562567,-2.5454452399243848,0.01093170598660485,0.0001712816658437545,0.0015797291036421827,-0.009295727719953085
B1_bow_ridge,event_driven,10,vol_regime,mid,8332,1.2802345566411548,-3.954023111692087,7.748410910264634e-05,0.0005455277730575228,0.0016133577960630028,0.013041409060297295
B1_bow_ridge,event_driven,10,period,<=2022,6239,2.2622244483776464,-4.766126833031351,1.9205877662502755e-06,0.0009885929490618026,0.0024200038274169314,-0.01413699831528986
B1_bow_ridge,event_driven,10,period,2023,6233,0.18152650839868606,-0.3986640488424015,0.6901544195716206,-0.0006491683407039697,0.0008610735811930162,0.00010627864634151975
B1_bow_ridge,event_driven,10,period,2024-2025,12529,1.2620907857981818,-4.943092537148892,7.78880107859143e-07,0.0007436241935416469,0.0017066506754971878,0.0059486212633996114
B1_bow_ridge,event_driven,10,form,Other,12022,0.7980603400247767,-2.481070819856165,0.013112405778224118,0.00015074854980575228,0.001317955466624218,0.01439437635935804
B1_bow_ridge,event_driven,10,form,"8.01,9.01",3386,0.6606160112582902,-1.1724778341950421,0.24108777271309517,-0.00042169613636496597,0.0015726671426582043,-0.009642214796965132
B1_bow_ridge,event_driven,10,form,"7.01,9.01",2008,1.735229296492431,-2.9889293324892225,0.0028335641181639077,0.0005641249056914322,0.0027425470162674576,0.008681528523490505
B1_bow_ridge,event_driven,10,form,5.02,1654,1.3527008181774336,-2.259250588945907,0.023997570918189947,0.0002396077937635154,0.0025841723464771395,-0.015622735473250866
B1_bow_ridge,event_driven,10,form,"2.02,9.01",5931,2.4966537797533137,-7.933308398107888,2.531938891275457e-15,0.0013643271920933035,0.0022166889431774286,-0.027184700746166763
B1_bow_ridge,event_driven,20,all,ALL,24732,1.5311119888873492,-6.503969438273341,7.972150326750355e-11,0.0006951787195282735,0.0012707214334544965,0.005587476985023961
B1_bow_ridge,event_driven,20,vol_regime,high,8244,1.2570852342625847,-3.305645613414405,0.0009516272459765961,0.00035204121013940516,0.001466391183071932,0.002391338719390266
B1_bow_ridge,event_driven,20,vol_regime,low,8245,1.8594858815792479,-3.5442032813308892,0.00039598255484717983,0.0004227623422461374,0.001601720948680407,0.0040382134612325
B1_bow_ridge,event_driven,20,vol_regime,mid,8243,1.558383922224025,-3.881731790916393,0.00010452444593843153,0.0004838064743607081,0.0014742231376741837,0.010703725225406465
B1_bow_ridge,event_driven,20,period,<=2022,6226,2.5595996370917486,-5.080277284845497,3.8786389690710466e-07,0.0008318474552665759,0.0018687803660494319,0.0003411606794387668
B1_bow_ridge,event_driven,20,period,2023,6226,0.4314089574570327,-0.7942561653556527,0.4270765942164358,-0.0004267731397870464,0.0008560515091839282,0.006743585603694666
B1_bow_ridge,event_driven,20,period,2024-2025,12280,1.6164756468666226,-5.388313866626611,7.243533337924957e-08,0.0007302909545278531,0.0016113743702982394,0.007036286448850727
B1_bow_ridge,event_driven,20,form,Other,11877,0.7262791336780515,-1.8266191730843178,0.06778213771252944,-5.6929768268697395e-05,0.00100860876982261,0.0037450019077949316
B1_bow_ridge,event_driven,20,form,"8.01,9.01",3332,2.7418685769402686,-4.632443860457923,3.7520994803908835e-06,0.00104362009604521,0.002620043870694342,0.011556041918637797
B1_bow_ridge,event_driven,20,form,"7.01,9.01",1977,2.9925673402792685,-4.49697516338166,7.292563525837543e-06,0.0011983044001980577,0.0029783278253337183,0.017384197189958737
B1_bow_ridge,event_driven,20,form,5.02,1629,1.1260753933103624,-1.5715846996475373,0.11624121343168396,-0.00013904036526657827,0.0018341877164807364,0.0008621511315838586
B1_bow_ridge,event_driven,20,form,"2.02,9.01",5917,2.2650981231773955,-7.10740735998047,1.321822099350638e-12,0.000846543586000746,0.0015037638961205098,0.0026178780523574544
B2_tfidf_ridge,event_driven,5,all,ALL,25109,1.2074814852933002,-7.0468232020146075,1.8777638397358487e-12,0.0011085040001995432,0.001965393713051187,-0.002401394347185653
B2_tfidf_ridge,event_driven,5,vol_regime,high,8370,1.7275811511526449,-6.012061922050681,1.908532952029407e-09,0.0014750705952493624,0.0028894941872964542,-0.0042202452004260725
B2_tfidf_ridge,event_driven,5,vol_regime,low,8370,0.952566259654805,-2.9889962664571947,0.0028070871739186622,0.00042420470735636106,0.0020541143989920834,-0.0009590207703607549
B2_tfidf_ridge,event_driven,5,vol_regime,mid,8369,0.9482351991258191,-3.4425884507057667,0.0005789954582979802,0.00048326475668513937,0.001798540663432668,-0.0020773419504927764
B2_tfidf_ridge,event_driven,5,period,<=2022,6247,1.3686185891207723,-3.6674503241654017,0.00024701834876632897,0.0007345344656692815,0.0023384362622888896,-0.014570672878667328
B2_tfidf_ridge,event_driven,5,period,2023,6237,0.9603131118866516,-2.7837823843163982,0.005389092549788492,0.0003486482566276832,0.001998959849056425,0.004760816673200972
B2_tfidf_ridge,event_driven,5,period,2024-2025,12625,1.2539042735868249,-5.388592864751329,7.228714547736572e-08,0.001072849872095593,0.0023118666197462453,-0.0007178870648616758
B2_tfidf_ridge,event_driven,5,form,Other,12077,0.9041318298663746,-4.072910901267867,4.672561701449779e-05,0.0006052748126865772,0.0017226645034122572,-0.0043857575251064485
B2_tfidf_ridge,event_driven,5,form,"8.01,9.01",3405,0.18247633800384794,-0.31739504227511917,0.7509633348568993,-0.001192293594674467,0.0017855523492087565,0.006380051083678215
B2_tfidf_ridge,event_driven,5,form,"7.01,9.01",2020,0.15468517701531156,-0.274804213433934,0.7834947771030047,-0.0011432012624787856,0.0015892367183179049,0.02421149120100784
B2_tfidf_ridge,event_driven,5,form,5.02,1661,0.6101245045011319,-1.0247305697014273,0.305639636145825,-0.000763419564229822,0.0025123581494801662,-0.011654818391633752
B2_tfidf_ridge,event_driven,5,form,"2.02,9.01",5946,3.2447592949823085,-8.728727291679306,3.3017007463137955e-18,0.002828838658834545,0.004438716029853911,-0.010799960629267163
B2_tfidf_ridge,event_driven,10,all,ALL,25001,1.3547084106734704,-7.2088163875639015,5.804284712576473e-13,0.0008673891207045896,0.001514448830390927,-0.017450474508863913
B2_tfidf_ridge,event_driven,10,vol_regime,high,8334,1.4622660987830285,-4.873568411050694,1.1162372871454394e-06,0.0008401764892059963,0.001953685138296626,-0.0006748124023795043
B2_tfidf_ridge,event_driven,10,vol_regime,low,8335,1.3826524259057993,-3.6360204291462646,0.0002785519597916383,0.0005438125199415295,0.0017746615136440378,0.005559623995644524
B2_tfidf_ridge,event_driven,10,vol_regime,mid,8332,1.2055368218045786,-3.8174008878240517,0.0001358421697138847,0.000507418903699215,0.0015424851817200547,-0.0591860209733378
B2_tfidf_ridge,event_driven,10,period,<=2022,6239,1.7203155179878842,-3.894677654632611,9.935682766869858e-05,0.0006304571498632489,0.001997687613885441,0.025659231476588502
B2_tfidf_ridge,event_driven,10,period,2023,6233,0.7636659740313817,-2.0826399993397016,0.03732473135319258,4.268335029477757e-05,0.001223732149414869,-0.026212578369546817
B2_tfidf_ridge,event_driven,10,period,2024-2025,12529,1.4605053600650109,-5.858886006046217,4.776940938482587e-09,0.0009537619643131596,0.0018893144388546386,-0.030936676781324304
B2_tfidf_ridge,event_driven,10,form,Other,12022,1.0394936861355668,-4.0474406810710235,5.2104984929110914e-05,0.0004686813951717344,0.0014333250938676784,-0.0369906629139999
B2_tfidf_ridge,event_driven,10,form,"8.01,9.01",3386,0.6426509570315391,-1.0413136619926842,0.2978043645490648,-0.0005308758890522929,0.0017384302041461765,-0.03257998365413746
B2_tfidf_ridge,event_driven,10,form,"7.01,9.01",2008,1.7328890068292142,-2.568092983757815,0.01029774919877692,0.0003926304986713297,0.0028952044477616465,-0.00406060164310544
B2_tfidf_ridge,event_driven,10,form,5.02,1654,1.7966081569311019,-2.3031220782411386,0.021395604260120108,0.0003970148819184126,0.003464431593580658,0.004744574159563824
B2_tfidf_ridge,event_driven,10,form,"2.02,9.01",5931,2.358514130724345,-5.917462381182262,3.4522496940627844e-09,0.0011625383461898971,0.0022531180745138137,0.029930422089301606
B2_tfidf_ridge,event_driven,20,all,ALL,24732,1.839723831694423,-8.222041279968158,2.0979438973542498e-16,0.0009048991084656466,0.0014648792023020146,-0.01885815670889954
B2_tfidf_ridge,event_driven,20,vol_regime,high,8244,1.4263353614627485,-3.802797183102072,0.0001441042145060164,0.0004995114293273549,0.0015759978339954731,-0.041724207317422844
B2_tfidf_ridge,event_driven,20,vol_regime,low,8245,2.6141694372030284,-5.54112966448808,3.09788224794489e-08,0.0009133238468046893,0.001991854409071716,-0.015235439713150471
B2_tfidf_ridge,event_driven,20,vol_regime,mid,8243,1.6319428436377617,-3.928717683282692,8.609741238928398e-05,0.0004940402830755826,0.0015289791671301454,0.004627069556048479
B2_tfidf_ridge,event_driven,20,period,<=2022,6226,2.592113142562067,-4.601259066772563,4.282694229073046e-06,0.000797143500926627,0.0019269749237359854,-0.03459692706523447
B2_tfidf_ridge,event_driven,20,period,2023,6226,1.371426559417894,-3.155716198091742,0.0016086788434206962,0.0003070826003572392,0.0013555077415395576,-0.026038235715072265
B2_tfidf_ridge,event_driven,20,period,2024-2025,12280,1.7599309932772909,-6.076580588932842,1.264086985079487e-09,0.0008624517229520848,0.0016878352259141205,-0.010006494211954375
B2_tfidf_ridge,event_driven,20,form,Other,11877,1.1442742948606772,-3.560323240880928,0.00037184622719539374,0.00035264877013923353,0.00118778650899027,-0.01794274247424732
B2_tfidf_ridge,event_driven,20,form,"8.01,9.01",3332,1.5169551848150318,-1.8857097183071163,0.059421024834216636,-3.084811978387392e-05,0.0021244220753061957,0.019262033432966966
B2_tfidf_ridge,event_driven,20,form,"7.01,9.01",1977,3.2597933435218565,-4.135426155800671,3.6912977304779145e-05,0.001193403414107319,0.003366086988966047,0.08068535416341209
B2_tfidf_ridge,event_driven,20,form,5.02,1629,1.1047434766400546,-0.994471051201188,0.32014137621232835,-0.0007455920456231809,0.0023084716403139562,-0.033390885738958674
B2_tfidf_ridge,event_driven,20,form,"2.02,9.01",5917,3.5446317161218728,-7.506041251870308,6.995988308460975e-14,0.0013773017108968644,0.002311577395438928,-0.0878628883952709
B3_lm_linear,event_driven,5,all,ALL,25109,0.24765520989577852,-4.822962301312632,1.4227011323987622e-06,0.00018623625102218733,0.0004465818726245413,0.017706753861883563
B3_lm_linear,event_driven,5,vol_regime,high,8370,0.18260733640726218,-2.0478370114115596,0.04060711598201683,3.0983453157384537e-06,0.00045700557463896854,0.03229637879903294
B3_lm_linear,event_driven,5,vol_regime,low,8370,0.21749649302877644,-2.4192771992169724,0.015572564415324877,5.054594754847017e-05,0.0005151521314764403,0.02224459967772861
B3_lm_linear,event_driven,5,vol_regime,mid,8369,0.34568436347494164,-3.758660774018943,0.00017198751753264734,0.00020103879996138585,0.0006462331387134155,-0.0019258442151136737
B3_lm_linear,event_driven,5,period,<=2022,6247,0.28542288329720855,-2.520002929979029,0.01176011401293872,6.588127809613136e-05,0.0005602441661273538,0.082580694479378
B3_lm_linear,event_driven,5,period,2023,6237,0.06895965494653473,-0.6957811553605975,0.48659182094899966,-0.00014081001982051356,0.0003348920936501289,-0.023314251152501905
B3_lm_linear,event_driven,5,period,2024-2025,12625,0.31301074853246585,-4.435882370282746,9.247166438690722e-06,0.00023858845265366517,0.0006124634817315873,0.010012922570247829
B3_lm_linear,event_driven,5,form,Other,12077,-0.01120524588320305,0.13547213242286912,0.8922408541768049,-0.00023225155866434053,0.0001988688253714073,0.02968690365300723
B3_lm_linear,event_driven,5,form,"8.01,9.01",3405,0.20959079460143004,-1.6509111682236723,0.0988489619481853,-5.92311653492821e-05,0.0006042961573574598,-0.017913783910471586
B3_lm_linear,event_driven,5,form,"7.01,9.01",2020,0.35971614088563253,-1.7379709081862074,0.08236840490843217,-5.068548330036732e-05,0.0009683038107897103,-0.008978903774290035
B3_lm_linear,event_driven,5,form,5.02,1661,0.03961190733555044,-0.3625914970752243,0.7169562211240447,-0.00025597717004306774,0.00034970952281160555,-0.016928113681609
B3_lm_linear,event_driven,5,form,"2.02,9.01",5946,0.9162902681264389,-9.448118487068855,4.842815332566574e-21,0.0008143923686791662,0.00123786452373687,0.03615554086066133
B3_lm_linear,event_driven,10,all,ALL,25001,0.2001155233282111,-3.0349065413379637,0.002408575147536612,6.19296653428827e-05,0.0002948920924024782,0.021775325601755074
B3_lm_linear,event_driven,10,vol_regime,high,8334,0.1905343417999114,-1.7588773083546798,0.07863504872645036,-2.432150860671147e-05,0.00037551446540920637,-0.026754520562044148
B3_lm_linear,event_driven,10,vol_regime,low,8335,0.1612968081296313,-1.332836158774533,0.18262201259398164,-5.3416862792355754e-05,0.0003293412041752565,0.023961888595889175
B3_lm_linear,event_driven,10,vol_regime,mid,8332,0.24937806048277186,-2.1289865948015927,0.033284617008104235,2.3616628596895668e-05,0.0004105911814932456,0.07443103523112422
B3_lm_linear,event_driven,10,period,<=2022,6239,0.10504760473360324,-0.6884866260078578,0.4911719922686946,-0.00015574078442845456,0.00031679676215135114,0.07421282499715266
B3_lm_linear,event_driven,10,period,2023,6233,-0.027915483032904493,0.20583856009665014,0.836923742942142,-0.00024003935062487166,0.0001871253468930339,0.05857915128562989
B3_lm_linear,event_driven,10,period,2024-2025,12529,0.3352495338079914,-3.8925493415129426,9.971040420131136e-05,0.00016774732731954643,0.0004886452305523505,-0.014851660114987116
B3_lm_linear,event_driven,10,form,Other,12022,0.0034345637166235854,-0.030801377600646086,0.9754284531175121,-0.00018884143175402007,0.00018939515117257896,0.0356218745504999
B3_lm_linear,event_driven,10,form,"8.01,9.01",3386,0.4340128412793993,-2.868796095841721,0.004145886830648876,0.00012963038138777433,0.0006734315431133499,-0.006353636445911093
B3_lm_linear,event_driven,10,form,"7.01,9.01",2008,0.20757535445974226,-0.8530476032952481,0.3937346969321929,-0.00023199048328591322,0.0006533360754084223,0.011224374396375022
B3_lm_linear,event_driven,10,form,5.02,1654,0.14058062518455075,-1.1107272269338937,0.2668473171278686,-9.664077087811711e-05,0.0003963344969673547,-0.009940330969725667
B3_lm_linear,event_driven,10,form,"2.02,9.01",5931,0.5615643477711868,-5.503506857221014,3.879149040560098e-08,0.0002644505035894696,0.000541707110827631,0.02374715347221391
B3_lm_linear,event_driven,20,all,ALL,24732,0.25951126075034736,-2.644572564712411,0.008184582347523478,4.86359535148396e-05,0.00029449661529813936,-0.014856989347529452
B3_lm_linear,event_driven,20,vol_regime,high,8244,0.166600645634261,-1.128300159460163,0.2592260140221714,-0.00010304821395688241,0.0003388360282762721,-0.01574417350127999
B3_lm_linear,event_driven,20,vol_regime,low,8245,0.3960138771088915,-1.7566204746607867,0.0790196430266564,-1.17117247043325e-05,0.0005023047596418133,-0.012288018995343142
B3_lm_linear,event_driven,20,vol_regime,mid,8243,0.24631136275997814,-1.6259046514494442,0.10400817187944994,-3.088281159186702e-05,0.0003469116125598021,-0.01611185153632847
B3_lm_linear,event_driven,20,period,<=2022,6226,-0.1081246342211303,0.5357582916805664,0.5921447519371388,-0.00026007128273115957,0.00014314254165043668,0.013538354614283044
B3_lm_linear,event_driven,20,period,2023,6226,-0.16852035063179563,0.9573424534674555,0.33843161193464694,-0.0003192921149614859,0.00010569266863663439,-0.036449305465666514
B3_lm_linear,event_driven,20,period,2024-2025,12280,0.5764121034988875,-4.124584320982299,3.7385142527413e-05,0.0002344769911823841,0.0006278868009798924,-0.016210414529751856
B3_lm_linear,event_driven,20,form,Other,11877,-0.061579230035577186,0.3388718491064615,0.7347122633895011,-0.0002726837784056389,0.00021671771664403164,-0.012104101488717508
B3_lm_linear,event_driven,20,form,"8.01,9.01",3332,0.9250981380507263,-4.600588521692289,4.370009533792351e-06,0.0003483901954554155,0.0008957559307803675,-0.02697346151075782
B3_lm_linear,event_driven,20,form,"7.01,9.01",1977,0.2862313885678949,-0.9761841987212546,0.32909268212821136,-0.0001835967495608683,0.0006048423316326381,-0.0001847103086723015
B3_lm_linear,event_driven,20,form,5.02,1629,0.1949024154543524,-1.0324493814758469,0.30201499679760396,-9.463798073903544e-05,0.00040014255364011317,0.0029393807656559467
B3_lm_linear,event_driven,20,form,"2.02,9.01",5917,0.6312235566384461,-5.471609277762923,4.642789201063772e-08,0.00020741049474316058,0.0004446940080842485,-0.0266028889461979
B4_lm_features,event_driven,5,all,ALL,25109,0.1842237215472996,-3.945214726212784,7.994522179745076e-05,0.00011439271836905531,0.00035075984848020615,0.0016486774918298892
B4_lm_features,event_driven,5,vol_regime,high,8370,0.3151213541285901,-4.027910092024902,5.677233670262423e-05,0.00020493187315242096,0.0005882664766938125,-0.0006209925915732236
B4_lm_features,event_driven,5,vol_regime,low,8370,0.0965255074867489,-1.1599791033788702,0.24609040473616922,-9.618756581185781e-05,0.0003222431534560279,-0.0006401377110948339
B4_lm_features,event_driven,5,vol_regime,mid,8369,0.1438716580784097,-1.729384173521643,0.08377723877964825,-2.7929700252701344e-05,0.000367477389512728,0.006376706057331141
B4_lm_features,event_driven,5,period,<=2022,6247,0.4592511996639437,-4.75532328948132,2.025758303199645e-06,0.000298126435218483,0.0006965821686527569,0.0016290020425646751
B4_lm_features,event_driven,5,period,2023,6237,0.03355806887810462,-0.3673592608717204,0.7133635215569207,-0.00016648116752935587,0.00025263273915555195,0.00016045884844061875
B4_lm_features,event_driven,5,period,2024-2025,12625,0.14112342567655112,-2.1582667010709695,0.03092589504368966,1.6481200382187514e-05,0.000366060934188027,0.0023279382593359467
B4_lm_features,event_driven,5,form,Other,12077,-0.22012805313428152,2.9929142049216844,0.0027688631419583677,-0.0004802254339741202,-0.00010673655927319422,0.00046783149210943647
B4_lm_features,event_driven,5,form,"8.01,9.01",3405,0.015313283400940738,-0.12649339339208893,0.8993488490581125,-0.00029585359019729154,0.0003237832144149275,-0.004556764397750411
B4_lm_features,event_driven,5,form,"7.01,9.01",2020,0.18895948003883398,-1.2338325277483093,0.21740892227301656,-0.00012067859715811221,0.0006540210490718119,-0.00207921903845692
B4_lm_features,event_driven,5,form,5.02,1661,0.31586540075225383,-2.0357264592842275,0.04193634079896391,2.6378154452175198e-05,0.0008856444147906374,-0.006148147203434532
B4_lm_features,event_driven,5,form,"2.02,9.01",5946,1.2097183014290949,-12.025500689848643,6.276135572432011e-33,0.0011278768446124333,0.0015626738630967012,0.012864840994747653
B4_lm_features,event_driven,10,all,ALL,25001,0.08201157078130653,-3.7672314730453915,0.00016544651621670445,3.447730449057275e-05,0.0001100254396312364,0.011379424843372307
B4_lm_features,event_driven,10,vol_regime,high,8334,0.1584914619907327,-4.430753590792526,9.510450549661607e-06,8.12263861603633e-05,0.00021652832496451546,0.026222281042805683
B4_lm_features,event_driven,10,vol_regime,low,8335,-0.0184888475866099,0.45043273321111055,0.652410164016555,-8.074507195074776e-05,5.0024412401755893e-05,-0.0011666450910983225
B4_lm_features,event_driven,10,vol_regime,mid,8332,0.09513556179790654,-2.519127319105556,0.01178317175090405,1.9102133429065598e-05,0.00014125413478711097,0.007035899852668721
B4_lm_features,event_driven,10,period,<=2022,6239,0.20514609937926448,-4.000260140379913,6.400469265746763e-05,8.16453413880309e-05,0.00023477047327901163,0.07941550812179729
B4_lm_features,event_driven,10,period,2023,6233,-0.005206512123850078,0.12893958790713195,0.897409612330427,-6.57405847938236e-05,6.106369095744955e-05,0.022212461395087323
B4_lm_features,event_driven,10,period,2024-2025,12529,0.06998937277390915,-2.386403160846396,0.017028841825756973,1.0613475154637709e-05,0.00012066797999639494,-0.020412464772865062
B4_lm_features,event_driven,10,form,Other,12022,0.013494150402704273,-0.3910657513970398,0.6957555659743607,-4.871015964758859e-05,7.78620683159243e-05,0.025639277793766686
B4_lm_features,event_driven,10,form,"8.01,9.01",3386,0.02968778556785443,-0.5681590069018101,0.5699646889024205,-6.453876620973627e-05,0.00012364852152925448,-0.043563724861638335
B4_lm_features,event_driven,10,form,"7.01,9.01",2008,0.023757880805125028,-0.28130190460648996,0.7785078475807334,-0.0001404817402918847,0.0001818537434690891,0.027822991963078633
B4_lm_features,event_driven,10,form,5.02,1654,0.1589724487369415,-2.1178530953000076,0.03433642680620841,1.597300103985406e-05,0.00030615605813290444,-0.06456111815104171
B4_lm_features,event_driven,10,form,"2.02,9.01",5931,0.29526815361879905,-5.121685860221619,3.1238121998153704e-07,0.00013065977374923386,0.00029072453863846366,0.03754822342957943
B4_lm_features,event_driven,20,all,ALL,24732,0.24703499483072414,-3.1096163940183223,0.0018754321752823258,6.165354892316032e-05,0.00026832443795733637,-0.029253504254259946
B4_lm_features,event_driven,20,vol_regime,high,8244,0.2687669120505005,-2.5934281586259873,0.009519237491537583,3.797345191020393e-05,0.00034658940001214907,-0.02936720410056828
B4_lm_features,event_driven,20,vol_regime,low,8245,0.20163216114222016,-0.9968597964321271,0.3188618265008091,-8.391781049082845e-05,0.00036882171816321984,-0.027609783683453317
B4_lm_features,event_driven,20,vol_regime,mid,8243,0.2621414831804758,-2.091689607408748,0.03649682024088478,1.621704234116057e-05,0.0003269824179825782,-0.03058680688726315
B4_lm_features,event_driven,20,period,<=2022,6226,0.05905391277959929,-0.4372030738491412,0.6619792467448533,-0.00010153340528467961,0.00016091058817556308,-0.02480714022028783
B4_lm_features,event_driven,20,period,2023,6226,0.00018908841379390183,-0.0015171939112193268,0.9987895034822837,-0.00015095992423681663,0.0001486301093039695,-0.04026890581448566
B4_lm_features,event_driven,20,period,2024-2025,12280,0.4209135428738478,-3.4455316008475014,0.0005718434819314844,0.00015149539498982164,0.0004972270482335028,-0.026235386842482222
B4_lm_features,event_driven,20,form,Other,11877,0.22978670038241442,-1.600599272650967,0.10949230203831566,-1.823209159102814e-05,0.00036307007491589484,-0.024307851959056617
B4_lm_features,event_driven,20,form,"8.01,9.01",3332,0.5449204450645937,-3.7743979833257977,0.000163189447945838,0.00016967973984621492,0.0005556829316418826,-0.03736622491590043
B4_lm_features,event_driven,20,form,"7.01,9.01",1977,-0.027431284557613192,0.09160514441366133,0.927021049211082,-0.00040565268537449376,0.00040335413984345287,-0.03691847629514562
B4_lm_features,event_driven,20,form,5.02,1629,0.1690789558620155,-1.279382806391135,0.20094459314928703,-5.3001788698697344e-05,0.0003104765267087755,-0.0006453896236609232
B4_lm_features,event_driven,20,form,"2.02,9.01",5917,0.22813203880918054,-1.7961595540227362,0.07252014798691642,-1.535016889359984e-05,0.00024344129370808436,-0.043802517164454026
C1_bert_s1,event_driven,5,all,ALL,25109,1.2446646350847166,-9.672320703953107,4.320116074071953e-22,0.0012788360917494034,0.0019039466499299652,0.0015960203402553817
C1_bert_s1,event_driven,5,vol_regime,high,8370,1.6189324881004394,-7.930941225225587,2.4554308704833252e-15,0.0015337078007612382,0.002561723446787792,0.004826646736156676
C1_bert_s1,event_driven,5,vol_regime,low,8370,0.8298761526211678,-3.1796343227350676,0.001479985096580801,0.0004231222277797148,0.0017605341417901116,0.0020367563181638224
C1_bert_s1,event_driven,5,vol_regime,mid,8369,1.3027532052513593,-6.040056821920704,1.6063595892779223e-09,0.0010735295944413333,0.002133645472532001,-0.0021547775964014778
C1_bert_s1,event_driven,5,period,<=2022,6247,0.542084773993623,-1.8934405434219328,0.05834548222067285,-1.9135286406300676e-05,0.0012102448169897465,0.0014007413155858706
C1_bert_s1,event_driven,5,period,2023,6237,1.3202058869943067,-5.538834373170674,3.1692764899216975e-08,0.0010359561859045554,0.0022289291055898417,-0.003991057303398778
C1_bert_s1,event_driven,5,period,2024-2025,12625,1.4943097452095848,-8.361022126184462,6.865915988960178e-17,0.0015519349537030554,0.002492221546428841,0.0041951344026547105
C1_bert_s1,event_driven,5,form,Other,12077,1.190653415829824,-6.804754609347653,1.0600468463328846e-11,0.0011180994577874033,0.0019910534359058926,-9.649536138113078e-05
C1_bert_s1,event_driven,5,form,"8.01,9.01",3405,0.6106104378554594,-1.8656518540565987,0.0621760451320667,-3.631353544600408e-05,0.0016795508813511905,0.005436790869503777
C1_bert_s1,event_driven,5,form,"7.01,9.01",2020,0.7242993533837059,-1.6508542066174858,0.0989238738079909,-0.00017484641992882502,0.0020014848900876273,0.013623383649456802
C1_bert_s1,event_driven,5,form,5.02,1661,0.5285072055236919,-1.1469397963630434,0.25157178768938215,-0.0005701483402065587,0.00204756779044472,-0.005585064281897253
C1_bert_s1,event_driven,5,form,"2.02,9.01",5946,2.2588001044418444,-7.125104506940211,1.1632533630291006e-12,0.0018448729103769806,0.0032203565846868954,0.000823282219245974
C1_bert_s1,event_driven,10,all,ALL,25001,1.2546629846080974,-11.903628240782409,1.387922999445849e-32,0.00091591247519833,0.0012962248756822894,0.013809472784590129
C1_bert_s1,event_driven,10,vol_regime,high,8334,0.6885104068592315,-3.7316859709948513,0.0001914672607057804,0.0003026390807037665,0.001024695604828989,-0.007352761027601941
C1_bert_s1,event_driven,10,vol_regime,low,8335,2.021975318488592,-10.36182582430271,5.244186784480811e-25,0.0013626713058094906,0.002011126440508451,0.03189756593697238
C1_bert_s1,event_driven,10,vol_regime,mid,8332,1.1343944463175695,-6.164367438590308,7.405596292443517e-10,0.0006758466020004375,0.001254645095922731,0.01980371519315935
C1_bert_s1,event_driven,10,period,<=2022,6239,2.451066466721503,-11.080634240472536,2.855471299826997e-28,0.0015716398902378473,0.0022278221281036483,0.042964613192842734
C1_bert_s1,event_driven,10,period,2023,6233,1.021690052997353,-5.21049786303229,1.9438591172076172e-07,0.0005249637733226801,0.0011681355174005656,0.008702988235760925
C1_bert_s1,event_driven,10,period,2024-2025,12529,0.8760416782928697,-5.91552126593995,3.39462026904523e-09,0.0005764659337648509,0.0011418282349994946,0.004339633755097277
C1_bert_s1,event_driven,10,form,Other,12022,1.1112325078589425,-7.721226372686514,1.2432946244757396e-14,0.0007739920712221509,0.001297723126961711,0.015805201169446722
C1_bert_s1,event_driven,10,form,"8.01,9.01",3386,0.531605620424265,-1.8034921982475425,0.07139983109817291,-7.156331103380355e-05,0.0009890769601958625,-0.00877921413575745
C1_bert_s1,event_driven,10,form,"7.01,9.01",2008,1.4268354651674908,-4.287493115442383,1.8926592368510145e-05,0.0007712882794648393,0.002017684854832163,0.015511056516166466
C1_bert_s1,event_driven,10,form,5.02,1654,1.0849665621844204,-2.904493208722609,0.0037273531004271003,0.0003560935370358828,0.0018229317408570988,0.00616294499300868
C1_bert_s1,event_driven,10,form,"2.02,9.01",5931,2.1538125367222825,-8.095324399218196,6.873152768380748e-16,0.0012036399840449155,0.0019115844280395977,0.027563239773554193
C1_bert_s1,event_driven,20,all,ALL,24732,2.466204946033818,-18.230377343994004,9.019770654901048e-74,0.0014158143906481673,0.0017595861914086318,0.00831245945176218
C1_bert_s1,event_driven,20,vol_regime,high,8244,2.13996289264144,-10.406630199989008,3.311857443719815e-25,0.0012747966904410235,0.0018786746621923132,0.018195507926614632
C1_bert_s1,event_driven,20,vol_regime,low,8245,2.8681185788355594,-9.53718594149435,1.892976047613186e-21,0.0012740357764126917,0.0019504996677478703,-0.011386006078610865
C1_bert_s1,event_driven,20,vol_regime,mid,8243,2.4888897544110336,-9.393116861916265,7.403246867524688e-21,0.001241699799174308,0.0018934651394288552,0.014335589324740997
C1_bert_s1,event_driven,20,period,<=2022,6226,2.9819111158814,-9.174607350992499,6.049035327102445e-20,0.0012303574125129744,0.0018919656692363456,-0.022809835975396892
C1_bert_s1,event_driven,20,period,2023,6226,2.7310930301394394,-10.235055797916305,2.153432743387832e-24,0.0013408783041840445,0.001958833623148737,0.029765616139497093
C1_bert_s1,event_driven,20,period,2024-2025,12280,2.16363333247058,-12.134309900847422,1.0831895228359167e-33,0.0013285756071285256,0.001818201124087565,0.010732080368552933
C1_bert_s1,event_driven,20,form,Other,11877,2.3819857230819292,-12.5212123262698,9.608534467390536e-36,0.0013626406891781393,0.0018715927155610237,0.004528642737534398
C1_bert_s1,event_driven,20,form,"8.01,9.01",3332,2.3811876848161737,-6.4871010699207075,1.004538957697477e-10,0.0011189331253641883,0.0020876639151589348,0.022323780491401088
C1_bert_s1,event_driven,20,form,"7.01,9.01",1977,2.989474158268195,-5.5658244595265,2.9649658447191585e-08,0.0013508988369847082,0.0028131608505976213,-0.03436123352443171
C1_bert_s1,event_driven,20,form,5.02,1629,2.2752356122755533,-4.782887979140705,1.8840286254568805e-06,0.0009352086822270785,0.0023206467742894286,-0.0069743060249613095
C1_bert_s1,event_driven,20,form,"2.02,9.01",5917,2.587986363814642,-8.77440253433929,2.216655931066048e-18,0.0010320383934495744,0.001655835879187214,0.03293414301882975
C2_finbert_s1,event_driven,5,all,ALL,25109,2.1354108463976536,-14.362817547095286,1.3551719828267975e-46,0.002350613850689048,0.0030730478806390545,-0.04714360916487178
C2_finbert_s1,event_driven,5,vol_regime,high,8370,2.0341011253806482,-7.460851385505604,9.457390846849026e-14,0.0019212262547111513,0.003252725548326317,0.002974576942896041
C2_finbert_s1,event_driven,5,vol_regime,low,8370,2.5557565792879986,-9.447246304770111,4.4290425368607236e-21,0.0026766832723981587,0.004033259564669859,-0.09743409058249732
C2_finbert_s1,event_driven,5,vol_regime,mid,8369,1.7939159041273833,-7.530790573527948,5.568304246516294e-14,0.0016319697342117615,0.0027800304287323697,-0.044920709543074186
C2_finbert_s1,event_driven,5,period,<=2022,6247,3.1415505306309917,-9.532762996099212,2.1399976915085247e-21,0.0027784003885215455,0.004200743199328267,-0.08932585449131074
C2_finbert_s1,event_driven,5,period,2023,6237,1.9122686993914444,-6.6121486396219655,4.1021986181592944e-11,0.001673168586990139,0.0030788658333759868,-0.054488640940187925
C2_finbert_s1,event_driven,5,period,2024-2025,12625,1.8297608372679903,-9.004106957454331,2.483067682673349e-19,0.0019407467885170337,0.003028485603924564,-0.026796033414352362
C2_finbert_s1,event_driven,5,form,Other,12077,1.9442778225755906,-9.552466841751889,1.5090334616823869e-21,0.0020374131506732613,0.0030345433786051795,-0.046545109269872785
C2_finbert_s1,event_driven,5,form,"8.01,9.01",3405,0.897856664932649,-2.177426598203703,0.029517211155005895,0.00018436818986804478,0.00232222288137585,0.022186672543522575
C2_finbert_s1,event_driven,5,form,"7.01,9.01",2020,0.9695188829496485,-2.048974505101955,0.04059361736522285,0.00011875206456591234,0.0024027195527297606,-0.013433201433291977
C2_finbert_s1,event_driven,5,form,5.02,1661,0.9984775481009506,-2.104586952271085,0.03547727141044613,7.478099712095965e-05,0.002786940797680172,-0.0775765312359432
C2_finbert_s1,event_driven,5,form,"2.02,9.01",5946,4.284919820761765,-11.78206774922465,1.0850060461332052e-31,0.0040148490562830885,0.005587956413582331,-0.09836941078780569
C2_finbert_s1,event_driven,10,all,ALL,25001,2.1036843168868824,-14.18950381576595,1.5989437433022633e-45,0.0015920215005412084,0.0021166895239300002,0.00624303528581756
C2_finbert_s1,event_driven,10,vol_regime,high,8334,2.3386928852475717,-9.151545513522791,6.951792447988122e-20,0.0017589538105053967,0.00274556248571255,-0.00038369953756444363
C2_finbert_s1,event_driven,10,vol_regime,low,8335,2.1574898463875813,-7.39445223110873,1.55758968262351e-13,0.0013271773494924713,0.0022939412229597512,0.00596670796465429
C2_finbert_s1,event_driven,10,vol_regime,mid,8332,1.7849312860044149,-6.992240444457916,2.9141180063656897e-12,0.0010934239719263758,0.0019296666149171782,0.014002438429714742
C2_finbert_s1,event_driven,10,period,<=2022,6239,2.65214929242179,-8.587162325961557,1.1130838681015796e-17,0.0016016978186323212,0.002495575102222309,-0.0013461093552171672
C2_finbert_s1,event_driven,10,period,2023,6233,1.698712826622457,-5.79305018019233,7.2494233863275145e-09,0.0009291448955771666,0.0018642480608688239,0.012365102153259467
C2_finbert_s1,event_driven,10,period,2024-2025,12529,2.0571592506674197,-9.989956788629048,2.063365903938937e-23,0.0016289777964093998,0.0023987834212165667,0.006665901952139892
C2_finbert_s1,event_driven,10,form,Other,12022,1.9890756875380664,-10.082891152551595,8.177585086198936e-24,0.001475119452531061,0.0022097760368484367,0.010181704310447794
C2_finbert_s1,event_driven,10,form,"8.01,9.01",3386,1.4947233505270863,-3.3023102931935777,0.0009688774152155124,0.0005930222615358992,0.0022193240550117195,0.00029399607282096484
C2_finbert_s1,event_driven,10,form,"7.01,9.01",2008,1.9005960823088264,-4.596802849513825,4.557246021393794e-06,0.0010752689200032755,0.002548443732245097,0.013390281707598803
C2_finbert_s1,event_driven,10,form,5.02,1654,1.4491092204112175,-2.8306954167224294,0.004700884275158751,0.0004831465879974129,0.0024436463708909276,-0.00333190130160038
C2_finbert_s1,event_driven,10,form,"2.02,9.01",5931,3.204976783541063,-8.807139289682103,1.6615296617809131e-18,0.0018055832737396784,0.002808651074120866,0.0009442236151811192
C2_finbert_s1,event_driven,20,all,ALL,24732,0.9196526269056979,-2.0312774683880646,0.04223752741806836,5.3039712585401816e-05,0.001153613190656603,-0.02209125127971856
C2_finbert_s1,event_driven,20,vol_regime,high,8244,0.3031719630975904,-0.39170093909358206,0.6952893215723761,-0.0008982397168308472,0.0013538430172475061,-0.019018996573016422
C2_finbert_s1,event_driven,20,vol_regime,low,8245,1.3054050970071587,-1.4611351105821926,0.14401647790280825,-0.00024625216696047087,0.001740099790021889,-0.03614178578198242
C2_finbert_s1,event_driven,20,vol_regime,mid,8243,1.2958660557578312,-1.4560196401969785,0.14542527991019275,-0.0002461669348176767,0.001953212531833679,-0.013148207181363546
C2_finbert_s1,event_driven,20,period,<=2022,6226,6.22118314055456,-6.616165966541109,3.993625279425242e-11,0.0023190959639845946,0.0042786292930223,0.02131292599336124
C2_finbert_s1,event_driven,20,period,2023,6226,-2.268519343435083,2.3794546494133932,0.01736823280845083,-0.0024690846045224367,-0.00025212105246456466,-0.036177127198242294
C2_finbert_s1,event_driven,20,period,2024-2025,12280,0.3102057629889638,-0.5176944886572539,0.604680770477997,-0.0006050207497880632,0.0011085108701548334,-0.032164787218165215
C2_finbert_s1,event_driven,20,form,Other,11877,1.0135961228638029,-1.558269424519579,0.11919603995549453,-0.0001444648997333005,0.001543345686246229,-0.024881521885900936
C2_finbert_s1,event_driven,20,form,"8.01,9.01",3332,-0.6102997637136858,0.35329827029575955,0.7238871988275378,-0.002687839444048728,0.0019303280083999821,-0.022159086808876387
C2_finbert_s1,event_driven,20,form,"7.01,9.01",1977,3.898452835916391,-2.973254091190445,0.0029822550109915853,0.000945993054999058,0.0045433972167571056,-0.07435543285456758
C2_finbert_s1,event_driven,20,form,5.02,1629,1.7697831233319277,-1.2626508280954536,0.20689551862752936,-0.0007079913067812813,0.003257325776463256,0.01972902084016165
C2_finbert_s1,event_driven,20,form,"2.02,9.01",5917,0.13094329251084033,-0.13648153187420176,0.8914452673050379,-0.0009134410967112309,0.0010570216642841238,-0.007300719770286026
C4_longformer,event_driven,5,all,ALL,25109,1.4632703224787245,-11.327876820620459,1.1272751646701178e-29,0.0015369523551715765,0.0021788345754536797,-0.006705419222730432
C4_longformer,event_driven,5,vol_regime,high,8370,2.0226463953339553,-9.453596821197033,4.170981766785469e-21,0.002011742999510771,0.0030704574378802,-0.0022616116150121815
C4_longformer,event_driven,5,vol_regime,low,8370,0.7542633073599291,-3.055768389951668,0.0022519166266868973,0.0003320964695058513,0.0015974929117828361,-0.008958543918624808
C4_longformer,event_driven,5,vol_regime,mid,8369,1.6442765742603591,-7.634024960834929,2.525859962363811e-14,0.001517805924765835,0.0025317370200180376,-0.008841050434015865
C4_longformer,event_driven,5,period,<=2022,6247,0.3276205724030579,-1.0841699389386454,0.27833130428093983,-0.000274373411292484,0.0010125444020632022,-0.01694844576307047
C4_longformer,event_driven,5,period,2023,6237,1.8403341719701731,-7.309220027445306,3.0235187660993893e-13,0.0016987458515151513,0.0028595887750083875,0.0009313780714145631
C4_longformer,event_driven,5,period,2024-2025,12625,1.7517880014307328,-10.226045364150679,1.887857148254699e-24,0.0019358234869113725,0.0028286417452223125,-0.0060138640278255785
C4_longformer,event_driven,5,form,Other,12077,1.5393893023832685,-8.186802358859996,2.9511177380130017e-16,0.0015130325438588034,0.0024479899271947613,-0.004657993438254934
C4_longformer,event_driven,5,form,"8.01,9.01",3405,0.912277897227518,-2.8638194352403006,0.004211276356377989,0.0004162632999607454,0.002045134636615663,0.0018814025714501057
C4_longformer,event_driven,5,form,"7.01,9.01",2020,1.2674706849869406,-2.8270174382167848,0.004744670344518795,0.00048574505514638495,0.0027220713085270793,-0.014417719382432378
C4_longformer,event_driven,5,form,5.02,1661,0.5401990732465061,-1.158804694257235,0.24670247503399162,-0.00045113990375961676,0.002007895548916048,0.003415800691160334
C4_longformer,event_driven,5,form,"2.02,9.01",5946,2.058678893517086,-7.286951102260566,3.582855292078594e-13,0.0017086268419295282,0.002918927614911907,-0.017970293133115378
C4_longformer,event_driven,10,all,ALL,25001,0.8869309660147328,-9.78642930679473,1.413683846749991e-22,0.0006207710250920488,0.0009402459864401431,0.02495205072091411
C4_longformer,event_driven,10,vol_regime,high,8334,1.1255995597894601,-7.591893799748709,3.493364448431632e-14,0.0008032922976073042,0.0013592537632164127,-0.007112144540209832
C4_longformer,event_driven,10,vol_regime,low,8335,0.9794114097426686,-5.586960632879548,2.3835367102298448e-08,0.000536609732392443,0.0011065610686295778,0.03826918008230309
C4_longformer,event_driven,10,vol_regime,mid,8332,0.5257465252177925,-3.0405677121663324,0.0023686622313734834,0.00016721938353360226,0.0007441675017381339,0.04798584036539612
C4_longformer,event_driven,10,period,<=2022,6239,0.6505974437825975,-3.2746497233104757,0.0010637010713564175,0.00018893122024399477,0.0008015374637424785,0.029913117299242762
C4_longformer,event_driven,10,period,2023,6233,0.7316151230049537,-4.266350757877751,2.016377461098404e-05,0.0003375960223871163,0.0008947553477129183,-0.0039023588465776633
C4_longformer,event_driven,10,period,2024-2025,12529,1.0475088544977151,-8.364638411688631,6.664757761218707e-17,0.0007748190360808644,0.0012475818779065521,0.0352648259616849
C4_longformer,event_driven,10,form,Other,12022,0.876515922085742,-6.847121904553838,7.901777281806019e-12,0.0005811950203306694,0.0010433760255105502,0.03236336726600833
C4_longformer,event_driven,10,form,"8.01,9.01",3386,0.45789069917218844,-2.038583498894204,0.04156916594927159,2.912149069419973e-06,0.000840758589008957,-0.0029603298948649836
C4_longformer,event_driven,10,form,"7.01,9.01",2008,1.1415325045594646,-3.3808417294203275,0.0007364885799279007,0.0004830053035468495,0.0017040292615075675,0.034919335071709544
C4_longformer,event_driven,10,form,5.02,1654,0.5181879814914591,-1.5767877737312421,0.11503571038232469,-0.0001195579379365443,0.0011494075683694237,-0.021311642576637466
C4_longformer,event_driven,10,form,"2.02,9.01",5931,1.2634376730526737,-6.0160214070406495,1.894317894640839e-09,0.0006167275381903879,0.0012039226200967472,0.04014317156815524
C4_longformer,event_driven,20,all,ALL,24732,-2.001146107744284,22.313911462408175,3.2426401620387913e-109,-0.0014082636872569793,-0.0011793252829214586,0.011936172567796471
C4_longformer,event_driven,20,vol_regime,high,8244,-1.7208880535441526,11.485828368324457,2.6412874217487983e-30,-0.0014912598977298104,-0.0010478633150254727,0.02206019985179624
C4_longformer,event_driven,20,vol_regime,low,8245,-2.286332145034922,12.374511848578013,7.314884763562389e-35,-0.001491640959169458,-0.0010834053100323205,-0.006728894964254518
C4_longformer,event_driven,20,vol_regime,mid,8243,-2.074220919680354,12.829098728832065,2.5600006046888988e-37,-0.0015125264880740945,-0.0011089300564192056,0.016755984277174403
C4_longformer,event_driven,20,period,<=2022,6226,-2.367205093058493,9.25382800657598,2.9196796264447924e-20,-0.0015072709639243937,-0.0009857551048588265,-0.04939382165410727
C4_longformer,event_driven,20,period,2023,6226,-1.826002653859391,12.11114118252246,2.183957446721497e-33,-0.0012836698935900282,-0.0009251060402155053,0.04618296890610858
C4_longformer,event_driven,20,period,2024-2025,12280,-1.9400288675100492,17.130513661443707,4.99483860000422e-65,-0.001569866878343019,-0.00124476179858606,0.02010137753483296
C4_longformer,event_driven,20,form,Other,11877,-2.0460194329082513,15.213668071851217,8.821892894791009e-52,-0.0015709621900926282,-0.0012116845102830333,0.011649465604541982
C4_longformer,event_driven,20,form,"8.01,9.01",3332,-2.1122898432166584,8.664953903473526,6.929248475482597e-18,-0.0017526583875563106,-0.0011109991657193233,0.03399421509332166
C4_longformer,event_driven,20,form,"7.01,9.01",1977,-2.570039590133205,8.070086710341048,1.2069279356262933e-15,-0.0022197007087213817,-0.0013786283662280553,-0.03646935350215847
C4_longformer,event_driven,20,form,5.02,1629,-1.8267568678983055,5.596154925473934,2.5669792284660686e-08,-0.001777521615644025,-0.0008676287840443501,-0.020420111575608687
C4_longformer,event_driven,20,form,"2.02,9.01",5917,-1.6150375177135912,9.155684141757902,7.299689629224766e-20,-0.0010262861716264036,-0.0006512281109005027,0.03059211118456235
C5_qwen3,event_driven,5,all,ALL,25109,-0.12488685671921096,2.4128044757781155,0.01583742725909646,-0.000287488561518886,-3.278468070925714e-05,-0.021145156280161066
C5_qwen3,event_driven,5,vol_regime,high,8370,-0.0018824177357057972,0.021304902746680378,0.9830029408013773,-0.00020423718810123786,0.0002106774271788633,-0.010469437194815235
C5_qwen3,event_driven,5,vol_regime,low,8370,-0.27467227536386274,2.9420331958174746,0.00326959117533932,-0.0006016782859118731,-0.00012986811137227216,-0.04299966629700127
C5_qwen3,event_driven,5,vol_regime,mid,8369,-0.09155840094705836,1.0053050138889743,0.3147790698613031,-0.00032898053811111793,0.00010321452663644125,-0.008889269599079676
C5_qwen3,event_driven,5,period,<=2022,6247,0.26314311875628466,-2.3351658970929967,0.01956625986955563,4.010733459990171e-05,0.0005287377523828529,-0.05035687880709762
C5_qwen3,event_driven,5,period,2023,6237,-0.1080508130342929,1.0314128346568041,0.30238726419365886,-0.00039136238428363836,0.0001296962786828736,-0.01860246759599478
C5_qwen3,event_driven,5,period,2024-2025,12625,-0.2891783650679119,4.136599393138291,3.5477417845356425e-05,-0.000581721992731405,-0.0001997183217466001,-0.010495645257250654
C5_qwen3,event_driven,5,form,Other,12077,-0.3840118277935749,4.7738537100922755,1.8285448275384339e-06,-0.0007029652390550616,-0.00029896232858316567,-0.03440062077836478
C5_qwen3,event_driven,5,form,"8.01,9.01",3405,-0.39982511831590983,2.5831139143054567,0.009832645005057811,-0.0009505310674309137,-0.0001287172698884168,-9.136528140356555e-05
C5_qwen3,event_driven,5,form,"7.01,9.01",2020,-0.45857549722521246,2.661446833878859,0.007842233618847325,-0.000986896827286263,-0.00011883362545006813,-0.011929324246121045
C5_qwen3,event_driven,5,form,5.02,1661,-0.5489336450760809,3.192961817225853,0.0014346094584501002,-0.0012583368598203537,-0.0003176223565798814,0.003959721381579226
C5_qwen3,event_driven,5,form,"2.02,9.01",5946,0.9550527180933449,-9.208529121549455,4.492402353714534e-20,0.0008361984653075837,0.001298285795002317,-0.01649488961927162
C5_qwen3,event_driven,10,all,ALL,25001,-0.12822828472556524,2.9888293599808198,0.0028032065628281868,-0.00018611002958173113,-3.864036582455901e-05,-0.02366841623097576
C5_qwen3,event_driven,10,vol_regime,high,8334,0.036368333533968504,-0.5290386550873681,0.5967927263548943,-9.275977612120166e-05,0.00016028199064439293,0.022552979283824576
C5_qwen3,event_driven,10,vol_regime,low,8335,-0.2976147188405555,3.8927796915059663,9.987507888710883e-05,-0.00037270667660442623,-0.00012885920626856334,-0.05253787546530457
C5_qwen3,event_driven,10,vol_regime,mid,8332,-0.14643107290643814,1.8122356017007304,0.0699857849885763,-0.00026125586459564687,5.261252986506823e-06,-0.047294313178247706
C5_qwen3,event_driven,10,period,<=2022,6239,0.0860522880186057,-0.8931127189647703,0.37183126502135677,-7.75372950296121e-05,0.00021061662736220578,-0.07706872139322912
C5_qwen3,event_driven,10,period,2023,6233,-0.08314551650145448,1.0501934552679997,0.29366990012593824,-0.00019671373806360448,5.900906786542782e-05,-0.04617535648778055
C5_qwen3,event_driven,10,period,2024-2025,12529,-0.23302884967248166,3.940173667817592,8.186449469295315e-05,-0.00033896103255699723,-0.00011521986970022072,0.007251472902412049
C5_qwen3,event_driven,10,form,Other,12022,-0.1805817371714309,2.534116875535394,0.011285698959506419,-0.0002942158039782,-3.255879215765605e-05,-0.02235926979138741
C5_qwen3,event_driven,10,form,"8.01,9.01",3386,-0.22533241301219964,1.8003209903912234,0.07189896210296721,-0.0004355452204959334,2.676027717946744e-05,-0.016881647019591908
C5_qwen3,event_driven,10,form,"7.01,9.01",2008,-0.379923947816287,2.8312179109451314,0.004683323464149204,-0.0005879732933953888,-0.00011027826788919668,-0.02643211823303122
C5_qwen3,event_driven,10,form,5.02,1654,-0.42167541362946254,2.597336169660913,0.009478381923778631,-0.0007626596893607958,-0.00012923528581122224,-0.1169494374432284
C5_qwen3,event_driven,10,form,"2.02,9.01",5931,0.31030844474536745,-3.2614164459785777,0.0011148375603836815,8.540038193717925e-05,0.0003493677837680274,0.00626982004925194
C5_qwen3,event_driven,20,all,ALL,24732,-0.42106186650755084,6.1256033156191965,9.170304032426498e-10,-0.00036189431253657916,-0.000190541586468265,-0.005388130507744126
C5_qwen3,event_driven,20,vol_regime,high,8244,-0.15609827594193798,1.3959093315028397,0.1627793947829559,-0.0002779016873141839,4.2585961642857155e-05,0.0018169111409522872
C5_qwen3,event_driven,20,vol_regime,low,8245,-0.7829294433214488,6.134243029182799,8.950942314154837e-10,-0.0005869841492753479,-0.00030813173115688065,-0.004850865777472928
C5_qwen3,event_driven,20,vol_regime,mid,8243,-0.40786909202380717,3.159019731065502,0.0015887280981633706,-0.0004264164742010015,-0.00010219571432645479,-0.014285689300473551
C5_qwen3,event_driven,20,period,<=2022,6226,-0.2867845851224051,1.7725639503855264,0.07634988664818307,-0.00031941969005558894,7.354122960000054e-06,-0.1412463426153188
C5_qwen3,event_driven,20,period,2023,6226,-0.37789855360093555,3.152007642746862,0.0016292177245014628,-0.00037904657890732563,-8.61375661737574e-05,0.043136051889847746
C5_qwen3,event_driven,20,period,2024-2025,12280,-0.4889252448829945,5.143675942075768,2.7356564860852247e-07,-0.0004967143115045034,-0.00021885741063688334,0.02426659869538621
C5_qwen3,event_driven,20,form,Other,11877,-0.21470464056635818,1.7702320541771859,0.0767141425899115,-0.00031696673797261977,1.7354088927261026e-05,0.005828928819822365
C5_qwen3,event_driven,20,form,"8.01,9.01",3332,-0.42980528874473306,2.1174280061097095,0.034297448062710956,-0.0005426774869942635,-1.1419004103386371e-05,-0.023763734002194156
C5_qwen3,event_driven,20,form,"7.01,9.01",1977,-0.6173721810236706,3.111777415581848,0.0018862449267765236,-0.0006926473004198946,-0.00015081578592996022,0.06701569207273943
C5_qwen3,event_driven,20,form,5.02,1629,-0.5456855032637096,2.0218162751495874,0.04335863768096246,-0.0007707273574794878,-2.4386895444775623e-05,0.0007213741836411468
C5_qwen3,event_driven,20,form,"2.02,9.01",5917,-0.821096531001964,5.125895999596825,3.055325199964242e-07,-0.0005858868481236345,-0.0002711617345607181,-0.0561253447833988
D2_gated_fusion,event_driven,5,all,ALL,25109,0.5087523314741034,-5.576791551123203,2.4751529374660653e-08,0.000408306472033765,0.0008571122771389128,0.002051296580941837
D2_gated_fusion,event_driven,5,vol_regime,high,8370,1.218666201435358,-9.210347791875584,4.044711540869001e-20,0.0012211479039813612,0.0018512481338380804,5.7477752559872484e-05
D2_gated_fusion,event_driven,5,vol_regime,low,8370,-0.04657494100286943,0.2569881883085278,0.7971942088186553,-0.0004960495718525097,0.0004037066603006607,0.00401248153022342
D2_gated_fusion,event_driven,5,vol_regime,mid,8369,0.3741883570923084,-2.427012684788078,0.015244693553837188,0.00011133196663787087,0.0008396663185795405,0.002004621857904417
D2_gated_fusion,event_driven,5,period,<=2022,6247,1.3268478508592827,-6.452105892906643,1.1858253947241256e-10,0.0010109097618314963,0.0019088537996015678,0.0029992705441967134
D2_gated_fusion,event_driven,5,period,2023,6237,0.048035752435758396,-0.27581492090312876,0.7826993620020551,-0.0003643286144141255,0.00045394447934827534,0.0018774964564291926
D2_gated_fusion,event_driven,5,period,2024-2025,12625,0.38620625209814874,-3.104835522273203,0.001908061993239621,0.00020569379931421295,0.0008917779617146191,0.0017468779442438708
D2_gated_fusion,event_driven,5,form,Other,12077,0.06260937824181609,-0.574529449884491,0.5656202797621918,-0.00019197979760997465,0.00036493723893266203,0.0016120329680139598
D2_gated_fusion,event_driven,5,form,"8.01,9.01",3405,-0.29966331255858863,1.7450158600089258,0.08107234602478845,-0.0008489354583242512,3.291871949809848e-05,0.0010200741070448451
D2_gated_fusion,event_driven,5,form,"7.01,9.01",2020,-0.6006316824866063,2.632597119228502,0.008538072075665433,-0.0013933180392671132,-0.0001899862967931188,0.0010421404007984474
D2_gated_fusion,event_driven,5,form,5.02,1661,-1.1735900504890802,3.9214113272754973,9.161593818246577e-05,-0.002527689238488057,-0.0008436035400681385,0.0015888967930093951
D2_gated_fusion,event_driven,5,form,"2.02,9.01",5946,3.1383105928700115,-10.151084149778834,5.1392779632483086e-24,0.0027979680146740125,0.004179467754961169,0.004350627495637613
D2_gated_fusion,event_driven,10,all,ALL,25001,0.23080315107475846,-2.2154450565237545,0.026738507446962732,1.9486116957645696e-05,0.00037764580454917643,0.024076472828249807
D2_gated_fusion,event_driven,10,vol_regime,high,8334,0.9999745026599546,-5.886676347238638,4.092916262206221e-09,0.0006463883837472898,0.0012732288581451126,-0.06339775599707827
D2_gated_fusion,event_driven,10,vol_regime,low,8335,-0.33103595811423536,1.7619872476881233,0.07810810825125984,-0.0006104518382411828,2.065852098610772e-05,0.15223304455239586
D2_gated_fusion,event_driven,10,vol_regime,mid,8332,-0.08172999569263788,0.4384774542167711,0.6610515798249921,-0.0003747474585066638,0.0002213754525727628,-0.004013810936712362
D2_gated_fusion,event_driven,10,period,<=2022,6239,-0.02924422200802859,0.12757455138373835,0.8984897837266796,-0.0003670958140948028,0.00033340180050334237,0.2665610242195441
D2_gated_fusion,event_driven,10,period,2023,6233,-0.07856795274421285,0.34097595049528084,0.7331331811407982,-0.00047959225371307907,0.0002788161515659314,-0.07427069167571301
D2_gated_fusion,event_driven,10,period,2024-2025,12529,0.46649372746254936,-3.467513442055565,0.0005270606861492327,0.00020539616306831227,0.0007057540490062179,-0.03087657145793934
D2_gated_fusion,event_driven,10,form,Other,12022,0.3199113630425265,-2.2172855619884593,0.026622216889247142,2.9632987741318075e-05,0.0005577829433289586,0.029797622143969964
D2_gated_fusion,event_driven,10,form,"8.01,9.01",3386,0.1600115229572792,-0.6303642063835888,0.5284988750455973,-0.000336287310775372,0.0005859109222219825,-0.08843204365806973
D2_gated_fusion,event_driven,10,form,"7.01,9.01",2008,-0.004020586871101823,0.01043195076791762,0.9916776953084492,-0.0007528505678781924,0.0006491148645570935,-0.0814901987672525
D2_gated_fusion,event_driven,10,form,5.02,1654,-0.8469890316394262,1.5551237680953067,0.12010802163039841,-0.0020322378553756064,0.00015054069735762152,0.0201383293465275
D2_gated_fusion,event_driven,10,form,"2.02,9.01",5931,0.5848847261434375,-3.086718349226179,0.002033130909604995,0.0001618483129046576,0.0006872460434427681,0.14129526678444276
D2_gated_fusion,event_driven,20,all,ALL,24732,-2.8694764113342517,8.58150519531199,9.905196391856342e-18,-0.0022686247145854415,-0.0014241096532694097,0.00973132796479951
D2_gated_fusion,event_driven,20,vol_regime,high,8244,-3.286456473153586,4.712159520297833,2.4912071271587383e-06,-0.0034664857588195324,-0.0013754038700648336,0.013937605271758705
D2_gated_fusion,event_driven,20,vol_regime,low,8245,-2.853120537338165,5.388336125928539,7.307654223894367e-08,-0.002170466430422265,-0.001008686020496751,0.0028412598413767973
D2_gated_fusion,event_driven,20,vol_regime,mid,8243,-2.3968679196579044,4.227634414664893,2.387105966066188e-05,-0.0022236156745795645,-0.000804849250218835,0.0109624665250773
D2_gated_fusion,event_driven,20,period,<=2022,6226,-7.007237454271864,7.723681631562928,1.308806659756872e-14,-0.004668279620454846,-0.0027939027876716705,-0.015142765217846217
D2_gated_fusion,event_driven,20,period,2023,6226,-0.4175704602203498,0.7844480029097496,0.43280713044224917,-0.0008845080102956448,0.0003329249537131163,0.027869211994174026
D2_gated_fusion,event_driven,20,period,2024-2025,12280,-2.378406936788247,5.489342925576913,4.1144408342942457e-08,-0.0023305121234344136,-0.0010816027563046253,0.011245583541414535
D2_gated_fusion,event_driven,20,form,Other,11877,-3.3459184601268745,7.1171198360384915,1.1654957041800938e-12,-0.0029006841944560664,-0.001656970444267791,0.009068023753758574
D2_gated_fusion,event_driven,20,form,"8.01,9.01",3332,-1.1243900550805832,1.1343789387924808,0.2567172562349317,-0.00211095750002815,0.0005517117023358548,0.03174367978967145
D2_gated_fusion,event_driven,20,form,"7.01,9.01",1977,-2.392381019298432,2.6079830464632994,0.009176345883531492,-0.002899272443212209,-0.0004846585503186227,-0.007624788951259363
D2_gated_fusion,event_driven,20,form,5.02,1629,-4.082123321598138,3.732731250710519,0.00019592789923921056,-0.004458620937409673,-0.0013736263692818297,-0.01556333499152888
D2_gated_fusion,event_driven,20,form,"2.02,9.01",5917,-2.6384280010833217,3.5693874637716996,0.00036065474488597356,-0.0021217451615183065,-0.0006073333165212802,0.012858232640401882
B1_bow_ridge,combined,5,all,ALL,33060,0.7672842968225976,-7.634717361836363,2.3240261952462548e-14,0.000707171885046675,0.0011950749624486262,-0.005602313380979572
B1_bow_ridge,combined,5,vol_regime,high,11019,1.1865124952746147,-7.613630206422024,2.8828947553721925e-14,0.0011304602889672447,0.0019126554715022072,-0.007221756721846239
B1_bow_ridge,combined,5,vol_regime,low,11021,0.4566113257607917,-2.431710840491545,0.015043523774366175,0.00010078172669733502,0.0010180374828306945,-0.005319313659380806
B1_bow_ridge,combined,5,vol_regime,mid,11020,0.6478603608974275,-3.5189212127553873,0.00043505264355178506,0.0003303767407830525,0.0012255878502041425,-0.0041891731389844524
B1_bow_ridge,combined,5,period,<=2022,8224,0.5985547117606284,-2.5731605001372704,0.01009481320210056,0.00015024563041459175,0.0011422428615153223,0.012816913618646406
B1_bow_ridge,combined,5,period,2023,8219,0.7185604151538226,-4.441820730325967,9.036807759270566e-06,0.00048587356789856514,0.0012332262119083275,-0.003323000484599797
B1_bow_ridge,combined,5,period,2024-2025,16617,0.8577614817991133,-6.003924934181248,1.9661125613674914e-09,0.000762458040610887,0.00151614236832265,-0.014142350114708725
B1_bow_ridge,combined,10,all,ALL,32934,0.811868496942273,-8.479199167014766,2.3606593611195625e-17,0.0005495327104238589,0.0008771240749323032,-0.04011046951908218
B1_bow_ridge,combined,10,vol_regime,high,10978,1.0027692945853752,-5.842742740287546,5.280744210350234e-09,0.0006663962574459092,0.0013486592966119122,-0.07072740390171837
B1_bow_ridge,combined,10,vol_regime,low,10978,0.562257627965728,-3.1759406720210053,0.0014976466684974057,0.00017481330320197002,0.0007353211905746423,0.016017697919339224
B1_bow_ridge,combined,10,vol_regime,mid,10978,0.8308467567593243,-5.170251589369914,2.3789348488858445e-07,0.00043463808401314,0.0009623490429562543,-0.05893263601651277
B1_bow_ridge,combined,10,period,<=2022,8215,0.7962038371691331,-3.7110226397932347,0.00020778735625445776,0.0002964637413677975,0.0009331099722818821,-0.07867610069456847
B1_bow_ridge,combined,10,period,2023,8215,0.7871313320338064,-3.5004074175082356,0.0004670125441413635,0.0003063835868074215,0.0010516179149866766,0.002431119513007754
B1_bow_ridge,combined,10,period,2024-2025,16504,0.8288893896932331,-7.0110833203324505,2.4564013239170076e-12,0.0005639416527544538,0.0010059889070159309,-0.042985451304479484
B1_bow_ridge,combined,20,all,ALL,32634,1.2094859654611272,-9.743012310529464,2.120093115000192e-22,0.000640058045053211,0.0009599290989378623,0.01858556870658711
B1_bow_ridge,combined,20,vol_regime,high,10878,1.102990112258,-5.260324415074282,1.4653365914834746e-07,0.0005315991363639091,0.00118003959905556,0.024888316324656528
B1_bow_ridge,combined,20,vol_regime,low,10878,1.3024719523736366,-5.296520729304079,1.2033331562492058e-07,0.00047436812407666775,0.0010248086094178032,0.016810700027726132
B1_bow_ridge,combined,20,vol_regime,mid,10878,1.2550141672022082,-5.443534382738937,5.336814680055094e-08,0.000502074150393162,0.0010859289210439747,0.012520466288828611
B1_bow_ridge,combined,20,period,<=2022,8201,1.5220937576273037,-5.474636669896769,4.5136475432880294e-08,0.0005035490372094601,0.0010756864979997699,0.010977434560682956
B1_bow_ridge,combined,20,period,2023,8205,1.164270247883823,-4.187949551090475,2.84430961821087e-05,0.00040161345962726576,0.001094223952193512,0.022834868024841262
B1_bow_ridge,combined,20,period,2024-2025,16228,1.116133379272459,-7.055824883157753,1.78515231991994e-12,0.0005951173028480951,0.001042778835953904,0.019462485836868236
B2_tfidf_ridge,combined,5,all,ALL,33060,1.2845407467641579,-10.841514256687399,2.432862808197305e-27,0.001306166901624893,0.001887971938090269,4.7385347024388346e-05
B2_tfidf_ridge,combined,5,vol_regime,high,11019,2.0039668076478745,-10.373978101551172,4.24896399547773e-25,0.0021013809624134813,0.003044301209727256,-0.0002859609413483798
B2_tfidf_ridge,combined,5,vol_regime,low,11021,0.8941400027390702,-3.985379819913135,6.7806389380988e-05,0.0005824251251718186,0.0016511089651405162,0.00012934297601271746
B2_tfidf_ridge,combined,5,vol_regime,mid,11020,0.9314614576096539,-4.681039598950202,2.8882787412543375e-06,0.0006729443943258337,0.0015842974280017837,0.0003136640273647946
B2_tfidf_ridge,combined,5,period,<=2022,8224,1.308076951611406,-4.980605009849214,6.467624113905489e-07,0.0008648271545465356,0.002035809771580378,0.000871686813400739
B2_tfidf_ridge,combined,5,period,2023,8219,0.7851075784179781,-3.365323961155349,0.0007680399745572132,0.00042317243627503794,0.0014765348785000863,0.00021473620903252966
B2_tfidf_ridge,combined,5,period,2024-2025,16617,1.494563092062979,-9.291084860301883,1.712182863793279e-20,0.001575761229264876,0.002440134767682262,-0.0003635401562649159
B2_tfidf_ridge,combined,10,all,ALL,32934,1.4850923435666237,-12.11511794732269,1.0362315400499558e-33,0.0010965288186694834,0.0015160490290617185,-0.032618039684934964
B2_tfidf_ridge,combined,10,vol_regime,high,10978,1.8608551152186703,-9.405693742845276,6.196154776665036e-21,0.0014613657958525946,0.0022378405161617965,-0.003408815663127459
B2_tfidf_ridge,combined,10,vol_regime,low,10978,1.3419906863431068,-5.294325162683859,1.2176278770655896e-07,0.0006841471456315249,0.0015059157522673565,-0.0009526647037160511
B2_tfidf_ridge,combined,10,vol_regime,mid,10978,1.18107900686317,-5.761982757448827,8.536778858658284e-09,0.0006465141788285304,0.0013096630360886344,-0.09819679724044413
B2_tfidf_ridge,combined,10,period,<=2022,8215,1.689041848071194,-5.913017718135743,3.493248415079848e-09,0.0008820894561053102,0.001752309963122331,-0.11873980439514269
B2_tfidf_ridge,combined,10,period,2023,8215,0.89847907107076,-3.6901182679506745,0.0002255994893298229,0.0003626892722632913,0.0011440381242538067,0.02499714430862757
B2_tfidf_ridge,combined,10,period,2024-2025,16504,1.656845642515758,-10.237992330063348,1.5863898294878863e-24,0.0012713342273438476,0.0018911156699445435,-0.022854457738287638
B2_tfidf_ridge,combined,20,all,ALL,32634,2.0937263987214023,-15.000939951242003,1.0686997571886648e-50,0.0011975642246796873,0.0015521676162357232,-0.06576689751142445
B2_tfidf_ridge,combined,20,vol_regime,high,10878,1.9413374523171811,-8.18582968882649,3.0062293626973745e-16,0.0011490060790931437,0.0018478377760297983,-0.04771635467016386
B2_tfidf_ridge,combined,20,vol_regime,low,10878,2.5886881192813713,-8.722386201966296,3.1204688292420316e-18,0.0011416642744271758,0.0018086612115069721,-0.1063505125921482
B2_tfidf_ridge,combined,20,vol_regime,mid,10878,1.8316932589283903,-7.210204794600773,5.95772314770649e-13,0.0008394062110742428,0.0014690636047103097,-0.05104244874667958
B2_tfidf_ridge,combined,20,period,<=2022,8201,2.824877200912536,-8.259944783989921,1.6852325780219282e-16,0.0011447379322363268,0.0018383199965673273,-0.03398716568106867
B2_tfidf_ridge,combined,20,period,2023,8205,1.2311720887340087,-4.500680898724401,6.867009786803925e-06,0.0004383977068714833,0.0011302995917442079,-0.06590350118845736
B2_tfidf_ridge,combined,20,period,2024-2025,16228,2.2106779103644,-12.168564119250942,6.42317395064594e-34,0.0013592334581479877,0.0018769093100256583,-0.07723309284432896
B3_lm_linear,combined,5,all,ALL,33060,0.1372857036699211,-4.169220095583089,3.064216024761981e-05,9.031981378027197e-05,0.00025289521061944696,0.0006158124554227183
B3_lm_linear,combined,5,vol_regime,high,11019,0.09013057955851628,-1.6681515288856261,0.0953140655754335,-2.0541553738435895e-05,0.0002531159967050934,0.0007793423123197354
B3_lm_linear,combined,5,vol_regime,low,11021,0.16734802186939748,-2.817705221169718,0.004845430479195027,7.20046798293086e-05,0.00035531229269533026,0.0010437135744463329
B3_lm_linear,combined,5,vol_regime,mid,11020,0.1557858269365467,-2.686670234209667,0.007227642135789681,4.7220203312755844e-05,0.00033004266106092075,-6.406388172807921e-07
B3_lm_linear,combined,5,period,<=2022,8224,0.03294593999339332,-0.4526627415182772,0.6508035543888359,-0.00013173331966636503,0.00018894443352921808,0.0016227526478359907
B3_lm_linear,combined,5,period,2023,8219,0.07695227966790419,-1.1974243651606873,0.23117572862849356,-5.389263124181208e-05,0.00024180181406356882,0.001331934110668398
B3_lm_linear,combined,5,period,2024-2025,16617,0.20651901267767758,-4.596138924810684,4.335593741392866e-06,0.00015977398512753642,0.00039812316204514023,-0.00011120602132208043
B3_lm_linear,combined,10,all,ALL,32934,0.2054123763478551,-3.2785030727307825,0.0010446737608800923,7.690545566387603e-05,0.00028834645248456824,-0.006959416943013847
B3_lm_linear,combined,10,vol_regime,high,10978,0.1892321353537925,-1.826853344950836,0.06774896383647064,-2.362224861125448e-05,0.00038271979164563555,-0.007841974094470688
B3_lm_linear,combined,10,vol_regime,low,10978,0.2410248701146162,-2.0757752245962586,0.037937969494176396,5.474058276559098e-06,0.00038290151106057905,-0.00662955124607705
B3_lm_linear,combined,10,vol_regime,mid,10978,0.18963224494122694,-1.7337182474923494,0.0829961651658295,-1.7652398838481135e-05,0.00033441258577125954,-0.00623926272754284
B3_lm_linear,combined,10,period,<=2022,8215,-0.028728401373921266,0.20249458170027143,0.8395351089637485,-0.00023156136120490057,0.00019508987775818213,-0.022941693016806465
B3_lm_linear,combined,10,period,2023,8215,0.07987865494783615,-0.657951318558099,0.5105878514466458,-0.00012005811866741335,0.0002750167975526541,0.017099948971619358
B3_lm_linear,combined,10,period,2024-2025,16504,0.3541068122651013,-4.178872597129108,2.944659269279068e-05,0.00018090190763996213,0.0004920899284821402,-0.010934077312313948
B3_lm_linear,combined,20,all,ALL,32634,0.334373547308552,-3.120041774577187,0.0018098294530870295,8.62172874848667e-05,0.0003640833911052342,-9.225892452612804e-05
B3_lm_linear,combined,20,vol_regime,high,10878,0.38841876007853976,-2.3086971862501375,0.020979045539663958,5.262858519052475e-05,0.0005352600966212575,0.00027422685777646073
B3_lm_linear,combined,20,vol_regime,low,10878,0.3357946973883445,-1.4129349235835948,0.15770347290537054,-5.663042810692325e-05,0.00047751623205688167,-0.0009271700439894919
B3_lm_linear,combined,20,vol_regime,mid,10878,0.267322285006808,-1.5663588943299087,0.11729371062690666,-4.202384809183388e-05,0.00037524868528790065,0.0002165768710814039
B3_lm_linear,combined,20,period,<=2022,8201,-0.16879343770198266,0.7490150218922919,0.45386963616634013,-0.0003172207942810195,0.0001323434351354925,0.005321623337809966
B3_lm_linear,combined,20,period,2023,8205,-0.059782854426816516,0.31753798759627694,0.7508435008316597,-0.00026310045936583253,0.00020074325073585536,-0.003074861449420081
B3_lm_linear,combined,20,period,2024-2025,16228,0.6915019137176918,-4.509891391018034,6.531535416360176e-06,0.0002944242072128289,0.0007513746155478616,-0.0007345018984846812
B4_lm_features,combined,5,all,ALL,33060,-0.16180705464278006,7.056732310749331,1.7381673814508392e-12,-0.0002587077741879043,-0.00014429734105564216,-0.016440891903598463
B4_lm_features,combined,5,vol_regime,high,11019,-0.22063423042664143,5.953221006731864,2.7092997928112645e-09,-0.00037648413809872474,-0.0001878153674355634,0.015457709556885564
B4_lm_features,combined,5,vol_regime,low,11021,-0.13095491497145512,3.239848068215989,0.0011994810269217821,-0.00026145733581204683,-6.160655573828304e-05,-0.02955001474905172
B4_lm_features,combined,5,vol_regime,mid,11020,-0.13182460715286612,3.2252685942620816,0.0012622166679044698,-0.0002571709688686863,-6.17842380724847e-05,-0.036455897271010645
B4_lm_features,combined,5,period,<=2022,8224,0.032105608806618315,-0.6249046377446179,0.5320509875336268,-7.198554517644573e-05,0.00015069805528774788,-0.017245873542557914
B4_lm_features,combined,5,period,2023,8219,-0.2888816686046221,7.070135000033705,1.6745855672658196e-12,-0.0004397141251409481,-0.00025089716596720746,-0.01579791670061605
B4_lm_features,combined,5,period,2024-2025,16617,-0.18527243999788937,5.782055683592168,7.511758619941924e-09,-0.0003327652456369539,-0.00016218637946549923,-0.01639425913199456
B4_lm_features,combined,10,all,ALL,32934,-0.4327064990176255,8.894946662927941,6.136036590550821e-19,-0.0004612379521513677,-0.000294610180470303,-0.003260020873433731
B4_lm_features,combined,10,vol_regime,high,10978,-0.510999136954695,6.4969807306509155,8.549514606230446e-11,-0.0006467401434450938,-0.00035540840962815836,-0.023788639545851368
B4_lm_features,combined,10,vol_regime,low,10978,-0.34010559954715575,3.90620845451116,9.43177287774216e-05,-0.0004148250015998895,-0.00013614212996757542,0.020173737267210043
B4_lm_features,combined,10,vol_regime,mid,10978,-0.43091218265812264,5.020307023263588,5.239870883475885e-07,-0.0004982117593977326,-0.000223372899743305,-0.0019596685285385752
B4_lm_features,combined,10,period,<=2022,8215,-0.08127895662933557,0.7810196472888098,0.4348134474937665,-0.00021442765500422027,9.435229316845951e-05,0.008193711767549133
B4_lm_features,combined,10,period,2023,8215,-0.5513245084727644,5.1342644134285,2.897480358689551e-07,-0.0006268838746757837,-0.0002627646035914724,-0.012968889584552184
B4_lm_features,combined,10,period,2024-2025,16504,-0.5229732736239802,8.24777115937844,1.7341528790206978e-16,-0.0006186206374172924,-0.0003786180018841695,-0.0036726762608909084
B4_lm_features,combined,20,all,ALL,32634,-1.3208705777230714,14.603335143264035,3.795660960266464e-48,-0.0009809308535826601,-0.0007447712337698665,0.007629868229242592
B4_lm_features,combined,20,vol_regime,high,10878,-1.510203530698954,11.481580556594317,2.44111537650575e-30,-0.0013642326038954954,-0.0009583661604137994,0.006735140952518748
B4_lm_features,combined,20,vol_regime,low,10878,-1.0396571617992902,5.98016453413074,2.2992025334744187e-09,-0.0007857453371507699,-0.00039899874094118424,0.015836937399695085
B4_lm_features,combined,20,vol_regime,mid,10878,-1.3447073888937222,8.300063738759496,1.1635962781395855e-16,-0.001049615406743864,-0.0006528738642024727,0.0012990111419356354
B4_lm_features,combined,20,period,<=2022,8201,-1.1107994512799702,5.944403010591522,2.8881409085933116e-09,-0.0007751567548479312,-0.00039549435119026776,-0.02598385573891881
B4_lm_features,combined,20,period,2023,8205,-0.9939846742087186,5.193098285357512,2.1178987476289477e-07,-0.0008805480116559651,-0.00039559299288470756,0.023808927743032515
B4_lm_features,combined,20,period,2024-2025,16228,-1.5418877511212195,12.744950969832248,5.0054994587454626e-37,-0.0013156616420235715,-0.0009601223499663545,0.012653840601822619
C1_bert_s1,combined,5,all,ALL,33060,1.9650014704700471,-17.685944139549896,1.1278108323027422e-69,0.0021996621674059877,0.0027293284565436324,0.012231727576182357
C1_bert_s1,combined,5,vol_regime,high,11019,1.8565004826646763,-11.311609420471392,1.6716391327634675e-29,0.001957003337972235,0.0027767904713722554,-0.004820068283609096
C1_bert_s1,combined,5,vol_regime,low,11021,1.9470315277253725,-8.509248619418788,1.977149928989298e-17,0.001898666553147885,0.00303211966280191,0.030809851244292284
C1_bert_s1,combined,5,vol_regime,mid,11020,2.098008790691088,-11.340003446349327,1.2134235238073153e-29,0.0021381840790609978,0.0029822267212397677,0.01092258622783669
C1_bert_s1,combined,5,period,<=2022,8224,0.7748357888042565,-3.317788467376848,0.0009112711042734775,0.0003410358670498325,0.0013791896653145062,0.036152520505152795
C1_bert_s1,combined,5,period,2023,8219,2.0750747764605584,-9.673367921548703,5.125680250097974e-22,0.001986289162398554,0.0029811721376908264,0.0038953867759315792
C1_bert_s1,combined,5,period,2024-2025,16617,2.4036342737710674,-15.553727907538173,3.616434795178027e-54,0.002839389529619625,0.003633425147771755,0.006109153485032721
C1_bert_s1,combined,10,all,ALL,32934,0.5774462294718928,-8.189452488900503,2.7179409922598958e-16,0.00038099184761766644,0.0006317791047809831,-0.012482164671285071
C1_bert_s1,combined,10,vol_regime,high,10978,0.32932496961492896,-2.647194626184262,0.008127853918985468,9.324857572391417e-05,0.0005740928253241398,-0.10753133147671261
C1_bert_s1,combined,10,vol_regime,low,10978,1.1725433628464443,-8.863244514404217,8.970484756743756e-19,0.0007488210334016331,0.001168893762601679,0.13684610544530357
C1_bert_s1,combined,10,vol_regime,mid,10978,0.2874392668445429,-2.239301566765524,0.025156247918163756,3.543865897054176e-05,0.0004492434843218256,-0.04648582770270414
C1_bert_s1,combined,10,period,<=2022,8215,1.149606321534599,-8.52391987448352,1.817500985386677e-17,0.0006838019212646678,0.0010986966768358215,0.21732365498665682
C1_bert_s1,combined,10,period,2023,8215,0.24335891750343813,-1.636727631504507,0.10172570177430415,-4.121812002099496e-05,0.00045048582524063286,-0.08617004404598173
C1_bert_s1,combined,10,period,2024-2025,16504,0.4915050472995158,-5.016402451244115,5.319484508314362e-07,0.00028423076955842757,0.0006544733311012389,-0.07318864217461987
C1_bert_s1,combined,20,all,ALL,32634,1.296088712845696,-21.4839733367888,1.1153324858854279e-101,0.00077340226629171,0.0009310944188198435,-0.07816085868114316
C1_bert_s1,combined,20,vol_regime,high,10878,1.1080770990797102,-11.107227890067648,1.6464374310465294e-28,0.0007100430809849583,0.0010046676457533149,-0.06652885104945405
C1_bert_s1,combined,20,vol_regime,low,10878,1.6292618756806776,-12.546832339887851,7.325568365715242e-36,0.0007906556659006561,0.0010738044457458539,-0.1185341603294125
C1_bert_s1,combined,20,vol_regime,mid,10878,1.2236695883971667,-10.635652024464461,2.7380127466991506e-26,0.0006297833859689115,0.000910009206643408,-0.05581596601926413
C1_bert_s1,combined,20,period,<=2022,8201,1.4433372382966592,-11.020653346186766,4.777962049713169e-28,0.0006265610336048172,0.0008922412881472604,-0.08546971570493879
C1_bert_s1,combined,20,period,2023,8205,1.1459506920987397,-9.324050214512363,1.4149824655326735e-20,0.0005753545235297623,0.0008910896397667595,-0.1325255713227448
C1_bert_s1,combined,20,period,2024-2025,16228,1.3091976198846882,-16.09221977528047,8.104416714082781e-58,0.0008490750502754262,0.0010715806450554137,-0.051424233588487106
C2_finbert_s1,combined,5,all,ALL,33060,1.3930820857894888,-16.13425619232392,2.4497017381114918e-58,0.0015287876300369495,0.001955293307775277,0.0061622816413186236
C2_finbert_s1,combined,5,vol_regime,high,11019,1.1070099866299452,-8.114326498319059,5.403660717785701e-16,0.0010777164126864734,0.00177253566120396,0.001380766493743519
C2_finbert_s1,combined,5,vol_regime,low,11021,1.6733956240164656,-9.592786888629432,1.0421608067132253e-21,0.001675720842195108,0.0025368288699891064,0.012031056532361039
C2_finbert_s1,combined,5,vol_regime,mid,11020,1.4036714604082405,-9.788209165881373,1.5629504996842145e-22,0.0013757890096127439,0.0020448598495521994,0.005110970900319578
C2_finbert_s1,combined,5,period,<=2022,8224,1.5141718994002529,-8.65220791620427,6.010405960251588e-18,0.0013207801782492512,0.0020841817811996987,0.012457998432662157
C2_finbert_s1,combined,5,period,2023,8219,1.3478048135465102,-8.374791405378577,6.446935537276433e-17,0.0012499290227544516,0.0019913050545653558,0.002871398317857383
C2_finbert_s1,combined,5,period,2024-2025,16617,1.3634425250307265,-11.001614934534405,4.691019608144744e-28,0.0015084064832037907,0.002153817232232792,0.005033278074351284
C2_finbert_s1,combined,10,all,ALL,32934,2.1852457106148555,-14.080259036744728,6.780858941056164e-45,0.0016507391975196322,0.0021908028529231917,-0.03734574003783331
C2_finbert_s1,combined,10,vol_regime,high,10978,3.039296055932594,-12.097963844618068,1.7675144831745787e-33,0.0025123865480330067,0.0034729856238920496,0.08077458074282452
C2_finbert_s1,combined,10,vol_regime,low,10978,1.4814142161625619,-4.729028743408573,2.2840578385504215e-06,0.0007128676346100408,0.0017160139469894206,-0.11367098945581819
C2_finbert_s1,combined,10,vol_regime,mid,10978,1.8654021940329646,-6.788154912699496,1.1943540726470747e-11,0.0011218794196637255,0.002025040454202836,-0.10218718452457846
C2_finbert_s1,combined,10,period,<=2022,8215,1.5966567798835463,-4.5936386484928375,4.420735466667847e-06,0.0006808692334296261,0.0017823312058151664,-0.2598974833974706
C2_finbert_s1,combined,10,period,2023,8215,1.980069365456287,-6.4651992986885505,1.0693968872948757e-10,0.0011610124169688914,0.0021286652981282205,0.016434060363127945
C2_finbert_s1,combined,10,period,2024-2025,16504,2.511249241209608,-12.006319605125485,4.5208837604957266e-33,0.002006810632545624,0.002788222201027132,0.02905556367275967
C2_finbert_s1,combined,20,all,ALL,32634,4.280416667935992,-27.1573208813561,1.2728812643557705e-160,0.0026048202703011884,0.003015335420072608,-0.16651926830955643
C2_finbert_s1,combined,20,vol_regime,high,10878,3.653171881714844,-14.82585352317842,3.0124738817302818e-49,0.00243952654998009,0.0031759752893496434,-0.14578081431449522
C2_finbert_s1,combined,20,vol_regime,low,10878,5.248712756592138,-13.679529869538431,3.0074222069370573e-42,0.002571900142284628,0.0034131592568315662,-0.18916165381783284
C2_finbert_s1,combined,20,vol_regime,mid,10878,4.1683057594148565,-14.560626496998145,1.3997893626855544e-47,0.0022623343479075,0.002999997901242551,-0.17128551706133163
C2_finbert_s1,combined,20,period,<=2022,8201,4.984247099673351,-13.607315041820872,1.0259829962590228e-41,0.002237223871313611,0.0029888874634905684,-0.039837920476997545
C2_finbert_s1,combined,20,period,2023,8205,3.6961871714123227,-11.915957794832353,1.8094596517019169e-32,0.001978147091403454,0.002765925971739772,-0.232271159099195
C2_finbert_s1,combined,20,period,2024-2025,16228,4.283968877753406,-20.39525697919648,2.56560229345931e-91,0.0028464873074205204,0.0034415339396747183,-0.1833368073013425
C4_longformer,combined,5,all,ALL,33060,1.4571408192461688,-17.22794292263441,3.1918844960315406e-66,0.00161329429577853,0.0020328294066190985,0.01751989492886961
C4_longformer,combined,5,vol_regime,high,11019,1.9588882118014503,-14.23403327376635,1.426790651632906e-45,0.0021760825297868127,0.0028490059774446837,-0.0044569555063723445
C4_longformer,combined,5,vol_regime,low,11021,0.9284696525320311,-5.493175070991257,4.0353938263224e-08,0.0007490236382263472,0.0015845737266508629,0.03318883615525405
C4_longformer,combined,5,vol_regime,mid,11020,1.4769930605909796,-10.531441534196928,8.205664506606684e-26,0.0014718269413482863,0.002129837009050101,0.024420926297538625
C4_longformer,combined,5,period,<=2022,8224,0.618440468565748,-2.9535577100767014,0.0031502317647623367,0.00021822777899293427,0.0011590486211098404,0.07365244379650399
C4_longformer,combined,5,period,2023,8219,1.5882229954300002,-9.68285154462105,4.676570541084646e-22,0.0015097002578213798,0.00228167519484488,-0.004175428694258406
C4_longformer,combined,5,period,2024-2025,16617,1.7427059184499838,-16.060578739791616,1.3083398238422309e-57,0.0020583217033382137,0.002617406993878347,0.004090880157033101
C4_longformer,combined,10,all,ALL,32934,2.2531578635833145,-13.018572523649029,1.1954244976587759e-38,0.0016824841540578404,0.002284107634299121,-0.0065444359452159874
C4_longformer,combined,10,vol_regime,high,10978,2.4358604296073816,-8.224813810864138,2.175391484292545e-16,0.0018218544175387418,0.0029913745483334947,0.008469583416608898
C4_longformer,combined,10,vol_regime,low,10978,1.876604980043493,-5.317171970127693,1.0746151382211569e-07,0.0009777832289431076,0.002080668174757126,0.007535591701554687
C4_longformer,combined,10,vol_regime,mid,10978,2.4062728782799625,-8.2145240924381,2.3690260945606003e-16,0.0015209361132183033,0.002502215772966948,-0.038099733936770894
C4_longformer,combined,10,period,<=2022,8215,2.7644080204506816,-7.524916203401558,5.8334374886687e-14,0.0015533646714645266,0.0027091311778204255,-0.04411497104984356
C4_longformer,combined,10,period,2023,8215,1.6859671996858518,-4.2676812219024605,1.997334482099251e-05,0.0007617918600386237,0.0020411387659128245,-0.017860196443445386
C4_longformer,combined,10,period,2024-2025,16504,2.292669835463831,-10.27783651872557,1.0528945038492437e-24,0.0017580378108574253,0.0025962135083329556,0.013493909396515813
C4_longformer,combined,20,all,ALL,32634,0.01652241943443752,-29.61910465952725,2.817889989259659e-190,1.0101926807786318e-05,1.1544002818029618e-05,-0.11627804902530259
C4_longformer,combined,20,vol_regime,high,10878,0.014896612023894463,-17.64493668068749,1.0049215473009555e-68,1.0209806032476839e-05,1.2716087515095477e-05,-0.11861929571940129
C4_longformer,combined,20,vol_regime,low,10878,0.01774954266362016,-15.262560667959914,4.694367711822132e-52,8.854402272186545e-06,1.1376256455569753e-05,-0.11625319544902672
C4_longformer,combined,20,vol_regime,mid,10878,0.0173914444312751,-16.091357559758382,1.352922279372843e-57,9.643599970004743e-06,1.233390580517513e-05,-0.11345150484745939
C4_longformer,combined,20,period,<=2022,8201,0.01875252410562125,-16.180040053419567,5.482126320445708e-58,8.667886002457443e-06,1.1088343644825034e-05,0.06087222038595317
C4_longformer,combined,20,period,2023,8205,0.015410563642669276,-13.973479744451817,7.185675579994227e-44,8.499998680536713e-06,1.1221184850571539e-05,-0.19559377745461412
C4_longformer,combined,20,period,2024-2025,16228,0.016206140729534323,-20.98568727399581,1.6908418814956726e-96,1.0755675111120703e-05,1.2932957763959124e-05,-0.1453916941940445
C5_qwen3,combined,5,all,ALL,33060,0.010461962411913167,-2.0861346997549504,0.0369740693574156,3.007458933283616e-07,2.507230270518665e-05,-0.11465265602423322
C5_qwen3,combined,5,vol_regime,high,11019,0.029102138825544657,-3.428765628105452,0.0006085524154316372,1.6366780886473257e-05,5.789320065372062e-05,0.019841313860831846
C5_qwen3,combined,5,vol_regime,low,11021,-0.00023551461908079513,0.026921293200758794,0.978522997621663,-2.2457477771800863e-05,1.990903967845945e-05,-0.23908543214892783
C5_qwen3,combined,5,vol_regime,mid,11020,0.0019180684650010325,-0.21265798200748287,0.8315976762826343,-1.9213292026852333e-05,2.3569487681854495e-05,-0.127263347457736
C5_qwen3,combined,5,period,<=2022,8224,-0.02494358595010419,1.9647349330125887,0.04947854464864354,-5.7986630585090204e-05,-1.2264757417040381e-06,-0.1869702599440601
C5_qwen3,combined,5,period,2023,8219,0.05455506276180347,-5.603003433551495,2.1747334447147075e-08,4.135849114247289e-05,8.650770740492074e-05,-0.10127777827651281
C5_qwen3,combined,5,period,2024-2025,16617,0.0055583158045900884,-0.8751629999771344,0.3814978720960882,-9.241797133283665e-06,2.3415769653342363e-05,-0.09094095109263194
C5_qwen3,combined,10,all,ALL,32934,-0.11362489480911504,4.12729879460706,3.6795172949428314e-05,-0.00014518725082623298,-5.0297760648226964e-05,-0.0025202361675488827
C5_qwen3,combined,10,vol_regime,high,10978,-0.23985765053743485,5.285210710388621,1.2796779883372273e-07,-0.0003243527849490667,-0.000149506676126754,-0.018500740557152784
C5_qwen3,combined,10,vol_regime,low,10978,-0.014885607982692853,0.29159262277330866,0.7706036265195921,-8.798972725860178e-05,7.259224074396286e-05,0.021502073344449046
C5_qwen3,combined,10,vol_regime,mid,10978,-0.06116422096786405,1.228556824888993,0.2192643500931744,-0.00013133339594849285,3.326662244314309e-05,-0.007174494716586946
C5_qwen3,combined,10,period,<=2022,8215,0.11010462260091003,-1.5153534515163842,0.12972139754717818,-1.768949038963679e-05,0.00019666001286098526,0.018149097693873323
C5_qwen3,combined,10,period,2023,8215,-0.3430396216825629,6.569429922397388,5.358248485043224e-11,-0.0003722210174310436,-0.00020263515910857473,-0.007439440451056434
C5_qwen3,combined,10,period,2024-2025,16504,-0.10447015703714105,3.0589051965072502,0.002225034599294229,-0.00016363637959683713,-3.4201547142405215e-05,-0.008719917256068448
C5_qwen3,combined,20,all,ALL,32634,-0.4139359230422862,6.111833987491474,9.960664946121793e-10,-0.00035751189424283107,-0.0001823479414908886,-0.06747760841119851
C5_qwen3,combined,20,vol_regime,high,10878,-0.7247872715684579,6.420276113008251,1.4169574602384216e-10,-0.0007277878070344857,-0.00038520103182853953,-0.06824010315856961
C5_qwen3,combined,20,vol_regime,low,10878,0.009875050294909232,-0.07658937662303451,0.9389516189983881,-0.0001329395550126866,0.00015309122120686877,-0.07220495338011082
C5_qwen3,combined,20,vol_regime,mid,10878,-0.4188154473367804,3.509020151206248,0.0004515789223019121,-0.00041391979141974366,-0.0001192839763890642,-0.062275970899284765
C5_qwen3,combined,20,period,<=2022,8201,-0.01500042840685386,0.08729422649607009,0.9304397746016179,-0.0001896931623251949,0.00017446540024181092,-0.003131759572987606
C5_qwen3,combined,20,period,2023,8205,-0.5051900040429631,3.8955644391482975,9.874866539037595e-05,-0.0004902006020358428,-0.0001609863469583728,-0.1283978483485501
C5_qwen3,combined,20,period,2024-2025,16228,-0.5182033673625798,5.907435650944611,3.5442167707505546e-09,-0.0005077732395389437,-0.00025425437159717,-0.06382626219126868
D2_gated_fusion,combined,5,all,ALL,33060,0.21758416171245717,-5.656951601410244,1.5535652469102767e-08,0.00017128828478153276,0.00036526203222014494,0.03248864980842857
D2_gated_fusion,combined,5,vol_regime,high,11019,0.6909644840812501,-10.204492745046686,2.428770516789885e-24,0.000714464218676664,0.0010447396824895846,-0.001726426967248304
D2_gated_fusion,combined,5,vol_regime,low,11021,-0.09867704315950539,1.4450667786579556,0.1484675630922214,-0.00028670607229736933,5.606766323231686e-05,0.061943315732604094
D2_gated_fusion,combined,5,vol_regime,mid,11020,0.0468850354724822,-0.6942402720475366,0.4875461768288715,-0.0001018648992814495,0.00021770157464442378,0.03798095012781832
D2_gated_fusion,combined,5,period,<=2022,8224,0.34287467067904653,-3.7093505687802057,0.00020916047563349096,0.0001764120864107069,0.0005813124372713675,0.08151771569951018
D2_gated_fusion,combined,5,period,2023,8219,0.23383333686398133,-3.3464615591949856,0.0008221715639237236,0.00011190028151057982,0.0004517912540414297,0.015051019548976472
D2_gated_fusion,combined,5,period,2024-2025,16617,0.15916585127590915,-3.07232304429838,0.0021274327484975654,8.188907843210176e-05,0.0003436943658936074,0.020093986236903377
D2_gated_fusion,combined,10,all,ALL,32934,-1.253458349821032,9.96806053765516,2.2696756884570958e-23,-0.0013120922918913105,-0.0008841237249420501,-0.023128438174956096
D2_gated_fusion,combined,10,vol_regime,high,10978,-1.7391312788043891,8.454835269037607,3.1483177778408485e-17,-0.0021275394326191605,-0.0013178440555063281,0.055660897552619486
D2_gated_fusion,combined,10,vol_regime,low,10978,-0.5266999958857972,2.1934066060372532,0.02829899493202579,-0.0008254263038138465,-4.289804242426465e-05,-0.09594915620979941
D2_gated_fusion,combined,10,vol_regime,mid,10978,-1.3916561589087089,6.044048217099932,1.5517678489210393e-09,-0.0015338527715815624,-0.0007821582148908709,-0.04490086713863647
D2_gated_fusion,combined,10,period,<=2022,8215,-0.2634216974401846,0.7769077233795306,0.4372355864534258,-0.0007032688469590867,0.0003214872401423402,-0.2255229040132069
D2_gated_fusion,combined,10,period,2023,8215,-1.35782883399309,5.568614323615791,2.6487184393898994e-08,-0.0015235819551311805,-0.0007276921796081031,0.005129040221686729
D2_gated_fusion,combined,10,period,2024-2025,16504,-1.607234143313599,10.560420898494023,5.502524486059368e-26,-0.001827309444759947,-0.00126157304873793,0.04619841790041877
D2_gated_fusion,combined,20,all,ALL,32634,-0.6277516888657134,21.536376113168956,3.661641621252397e-102,-0.000450199494051344,-0.0003752346109088613,-0.09542918518646333
D2_gated_fusion,combined,20,vol_regime,high,10878,-0.7811298951707535,15.291745147811287,3.0283545130921612e-52,-0.0006756464085151965,-0.0005227349359327947,-0.09179044579813991
D2_gated_fusion,combined,20,vol_regime,low,10878,-0.5273224325373407,9.11198398567004,9.505956992742343e-20,-0.0003670192930745183,-0.00023760375182004008,-0.08478353175659238
D2_gated_fusion,combined,20,vol_regime,mid,10878,-0.5319024675608157,9.828806967326571,1.0518866144625744e-22,-0.0004062714838137288,-0.0002689867264690038,-0.10948133235962718
D2_gated_fusion,combined,20,period,<=2022,8201,-0.7035806364257255,10.390621170206932,3.9164028079406636e-25,-0.00043650059776108037,-0.0003002471567247156,0.06375977141013402
D2_gated_fusion,combined,20,period,2023,8205,-0.41798951009207896,7.986167789264292,1.5807366892074456e-15,-0.0003339297081871601,-0.00020009919173775018,-0.15248345686995754
D2_gated_fusion,combined,20,period,2024-2025,16228,-0.6931807338316107,17.39244442935326,3.823750451700805e-67,-0.0005629820222610144,-0.0004502644281304043,-0.12789082509669603
