disc,model,h,quarter,quarter_idx,scheme,rel_impr_pct,dm_stat,dm_p,ci_lo,ci_hi,n
long_form,B2_tfidf_ridge,5,2022Q1,0,fixed,-4.125934690507346,3.5671612108813933,0.0003955949615725268,-0.007524749170675593,-0.0022384782068733105,501
long_form,B2_tfidf_ridge,5,2022Q1,0,expanding,-34.383538882912404,8.508097642627478,2.067235860798245e-16,-0.0735896698198861,-0.04657322438397368,501
long_form,B2_tfidf_ridge,5,2022Q2,1,fixed,-0.462763151805254,0.30649662457036664,0.7593567416689951,-0.004313794280201376,0.0028155728165740646,491
long_form,B2_tfidf_ridge,5,2022Q2,1,expanding,-28.706635297724258,6.596567948722667,1.0929976575676571e-10,-0.06962285070315613,-0.0393664137023324,491
long_form,B2_tfidf_ridge,5,2022Q3,2,fixed,5.773601988629739,-4.964564892388661,9.533185799224827e-07,0.0028277516660439052,0.0065123905926343624,489
long_form,B2_tfidf_ridge,5,2022Q3,2,expanding,-1.3496249247910348,0.30038640042443115,0.764010358190875,-0.008545357601522936,0.006103357018078372,489
long_form,B2_tfidf_ridge,5,2022Q4,3,fixed,2.46258969707075,-1.8291050322021116,0.06798531319963073,-4.0050984566281786e-05,0.006637137402724937,496
long_form,B2_tfidf_ridge,5,2022Q4,3,expanding,-11.223671768129043,2.4362758735874595,0.015190949524366172,-0.03421592452650954,-0.004402496880247167,496
long_form,B2_tfidf_ridge,5,2023Q1,4,fixed,4.6886223028595,-5.056383433884736,6.011019795091513e-07,0.003028790780070572,0.006757247602670139,500
long_form,B2_tfidf_ridge,5,2023Q1,4,expanding,0.29042377791908025,-0.08399252642578249,0.9330960584469563,-0.00681402919017031,0.006913075844348582,500
long_form,B2_tfidf_ridge,5,2023Q2,5,fixed,4.583453905981296,-4.15372507988212,3.85296352886825e-05,0.002494245565333555,0.006651907368362712,496
long_form,B2_tfidf_ridge,5,2023Q2,5,expanding,-0.18313896040825772,0.04709145652545357,0.9624593292181993,-0.007693431641128203,0.007316452413382131,496
long_form,B2_tfidf_ridge,5,2023Q3,6,fixed,2.7271637595785005,-2.9150975981761187,0.0037189144096463215,0.0010045025746343087,0.004928105815212502,490
long_form,B2_tfidf_ridge,5,2023Q3,6,expanding,3.0046176874563444,-0.8932020722278577,0.3721883261496768,-0.003792913393688331,0.009460215578377127,490
long_form,B2_tfidf_ridge,5,2023Q4,7,fixed,3.5002030670396036,-2.676647060994846,0.007683003769026679,0.0011380953787650946,0.0073326556739945785,496
long_form,B2_tfidf_ridge,5,2023Q4,7,expanding,1.6927667871852214,-0.369753634146789,0.7117242006385089,-0.009158420421657244,0.013522872287007718,496
long_form,B2_tfidf_ridge,5,2024Q1,8,fixed,4.249788773915304,-4.569377346238449,6.1786336407928e-06,0.0031566979930112904,0.00794382915120609,498
long_form,B2_tfidf_ridge,5,2024Q1,8,expanding,2.9246959104480594,-0.834716740445642,0.4042782586818839,-0.0049948805025137825,0.011553344210759611,498
long_form,B2_tfidf_ridge,5,2024Q2,9,fixed,4.82644799742866,-5.378535890309379,1.1561521918908185e-07,0.0034905848791230033,0.0073871529889013385,500
long_form,B2_tfidf_ridge,5,2024Q2,9,expanding,5.861800224956889,-1.7998131154526469,0.07249406090034961,-0.0005385630516004649,0.012576405224648663,500
long_form,B2_tfidf_ridge,5,2024Q3,10,fixed,1.4594316162244194,-1.3968706502377088,0.16308348500855768,-0.0007209138362567621,0.004168804610113968,492
long_form,B2_tfidf_ridge,5,2024Q3,10,expanding,-6.910530967980628,2.030798079782127,0.04281378173230396,-0.019688414370602928,-0.0007309569414603394,492
long_form,B2_tfidf_ridge,5,2024Q4,11,fixed,4.745382738558554,-4.48454357470052,9.07554837557076e-06,0.005157054416772639,0.012791560792736701,500
long_form,B2_tfidf_ridge,5,2024Q4,11,expanding,12.307024556064166,-3.8424851032389746,0.00013751121601646924,0.013966171677174535,0.04146377895269093,500
long_form,B2_tfidf_ridge,5,2025Q1,12,fixed,3.968297230976053,-3.352141017520225,0.0008623984477610285,0.001866707054492465,0.007196693508774495,503
long_form,B2_tfidf_ridge,5,2025Q1,12,expanding,-6.108334077161535,1.4082688604070932,0.15967047205583504,-0.019425881209780824,0.0029763596355493554,503
long_form,B2_tfidf_ridge,5,2025Q2,13,fixed,5.124860764303271,-4.008668828876725,7.031311536668654e-05,0.003832198434216255,0.010948860922586512,504
long_form,B2_tfidf_ridge,5,2025Q2,13,expanding,-6.322569949255453,1.0765032006526698,0.2822183099713775,-0.023954902474994256,0.005406970600845644,504
long_form,B2_tfidf_ridge,5,2025Q3,14,fixed,5.71513493049628,-5.491630156994406,6.387843825003162e-08,0.004374887698516659,0.008985940113972553,494
long_form,B2_tfidf_ridge,5,2025Q3,14,expanding,9.767607537361345,-2.721826160370072,0.006722029483030559,0.003342835588577593,0.019856685333065716,494
long_form,B2_tfidf_ridge,5,2025Q4,15,fixed,4.191117001901285,-4.277391886044999,2.266204598586341e-05,0.0026256736471779317,0.006965547228615817,501
long_form,B2_tfidf_ridge,5,2025Q4,15,expanding,7.446314765930176,-2.339334386949795,0.019710902572479445,0.0014941161408124294,0.01681803899268377,501
long_form,B2_tfidf_ridge,10,2022Q1,0,fixed,-1.4769461289913184,1.533178887484638,0.12586425367451995,-0.0029389025140949725,0.00017635059646117665,501
long_form,B2_tfidf_ridge,10,2022Q1,0,expanding,-32.01043964873213,7.553074336130664,2.036795211079657e-13,-0.05899157524243316,-0.03636771462944395,501
long_form,B2_tfidf_ridge,10,2022Q2,1,fixed,1.427199127880243,-1.003277803435277,0.3162220230181582,-0.0011140931684775882,0.0030869122699263784,491
long_form,B2_tfidf_ridge,10,2022Q2,1,expanding,-34.37708256685719,7.292994406531725,1.2265909842205654e-12,-0.05666420109625197,-0.032631995626534446,491
long_form,B2_tfidf_ridge,10,2022Q3,2,fixed,5.881150559571327,-6.810420826757045,2.876874862787062e-11,0.002755967736744068,0.004828909244892902,488
long_form,B2_tfidf_ridge,10,2022Q3,2,expanding,6.166993591048125,-1.435279502266678,0.1518493845214179,-0.0010110291351955727,0.008208890813377187,488
long_form,B2_tfidf_ridge,10,2022Q4,3,fixed,3.1816821463454046,-2.8477314150739885,0.004586297945952573,0.0009572281797940003,0.004524139219581476,496
long_form,B2_tfidf_ridge,10,2022Q4,3,expanding,-15.84719991283376,3.245118691207128,0.0012534563849665294,-0.029905242927275557,-0.007639959153604506,496
long_form,B2_tfidf_ridge,10,2023Q1,4,fixed,2.0523099675233065,-3.0000406912836652,0.002834393352998299,0.0006848017954309397,0.0037190094476315626,500
long_form,B2_tfidf_ridge,10,2023Q1,4,expanding,-5.0512604861383155,1.2856379706563863,0.19916574288192843,-0.016333239744773444,0.002258694906197537,500
long_form,B2_tfidf_ridge,10,2023Q2,5,fixed,4.714291816190623,-5.807579294992139,1.1345872516957965e-08,0.0024433382972002607,0.0048108285236956195,496
long_form,B2_tfidf_ridge,10,2023Q2,5,expanding,3.050003806902493,-0.7847748402878579,0.43296100764653045,-0.0030605426849138894,0.007317698407563637,496
long_form,B2_tfidf_ridge,10,2023Q3,6,fixed,1.6960027419627155,-2.3381318580209833,0.019782611258012346,0.0002524894493353736,0.002455961333705416,490
long_form,B2_tfidf_ridge,10,2023Q3,6,expanding,2.572436455825965,-0.6379945264684983,0.5237758837508486,-0.002990409075545303,0.006095815630874647,490
long_form,B2_tfidf_ridge,10,2023Q4,7,fixed,2.960746953292164,-3.2403501436472646,0.0012741619353680725,0.0009156366752971832,0.0035946619578520124,496
long_form,B2_tfidf_ridge,10,2023Q4,7,expanding,0.9205718980123095,-0.20725344499136586,0.8358971619021015,-0.005851996400560344,0.007149295568422942,496
long_form,B2_tfidf_ridge,10,2024Q1,8,fixed,3.5846034481797133,-5.645013158022888,2.7799260474593685e-08,0.0023872779196400305,0.004895163603345673,498
long_form,B2_tfidf_ridge,10,2024Q1,8,expanding,5.872744634457525,-1.759338706427568,0.07913525109253097,-0.000795217451022078,0.01015336224681313,498
long_form,B2_tfidf_ridge,10,2024Q2,9,fixed,4.070601467254493,-6.702464505849027,5.553304741958816e-11,0.002635208023984277,0.004745261670840864,500
long_form,B2_tfidf_ridge,10,2024Q2,9,expanding,10.301609162173225,-3.549880911097899,0.000421875719028709,0.00338078508593066,0.010886094997556852,500
long_form,B2_tfidf_ridge,10,2024Q3,10,fixed,4.043498126856567,-4.813757956286458,1.9750824809826373e-06,0.0021076009865543463,0.004812023067871941,492
long_form,B2_tfidf_ridge,10,2024Q3,10,expanding,5.00902412409653,-1.3882030433627524,0.16570474342899694,-0.0019028240883771565,0.010804989690209427,492
long_form,B2_tfidf_ridge,10,2024Q4,11,fixed,4.914767877138573,-6.304644910193542,6.36327560312504e-10,0.004094207027363597,0.0075679207989998755,500
long_form,B2_tfidf_ridge,10,2024Q4,11,expanding,15.385857695920809,-5.232745449766121,2.463638598364623e-07,0.014530187217763238,0.0307978239846905,500
long_form,B2_tfidf_ridge,10,2025Q1,12,fixed,3.484263724259169,-3.6927333283903607,0.0002461850050870213,0.0014806405438798549,0.004352115183564788,503
long_form,B2_tfidf_ridge,10,2025Q1,12,expanding,-7.772769387393143,1.75892808788012,0.07919893264053239,-0.01794162843936896,-0.0001687494665552711,503
long_form,B2_tfidf_ridge,10,2025Q2,13,fixed,6.010099604284537,-6.1621011122855665,1.4725201488063573e-09,0.0043697119507018255,0.008117482763944951,504
long_form,B2_tfidf_ridge,10,2025Q2,13,expanding,-2.683082289660449,0.4172813944743754,0.6766506365832503,-0.011520690473521686,0.007162812480128398,504
long_form,B2_tfidf_ridge,10,2025Q3,14,fixed,4.873311234057184,-6.308842685838209,6.262582728142424e-10,0.0027868928167194495,0.005181415222237237,494
long_form,B2_tfidf_ridge,10,2025Q3,14,expanding,13.755878828385498,-3.5571915118490685,0.0004110433628886014,0.004821093363667925,0.015319591348040763,494
long_form,B2_tfidf_ridge,10,2025Q4,15,fixed,4.23936967626468,-4.702676176955417,3.3558551503930026e-06,0.0018678610357458533,0.004528552318907854,484
long_form,B2_tfidf_ridge,10,2025Q4,15,expanding,11.316365378777734,-2.9345015337231537,0.003499896717380545,0.0032431286719336485,0.014427909458510647,484
long_form,B2_tfidf_ridge,20,2022Q1,0,fixed,3.225238878317254,-2.4033581227165994,0.016609160584484632,0.0004122016806745664,0.0031631920522675956,500
long_form,B2_tfidf_ridge,20,2022Q1,0,expanding,-29.825366298227316,6.986798404101123,9.038865504464966e-12,-0.04024604000507713,-0.02311138583340932,500
long_form,B2_tfidf_ridge,20,2022Q2,1,fixed,5.284161158775175,-2.2078331708602716,0.027718384999758323,0.0004451027180820447,0.0047946449172246676,491
long_form,B2_tfidf_ridge,20,2022Q2,1,expanding,-40.21908069746203,6.407052127073756,3.4862981826004816e-10,-0.04672812257961583,-0.02538232764133735,491
long_form,B2_tfidf_ridge,20,2022Q3,2,fixed,9.04837122403931,-7.996632969891963,9.382224891074683e-15,0.0033696255462653717,0.005400378569380101,488
long_form,B2_tfidf_ridge,20,2022Q3,2,expanding,2.4765386294178495,-0.5402566390564778,0.5892670296735967,-0.002168852365286955,0.004167749941568516,488
long_form,B2_tfidf_ridge,20,2022Q4,3,fixed,6.842556514880542,-6.001394296067911,3.783973755779289e-09,0.002618378767428313,0.005051925348692783,496
long_form,B2_tfidf_ridge,20,2022Q4,3,expanding,-20.11463204007193,3.0786613855572544,0.0021947430492353474,-0.02165569266789351,-0.004948699535340637,496
long_form,B2_tfidf_ridge,20,2023Q1,4,fixed,4.484129001607151,-4.509675311782254,8.108495871576073e-06,0.002040533686734491,0.005208875561015742,498
long_form,B2_tfidf_ridge,20,2023Q1,4,expanding,-3.716890763285433,1.0623191980028668,0.28860671279141664,-0.012242993832920636,0.002673096101145941,498
long_form,B2_tfidf_ridge,20,2023Q2,5,fixed,6.9191518480588945,-6.689876719505901,6.055320105195566e-11,0.002843324209326885,0.005027341040969403,496
long_form,B2_tfidf_ridge,20,2023Q2,5,expanding,0.06273254346546006,-0.01397717947636453,0.9888538189351435,-0.003909704323122681,0.004004677489740884,496
long_form,B2_tfidf_ridge,20,2023Q3,6,fixed,2.233094737530874,-2.695484220774278,0.0072712820783375366,0.0004895690665737319,0.0032179423097157068,489
long_form,B2_tfidf_ridge,20,2023Q3,6,expanding,6.551132112577159,-1.560784476757657,0.11922285260298801,-0.0007043359975426192,0.006788652076029417,489
long_form,B2_tfidf_ridge,20,2023Q4,7,fixed,4.265474683947116,-4.741647604879432,2.7760200775941293e-06,0.00203482423798335,0.0047182403636021,496
long_form,B2_tfidf_ridge,20,2023Q4,7,expanding,6.876993541584241,-1.5466496323391807,0.12258681888909347,-0.0009573525743421395,0.008618866942002867,496
long_form,B2_tfidf_ridge,20,2024Q1,8,fixed,5.418683622092876,-7.181515442729941,2.55104967396175e-12,0.003918893332762422,0.006700440091152005,495
long_form,B2_tfidf_ridge,20,2024Q1,8,expanding,13.351522138838687,-4.028641884613107,6.493709525051187e-05,0.004341183031531652,0.012409021220890576,495
long_form,B2_tfidf_ridge,20,2024Q2,9,fixed,6.066187642090973,-7.411940864594231,5.366268305200183e-13,0.0028605700941794587,0.004960755363275658,500
long_form,B2_tfidf_ridge,20,2024Q2,9,expanding,12.791085080501949,-3.3942096962759805,0.0007430729409662936,0.002087631146108453,0.007994665917634793,500
long_form,B2_tfidf_ridge,20,2024Q3,10,fixed,6.1208972147669405,-6.211177114660348,1.121921892496421e-09,0.0035209478931907926,0.006598707134319223,492
long_form,B2_tfidf_ridge,20,2024Q3,10,expanding,11.600500264134316,-2.610068431469648,0.00932890141792835,0.00204883231330738,0.0116139431578607,492
long_form,B2_tfidf_ridge,20,2024Q4,11,fixed,6.880698861721913,-6.114742252677414,1.956031339120211e-09,0.0034971689596576855,0.006684973443835488,499
long_form,B2_tfidf_ridge,20,2024Q4,11,expanding,17.17076511513941,-4.274774889190891,2.2936572318256607e-05,0.008678301760157301,0.022335626152772937,499
long_form,B2_tfidf_ridge,20,2025Q1,12,fixed,5.597890562266537,-3.6490074199221,0.00029098183165623015,0.0013482023070412119,0.00438780999043652,500
long_form,B2_tfidf_ridge,20,2025Q1,12,expanding,-16.283888733996626,2.4432429718439534,0.014901504270331918,-0.024744484481262628,-0.0038969154452622727,500
long_form,B2_tfidf_ridge,20,2025Q2,13,fixed,10.301184557930318,-9.76034916357046,1.0101079559706708e-20,0.00850583355698736,0.012455346252630799,503
long_form,B2_tfidf_ridge,20,2025Q2,13,expanding,14.601419230104563,-2.9252334936084914,0.0035977468871147213,0.002768912304606745,0.014132945174280164,503
long_form,B2_tfidf_ridge,20,2025Q3,14,fixed,6.658295964888954,-7.041618187033588,6.41372793842199e-12,0.003742412888914067,0.006352752837594983,494
long_form,B2_tfidf_ridge,20,2025Q3,14,expanding,17.120942642757417,-4.179622090326901,3.454995042347835e-05,0.005233076116534933,0.013176619865497114,494
long_form,B2_tfidf_ridge,20,2025Q4,15,fixed,5.013509998470718,-4.834148044204347,1.8211056305186219e-06,0.0018616400607933566,0.004216976693255605,465
long_form,B2_tfidf_ridge,20,2025Q4,15,expanding,8.307924968440032,-1.7982007726605063,0.07279507709064026,-5.915732358419279e-05,0.009115481050934853,465
long_form,C2_finbert_s1,5,2022Q1,0,fixed,-0.5010872523066705,1.2015095775310067,0.23012239257110917,-0.0015687649375586595,0.0003510359688339629,501
long_form,C2_finbert_s1,5,2022Q1,0,expanding,10.815892849512824,-6.492638071384268,2.0366880922444588e-10,0.013241436491971645,0.024702966911541332,501
long_form,C2_finbert_s1,5,2022Q2,1,fixed,2.9397472458601657,-6.36229148544057,4.566918441624676e-10,0.002581669126483461,0.00479311779144003,491
long_form,C2_finbert_s1,5,2022Q2,1,expanding,23.2267127674058,-9.878794526996634,4.1384376302580285e-21,0.03518069237130106,0.05137664554489798,491
long_form,C2_finbert_s1,5,2022Q3,2,fixed,0.8706445551372487,-1.7391808219878897,0.08263353342977305,-3.4003286553413796e-05,0.0015059869352838065,489
long_form,C2_finbert_s1,5,2022Q3,2,expanding,10.844741135346275,-2.8831380872645567,0.004111160487140271,0.003003448437645716,0.015565474226900843,489
long_form,C2_finbert_s1,5,2022Q4,3,fixed,1.860155985791568,-4.839923672944271,1.7383614083978632e-06,0.0014983737173901936,0.003411898209857331,496
long_form,C2_finbert_s1,5,2022Q4,3,expanding,16.417916261760816,-6.947781795740561,1.1738253959925605e-11,0.020508437744919224,0.03580829712175233,496
long_form,C2_finbert_s1,5,2023Q1,4,fixed,-0.33725450379608196,1.0686598895149357,0.28573964076338443,-0.0009713008713554565,0.00028564153312874997,500
long_form,C2_finbert_s1,5,2023Q1,4,expanding,0.7552134641500847,-0.29669996196378434,0.7668190402885976,-0.004088773920722571,0.006076525672435624,500
long_form,C2_finbert_s1,5,2023Q2,5,fixed,0.2968116990877032,-0.8152197526431872,0.41533859553904423,-0.0003734070751763872,0.001010549851376621,496
long_form,C2_finbert_s1,5,2023Q2,5,expanding,5.459331430104637,-1.8754505729588837,0.06131916318914831,3.2710022567861e-05,0.011292963428190557,496
long_form,C2_finbert_s1,5,2023Q3,6,fixed,-0.5057684479067324,1.3935590147464119,0.16408384053627684,-0.0013301299987561938,0.00022454663857680076,490
long_form,C2_finbert_s1,5,2023Q3,6,expanding,-0.52316391894179,0.18305763959558607,0.8548286650649508,-0.006302329792383215,0.004989549534966803,490
long_form,C2_finbert_s1,5,2023Q4,7,fixed,0.3667097330536757,-0.8558761848712199,0.39248036832783134,-0.0005630152189142332,0.001368384927729141,496
long_form,C2_finbert_s1,5,2023Q4,7,expanding,8.395709929857508,-2.8817337097497915,0.004126723580825224,0.0036187746005197927,0.017438501182042772,496
long_form,C2_finbert_s1,5,2024Q1,8,fixed,-0.4063371295818549,1.4416504688018614,0.15003079282825282,-0.0012486463075509309,0.0001732949928729144,498
long_form,C2_finbert_s1,5,2024Q1,8,expanding,-0.701449090515721,0.29459897727704076,0.7684232525801706,-0.006157175750027477,0.004778084185863355,498
long_form,C2_finbert_s1,5,2024Q2,9,fixed,-0.2213894325007673,0.5890012549016606,0.5561269691458409,-0.0010773366435320967,0.0005930362626429807,500
long_form,C2_finbert_s1,5,2024Q2,9,expanding,0.3701969391533291,-0.1223840059587349,0.9026441764542155,-0.005658285242290411,0.006791105424594483,500
long_form,C2_finbert_s1,5,2024Q3,10,fixed,1.1804771613537668,-2.931142580686786,0.003534646559625058,0.0004803494983115319,0.0023275970127731864,492
long_form,C2_finbert_s1,5,2024Q3,10,expanding,15.174320238393447,-5.687535034273745,2.216078724721486e-08,0.014240043105132966,0.0289635595228711,492
long_form,C2_finbert_s1,5,2024Q4,11,fixed,1.1549863867405696,-3.0927022893068954,0.0020944999776458416,0.0008362524271632194,0.0035557490372444896,500
long_form,C2_finbert_s1,5,2024Q4,11,expanding,15.651473513049748,-5.58903557414133,3.762088789722641e-08,0.02292644525044893,0.04755955191704415,500
long_form,C2_finbert_s1,5,2025Q1,12,fixed,1.164732414033569,-3.3242838237210743,0.0009512535572224327,0.0005523821569060185,0.002135728800330946,503
long_form,C2_finbert_s1,5,2025Q1,12,expanding,10.861891345702684,-5.245056589489905,2.3074894211577013e-07,0.008763160817422403,0.019453074954679097,503
long_form,C2_finbert_s1,5,2025Q2,13,fixed,-0.9542030172830789,3.4459504016866243,0.0006166806421143359,-0.002175997234930309,-0.0006016172625014242,504
long_form,C2_finbert_s1,5,2025Q2,13,expanding,-3.7754328968358286,1.8516137678708464,0.06466714763387518,-0.009773956784287248,0.00036092526564547014,504
long_form,C2_finbert_s1,5,2025Q3,14,fixed,0.7864534273169578,-1.6228038436187209,0.10527058824347942,-0.00011851751611888571,0.002038812961493847,494
long_form,C2_finbert_s1,5,2025Q3,14,expanding,10.899618793497806,-3.5541720544240873,0.0004156714204952055,0.006268948588346765,0.02035313171766391,494
long_form,C2_finbert_s1,5,2025Q4,15,fixed,1.08354918959968,-2.457560453996042,0.01432678802656629,0.00030196685514488907,0.002248273997895609,501
long_form,C2_finbert_s1,5,2025Q4,15,expanding,11.057726518459154,-3.974057574498038,8.106284523319289e-05,0.007229295019317298,0.020491192310599142,501
long_form,C2_finbert_s1,10,2022Q1,0,fixed,-1.961421497859262,1.3719154052584333,0.1707049990259058,-0.00426270971619459,0.0006899830716667521,501
long_form,C2_finbert_s1,10,2022Q1,0,expanding,-41.14295538419787,8.795188267184605,2.3173743898347472e-17,-0.07472205713397556,-0.0478677547238633,501
long_form,C2_finbert_s1,10,2022Q2,1,fixed,0.4390904162818978,-0.2518390348906838,0.8012710744197828,-0.002319800203188243,0.002869617833268213,491
long_form,C2_finbert_s1,10,2022Q2,1,expanding,-49.37083978955406,12.480796391241986,3.1017012801803445e-31,-0.07385362289177189,-0.05358097140627403,491
long_form,C2_finbert_s1,10,2022Q3,2,fixed,10.959100063912683,-7.795657025277664,3.915110451133832e-14,0.005432253848289757,0.008738432374968344,488
long_form,C2_finbert_s1,10,2022Q3,2,expanding,-3.822336041639589,0.6628188655260002,0.5077601466343143,-0.007920432191955578,0.004344403618425851,488
long_form,C2_finbert_s1,10,2022Q4,3,fixed,2.2321409187398484,-1.5986547350855664,0.11053541848268826,-0.0003748194748348582,0.00420622468724744,496
long_form,C2_finbert_s1,10,2022Q4,3,expanding,-39.9526003263746,7.66221904247568,9.707408754807938e-14,-0.06010373607537573,-0.03615074607898337,496
long_form,C2_finbert_s1,10,2023Q1,4,fixed,5.322648206699883,-4.397936040204328,1.3366605914177922e-05,0.0033857555216747015,0.008886153059139706,500
long_form,C2_finbert_s1,10,2023Q1,4,expanding,-2.0482750324852663,0.6505604089274357,0.5156297153207853,-0.010052071786239626,0.005114144774924151,500
long_form,C2_finbert_s1,10,2023Q2,5,fixed,6.215640487301805,-3.8139737861356133,0.00015402783698652205,0.0024235639729431797,0.007261053942932213,496
long_form,C2_finbert_s1,10,2023Q2,5,expanding,1.0772676478678398,-0.21216063647026626,0.8320690471497132,-0.006308232641721913,0.007730235926730994,496
long_form,C2_finbert_s1,10,2023Q3,6,fixed,5.035181098847345,-4.2512528347562615,2.5470174417211853e-05,0.0021941101070740306,0.005737099269972931,490
long_form,C2_finbert_s1,10,2023Q3,6,expanding,9.667620537546227,-2.224340418689853,0.02658133269678652,0.0009240473573598986,0.010830554611135561,490
long_form,C2_finbert_s1,10,2023Q4,7,fixed,4.04631704416166,-3.261817229352728,0.0011833807668849383,0.0012686834400675332,0.004937058999815595,496
long_form,C2_finbert_s1,10,2023Q4,7,expanding,-8.895994796889903,1.9098310388031838,0.05673265964318366,-0.013269276641659219,-0.000363413087603347,496
long_form,C2_finbert_s1,10,2024Q1,8,fixed,5.507713628800358,-4.7947584282473095,2.155365368982244e-06,0.0033633238394006806,0.007873044806271426,498
long_form,C2_finbert_s1,10,2024Q1,8,expanding,6.692378997581767,-1.8872018924929959,0.059715655724534314,-1.1218575713085511e-05,0.011437402431056468,498
long_form,C2_finbert_s1,10,2024Q2,9,fixed,5.211914342645561,-5.095070020136955,4.953648968025349e-07,0.002980373094643948,0.006503474720570001,500
long_form,C2_finbert_s1,10,2024Q2,9,expanding,6.857249259830678,-2.116166255099551,0.03482523735028405,0.0004544794025937429,0.009095159942735557,500
long_form,C2_finbert_s1,10,2024Q3,10,fixed,5.034739092356159,-3.146386647716397,0.00175338526950998,0.0015205112981136251,0.006844359503559781,492
long_form,C2_finbert_s1,10,2024Q3,10,expanding,-8.505199550041276,1.7598839946222349,0.07905013974120133,-0.016319711427573907,0.0005310589434921688,492
long_form,C2_finbert_s1,10,2024Q4,11,fixed,4.3382288926256285,-3.996843173204445,7.388456772782093e-05,0.0025533255840787636,0.0076789600795312335,500
long_form,C2_finbert_s1,10,2024Q4,11,expanding,7.934784311774716,-2.66058473124685,0.008051689747071879,0.0029773190775927473,0.02009803709125435,500
long_form,C2_finbert_s1,10,2025Q1,12,fixed,1.8872554008676783,-1.0447874143133618,0.2966240648573728,-0.001409619501019557,0.004338911514051435,503
long_form,C2_finbert_s1,10,2025Q1,12,expanding,-22.025565737915482,3.4737959931526574,0.0005575385886024318,-0.03848516700127277,-0.012242707842938436,503
long_form,C2_finbert_s1,10,2025Q2,13,fixed,7.274456228507346,-4.856394913624839,1.5986327780420223e-06,0.004659924899159358,0.010340169846386771,504
long_form,C2_finbert_s1,10,2025Q2,13,expanding,-1.4253091027908205,0.21272727915298467,0.8316258703816952,-0.010566767625679895,0.008448840618159347,504
long_form,C2_finbert_s1,10,2025Q3,14,fixed,8.198150876827127,-5.80166556694415,1.1753455095174942e-08,0.004404967987044953,0.008865566141553202,494
long_form,C2_finbert_s1,10,2025Q3,14,expanding,7.384519228467893,-1.57246381653803,0.11648454474738779,-0.0014660882251493039,0.011532921920938665,494
long_form,C2_finbert_s1,10,2025Q4,15,fixed,3.8445520775085282,-2.7671412553533745,0.005872029371524493,0.0008590518806270829,0.004825328319247754,484
long_form,C2_finbert_s1,10,2025Q4,15,expanding,-3.8426999430520232,0.9458550849899244,0.34469543777119493,-0.009209840728369565,0.0026979742705624853,484
long_form,C2_finbert_s1,20,2022Q1,0,fixed,-0.0106014432397526,0.1523903483457169,0.8789406652285883,-7.701848466491242e-05,7.118342723915902e-05,500
long_form,C2_finbert_s1,20,2022Q1,0,expanding,-3.2117272398681407,7.010532560935687,7.747044341458427e-12,-0.004385993036303591,-0.0025116110364423487,500
long_form,C2_finbert_s1,20,2022Q2,1,fixed,-0.25671712692470217,3.160633612911571,0.0016716937571480072,-0.0001963311929149106,-4.81902535383889e-05,491
long_form,C2_finbert_s1,20,2022Q2,1,expanding,-1.5383591629077173,4.076077780082528,5.343061792120455e-05,-0.0020378855292956144,-0.0007846678876420041,491
long_form,C2_finbert_s1,20,2022Q3,2,fixed,-0.2115999093469422,3.2211550948846606,0.0013621590746072465,-0.00015996951977608262,-4.2176788152464216e-05,488
long_form,C2_finbert_s1,20,2022Q3,2,expanding,0.7696793070445507,-2.1036821286670304,0.03591840121147402,4.981942106100707e-05,0.0005425841763008162,488
long_form,C2_finbert_s1,20,2022Q4,3,fixed,-0.21691188550595875,3.4883564215059333,0.0005293420151521896,-0.00018691486338510822,-6.0375573639612005e-05,496
long_form,C2_finbert_s1,20,2022Q4,3,expanding,-0.5459014554921815,1.432156899479438,0.15273007182123838,-0.0008266151068602962,7.654401051502969e-05,496
long_form,C2_finbert_s1,20,2023Q1,4,fixed,0.01711799755316418,-0.3246177017081921,0.7456070138099293,-6.712993218828575e-05,9.603023191553933e-05,498
long_form,C2_finbert_s1,20,2023Q1,4,expanding,-1.5122005252428614,3.8030350205290375,0.00016071474248574255,-0.0025033150508595287,-0.0008539390661288803,498
long_form,C2_finbert_s1,20,2023Q2,5,fixed,-0.03494364471580241,0.6172038700659502,0.5373840590478274,-7.858263730373782e-05,4.039774145232211e-05,496
long_form,C2_finbert_s1,20,2023Q2,5,expanding,0.016752871671462766,-0.07092679317774779,0.943484665052012,-0.00019007608481176497,0.00021978378458082143,496
long_form,C2_finbert_s1,20,2023Q3,6,fixed,0.0039295696244608025,-0.06225442473089884,0.9503857110774792,-9.723223902669489e-05,0.00010120497123654594,489
long_form,C2_finbert_s1,20,2023Q3,6,expanding,1.2464254934082024,-3.365624687910852,0.0008239382838338133,0.00028340609914229153,0.0009464780413711045,489
long_form,C2_finbert_s1,20,2023Q4,7,fixed,0.0009163703862885608,-0.021854239888908708,0.9825730338440998,-6.435798376248636e-05,6.114159479214158e-05,496
long_form,C2_finbert_s1,20,2023Q4,7,expanding,0.33273726761317046,-1.1935025557932653,0.23324430099003418,-0.00010719123048433054,0.00048250372844157026,496
long_form,C2_finbert_s1,20,2024Q1,8,fixed,-0.08142193776100347,2.1951378938393606,0.028618219214981033,-0.00014726882090180052,-1.4489091664310043e-05,495
long_form,C2_finbert_s1,20,2024Q1,8,expanding,0.856299437942312,-3.968824167154572,8.29425133051545e-05,0.0002912171546279132,0.000816364911104275,495
long_form,C2_finbert_s1,20,2024Q2,9,fixed,-0.007060074945508719,0.15297780992997323,0.8784776133082974,-6.158193702938681e-05,4.915989036716045e-05,500
long_form,C2_finbert_s1,20,2024Q2,9,expanding,1.1225135925329155,-3.1536680722001975,0.0017094698449853449,0.0001685179558712525,0.0007137044625280091,500
long_form,C2_finbert_s1,20,2024Q3,10,fixed,-0.11253720709510433,1.7815418272278096,0.07544198072534805,-0.00019278858875212138,-3.657368510239588e-06,492
long_form,C2_finbert_s1,20,2024Q3,10,expanding,1.132659031988873,-2.669845552254706,0.007840119777137368,0.00023194315382661903,0.0011767260281979038,492
long_form,C2_finbert_s1,20,2024Q4,11,fixed,-0.13546797001932773,2.5227111412535033,0.011955804221186726,-0.00017387518068210378,-2.6554769459789566e-05,499
long_form,C2_finbert_s1,20,2024Q4,11,expanding,-0.00562433408958513,0.02203411991303033,0.9824295639486199,-0.00044535997376371836,0.0004244664271390062,499
long_form,C2_finbert_s1,20,2025Q1,12,fixed,-0.1757191632626039,2.546124171214809,0.011192116044705259,-0.00016058745462692832,-2.7366049440869867e-05,500
long_form,C2_finbert_s1,20,2025Q1,12,expanding,-1.458027195941093,4.2306991916099195,2.772547605539406e-05,-0.0017224298347391178,-0.0006677947819015775,500
long_form,C2_finbert_s1,20,2025Q2,13,fixed,-0.1097370643564614,2.759521840995175,0.006000117570536596,-0.00019113992888756683,-4.2026993337365495e-05,503
long_form,C2_finbert_s1,20,2025Q2,13,expanding,1.5829817870081433,-5.9376819307805455,5.400801821767191e-09,0.0006616932727108763,0.001242998186692349,503
long_form,C2_finbert_s1,20,2025Q3,14,fixed,-0.11555386353744265,2.0907713930460545,0.03706003615809885,-0.00016778997219019077,-1.047898410163909e-05,494
long_form,C2_finbert_s1,20,2025Q3,14,expanding,1.1985464950245306,-3.508165708772737,0.0004925077453390373,0.00027697010709971205,0.0009874985593801562,494
long_form,C2_finbert_s1,20,2025Q4,15,fixed,-0.023042636475503996,0.37534085655984684,0.7075785004768075,-8.343515920506321e-05,5.8195111518817226e-05,465
long_form,C2_finbert_s1,20,2025Q4,15,expanding,-0.5902934958296876,1.1400649147278228,0.2548474037013792,-0.0008812057440309254,0.0001579065902993425,465
long_form,C2_finbert_s2,5,2022Q1,0,fixed,-3.669071487472944,2.7241332402802994,0.0066727248082996335,-0.007357209936373334,-0.0013956515948676349,501
long_form,C2_finbert_s2,5,2022Q1,0,expanding,-11.583647572257986,4.430213863903871,1.1574472891256203e-05,-0.028734766672794627,-0.011731864367721397,501
long_form,C2_finbert_s2,5,2022Q2,1,fixed,-0.054553960822207516,0.03981337920346236,0.9682581256924886,-0.003225634577476865,0.003131807371150432,491
long_form,C2_finbert_s2,5,2022Q2,1,expanding,-8.953869587251694,3.5506467170427967,0.0004213689449627712,-0.02542054925028277,-0.007991904999351053,491
long_form,C2_finbert_s2,5,2022Q3,2,fixed,3.7831684206161955,-4.390198028873501,1.3893754017892348e-05,0.0017636693114395881,0.0044452947874195825,489
long_form,C2_finbert_s2,5,2022Q3,2,expanding,4.753264595795941,-1.8516367654889947,0.06468185012661426,-4.238514901647046e-05,0.008183627467238953,489
long_form,C2_finbert_s2,5,2022Q4,3,fixed,1.895095785022383,-2.0365088713540502,0.042230962025718445,8.424349951732719e-05,0.004728926654291053,496
long_form,C2_finbert_s2,5,2022Q4,3,expanding,-2.972939676380775,1.351829109173275,0.17704735726068424,-0.012411348850013552,0.001587469421341213,496
long_form,C2_finbert_s2,5,2023Q1,4,fixed,3.067286675693302,-3.3583750530304477,0.0008439671372474521,0.0013731881569681403,0.005071690047284069,500
long_form,C2_finbert_s2,5,2023Q1,4,expanding,3.655076060500267,-1.6558516606601905,0.0983805423948686,-0.0005178413295109822,0.008089853784589152,500
long_form,C2_finbert_s2,5,2023Q2,5,fixed,3.168908123162184,-3.7924417312629735,0.00016760385111667196,0.0014330401157357918,0.004741672905483312,496
long_form,C2_finbert_s2,5,2023Q2,5,expanding,2.964046385605691,-1.3583564237101036,0.17496934896396676,-0.001703504802468659,0.007123961035218624,496
long_form,C2_finbert_s2,5,2023Q3,6,fixed,1.4504611419919222,-1.5843365195932468,0.1137636251407978,-0.0003735423319424501,0.003630551041702212,490
long_form,C2_finbert_s2,5,2023Q3,6,expanding,3.497580275342693,-1.4775499771078453,0.14017202326128866,-0.0014448080331775576,0.008106553208934025,490
long_form,C2_finbert_s2,5,2023Q4,7,fixed,2.343317119962494,-2.4057362815263357,0.016505648069178706,0.0004988065166743662,0.005015250461428938,496
long_form,C2_finbert_s2,5,2023Q4,7,expanding,2.864034317462525,-1.1535683689899638,0.24923385963834505,-0.0025325867789973843,0.010019287433336101,496
long_form,C2_finbert_s2,5,2024Q1,8,fixed,1.5355517482286616,-1.7244647217660063,0.08524574512451262,-0.00024529885286300295,0.004208637373473215,498
long_form,C2_finbert_s2,5,2024Q1,8,expanding,1.1941158547546584,-0.5089079706594487,0.6110425771759775,-0.0041316267799059656,0.00711392636822074,498
long_form,C2_finbert_s2,5,2024Q2,9,fixed,2.418445713943884,-3.1102537926555702,0.0019761850916338143,0.0009709032314460095,0.004356863423241992,500
long_form,C2_finbert_s2,5,2024Q2,9,expanding,2.944186127151467,-1.3946481312775876,0.16374250487709108,-0.0013706366688751173,0.007036208506246528,500
long_form,C2_finbert_s2,5,2024Q3,10,fixed,0.8140484559828314,-0.8805021861719221,0.37901809077859666,-0.0012481406985157563,0.003044681024124733,492
long_form,C2_finbert_s2,5,2024Q3,10,expanding,1.3824568202988803,-0.638450433590358,0.5234781833846667,-0.0039294737155497585,0.007653566536845448,492
long_form,C2_finbert_s2,5,2024Q4,11,fixed,0.7029940094156849,-0.9391903817278544,0.3480873890905166,-0.0015012926982134309,0.004087551961832672,500
long_form,C2_finbert_s2,5,2024Q4,11,expanding,5.622603987759015,-3.1353262517018434,0.001817820252258891,0.005072789813888215,0.020731991310382246,500
long_form,C2_finbert_s2,5,2025Q1,12,fixed,2.1420275789745853,-2.371617747012673,0.018086706846731335,0.0004216555016300503,0.004395986565837218,503
long_form,C2_finbert_s2,5,2025Q1,12,expanding,0.8049174159841213,-0.3537660211030175,0.7236627677015345,-0.004725374454816377,0.006573285952722061,503
long_form,C2_finbert_s2,5,2025Q2,13,fixed,3.1168660522515195,-3.7579337349356314,0.0001914032562458228,0.0021483968590075195,0.006849619165010564,504
long_form,C2_finbert_s2,5,2025Q2,13,expanding,0.5873781026767853,-0.2190939806302134,0.8266657124874004,-0.00637655916102574,0.007122085829928775,504
long_form,C2_finbert_s2,5,2025Q3,14,fixed,3.2865997372606537,-3.707935445898783,0.00023268173552263858,0.001771106813160636,0.005812515525333149,494
long_form,C2_finbert_s2,5,2025Q3,14,expanding,7.383020837295507,-3.077389661373049,0.0022044268193308846,0.003468615048320634,0.014507239439711904,494
long_form,C2_finbert_s2,5,2025Q4,15,fixed,3.260089289856502,-4.494767052502294,8.662773312852756e-06,0.002141734685528898,0.005406646748918379,501
long_form,C2_finbert_s2,5,2025Q4,15,expanding,5.592423658319124,-3.094585488283703,0.002081275622336263,0.0025501587120823413,0.011195264291067696,501
long_form,C2_finbert_s2,10,2022Q1,0,fixed,-0.3707889236117621,2.8383073120983044,0.004719774038681757,-0.00054579843143902,-0.00011807502385189077,501
long_form,C2_finbert_s2,10,2022Q1,0,expanding,-22.36966201177073,7.533440732784614,2.331704656335482e-13,-0.04145537287153315,-0.025021568259218616,501
long_form,C2_finbert_s2,10,2022Q2,1,fixed,0.8821678611382386,-4.800087848323133,2.109483550652623e-06,0.0004084542682473031,0.0009246769874117837,491
long_form,C2_finbert_s2,10,2022Q2,1,expanding,4.942863697099257,-1.6344428260831136,0.10280815413533632,-0.0009078091619014227,0.014051383510851142,491
long_form,C2_finbert_s2,10,2022Q3,2,fixed,0.30078981139340133,-2.3474632693551327,0.019301156294720668,4.547376207236842e-05,0.00035660241397845533,488
long_form,C2_finbert_s2,10,2022Q3,2,expanding,5.6066993372988,-1.2744531550567681,0.20311063925237116,-0.0011486548220771711,0.008477851599014978,488
long_form,C2_finbert_s2,10,2022Q4,3,fixed,0.7067536157873653,-6.318917181656728,5.878159502646697e-10,0.0004178023721946828,0.000787995887384864,496
long_form,C2_finbert_s2,10,2022Q4,3,expanding,2.8015123413260374,-1.0634988245141097,0.2880743277111714,-0.002203375192182593,0.00972549800720897,496
long_form,C2_finbert_s2,10,2023Q1,4,fixed,0.4041813751410323,-4.572537393134036,6.084304634193404e-06,0.0002612882474668621,0.0006528567890669042,500
long_form,C2_finbert_s2,10,2023Q1,4,expanding,2.9135693970016723,-1.2578990611742153,0.20901657414350563,-0.0017537500648340204,0.009184179367819506,500
long_form,C2_finbert_s2,10,2023Q2,5,fixed,0.11910708580172308,-0.8147087618870079,0.41563082048990047,-0.0001008653667802246,0.00030702802035197655,496
long_form,C2_finbert_s2,10,2023Q2,5,expanding,3.210729724584453,-0.8719130735610021,0.3836785062551661,-0.0021546720421387637,0.007426822281036313,496
long_form,C2_finbert_s2,10,2023Q3,6,fixed,-0.2948200988928819,2.882165067790911,0.004123301400456519,-0.00038512569906055233,-7.879894629161398e-05,490
long_form,C2_finbert_s2,10,2023Q3,6,expanding,-7.468615648918605,2.3991202537921357,0.016807874079057872,-0.00801037031063718,-0.0008024994578088679,490
long_form,C2_finbert_s2,10,2023Q4,7,fixed,0.1461303516685411,-1.1359640025535505,0.2565213095268052,-8.062512693045406e-05,0.00029633269221013384,496
long_form,C2_finbert_s2,10,2023Q4,7,expanding,2.205279314567535,-0.5911105685387323,0.5547161538673144,-0.0037686921796173415,0.007039729084298,496
long_form,C2_finbert_s2,10,2024Q1,8,fixed,0.3771036026602788,-3.959589186815168,8.604281582989294e-05,0.000204450156846505,0.000565855598637659,498
long_form,C2_finbert_s2,10,2024Q1,8,expanding,3.3927417570458496,-1.1933285973524768,0.2333100344331454,-0.0016777492934584159,0.007261290638791267,498
long_form,C2_finbert_s2,10,2024Q2,9,fixed,-0.05209139790425582,0.45207826097086135,0.6514090512045208,-0.00026197578555028813,0.00016457418902129052,500
long_form,C2_finbert_s2,10,2024Q2,9,expanding,-1.9433380237558004,0.5208228345336864,0.6027212214276322,-0.006593211356013788,0.0037566049138425647,500
long_form,C2_finbert_s2,10,2024Q3,10,fixed,0.288541851818421,-2.417874835818493,0.015974491825898253,5.5440104488714154e-05,0.00045427390803120507,492
long_form,C2_finbert_s2,10,2024Q3,10,expanding,8.807398563829988,-2.9996550166936973,0.002840149431466769,0.0031391609997205414,0.013143536579431181,492
long_form,C2_finbert_s2,10,2024Q4,11,fixed,0.5424457864011237,-4.670193938864556,3.874010339004953e-06,0.000385121370166881,0.0009005961202471413,500
long_form,C2_finbert_s2,10,2024Q4,11,expanding,16.232665989359614,-5.799976785098522,1.1785563959754378e-08,0.016068401661782982,0.031862815973043856,500
long_form,C2_finbert_s2,10,2025Q1,12,fixed,0.32646610454433755,-3.362614956201657,0.0008310348125157035,0.00012769570972842828,0.0004294277001894281,503
long_form,C2_finbert_s2,10,2025Q1,12,expanding,-3.9939135462732622,1.5925486800598436,0.11189091588254353,-0.009726791697695854,0.0005844051161992999,503
long_form,C2_finbert_s2,10,2025Q2,13,fixed,0.06265753466787485,-0.6858906870540221,0.4930980517225734,-0.00011206928609467,0.00025428360217238504,504
long_form,C2_finbert_s2,10,2025Q2,13,expanding,-0.0041802204985302875,0.0013396564983456088,0.9989316402091064,-0.004460517328618343,0.004476664485053227,504
long_form,C2_finbert_s2,10,2025Q3,14,fixed,0.1821664788046299,-1.8170601414060126,0.06981490517997807,-3.926350055775607e-06,0.0003112050235742383,494
long_form,C2_finbert_s2,10,2025Q3,14,expanding,7.680265715931692,-2.581663031984522,0.010120117199458758,0.0016588668770307197,0.009831678840912088,494
long_form,C2_finbert_s2,10,2025Q4,15,fixed,0.192514443328098,-1.7176492518225326,0.08650156864590323,-1.2174038601419074e-05,0.00030683264741435557,484
long_form,C2_finbert_s2,10,2025Q4,15,expanding,3.4892397377979973,-1.139628309627022,0.2550060288524653,-0.002020554865353984,0.00737048668699802,484
long_form,C2_finbert_s2,20,2022Q1,0,fixed,-0.9870016056104316,0.2955371162317665,0.7677065380457958,-0.0039535896257815095,0.002867435447661311,500
long_form,C2_finbert_s2,20,2022Q1,0,expanding,-3.1111108895227,6.262795526909293,8.167001018431773e-10,-0.00434118860244342,-0.002338807356218965,500
long_form,C2_finbert_s2,20,2022Q2,1,fixed,-18.73551794427073,5.743556534853686,1.6289786448153334e-08,-0.01225114407817862,-0.0060541820695168905,491
long_form,C2_finbert_s2,20,2022Q2,1,expanding,0.29915215421429453,-1.890294930444523,0.05930836644292027,1.9420697042496994e-07,0.0005359983914059124,491
long_form,C2_finbert_s2,20,2022Q3,2,fixed,-9.641925437825199,3.354030773067031,0.0008585569067210504,-0.007235796285112825,-0.0020889238196773125,488
long_form,C2_finbert_s2,20,2022Q3,2,expanding,1.130568398276612,-4.221655641784388,2.8941651629470238e-05,0.00024804897973309766,0.0006198834168955073,488
long_form,C2_finbert_s2,20,2022Q4,3,fixed,-12.183187332004177,3.8167773182929237,0.00015233859911561356,-0.010355852683616617,-0.003644296716969214,496
long_form,C2_finbert_s2,20,2022Q4,3,expanding,0.4304880651616182,-1.4888882498299414,0.13715360852661654,-6.632135672337168e-05,0.0006478569634807628,496
long_form,C2_finbert_s2,20,2023Q1,4,fixed,-1.0640157661502696,0.421985393850705,0.6732181514957379,-0.004954188970429995,0.0030472058469709065,498
long_form,C2_finbert_s2,20,2023Q1,4,expanding,-1.7968261306311768,4.198469067837859,3.1845133715625145e-05,-0.0028542940185420987,-0.0011278634477818908,498
long_form,C2_finbert_s2,20,2023Q2,5,fixed,-3.1556642176955187,1.2945860163280092,0.1960666443761581,-0.004528973179450954,0.0007375980584785896,496
long_form,C2_finbert_s2,20,2023Q2,5,expanding,0.10268018253998946,-0.421933252484935,0.6732569222791045,-0.0001632092545810382,0.000250832059698675,496
long_form,C2_finbert_s2,20,2023Q3,6,fixed,1.6660363298801641,-0.636872596315401,0.524506470120765,-0.002851115162371443,0.00531566523754756,489
long_form,C2_finbert_s2,20,2023Q3,6,expanding,0.1790755102749248,-0.7728099544560368,0.4400089990792886,-0.00011793476828205837,0.0002968826234416239,489
long_form,C2_finbert_s2,20,2023Q4,7,fixed,-0.5038528727907723,0.2978228756999727,0.765963311579111,-0.0029069131824573297,0.0021194584474332977,496
long_form,C2_finbert_s2,20,2023Q4,7,expanding,0.05299859055797888,-0.22679073755891055,0.8206800930295178,-0.00022700192034253182,0.0002681280671507156,496
long_form,C2_finbert_s2,20,2024Q1,8,fixed,-12.648728948343805,5.95313023667698,4.993871322991383e-09,-0.016424168144779296,-0.00855594938077123,495
long_form,C2_finbert_s2,20,2024Q1,8,expanding,0.4332225770692389,-1.6549717122062848,0.09856536944914791,-5.7542065833973356e-05,0.0005729679179649787,495
long_form,C2_finbert_s2,20,2024Q2,9,fixed,-2.4363102236232765,0.9484770883279965,0.3433457376511602,-0.004685413096890652,0.0014178150415884584,500
long_form,C2_finbert_s2,20,2024Q2,9,expanding,0.5861812460142862,-2.2347739371895003,0.02587406313884155,3.871488513143105e-05,0.00043655718129992935,500
long_form,C2_finbert_s2,20,2024Q3,10,fixed,-4.212251891977496,1.7180763856899088,0.08641312715600918,-0.007415601322376059,0.00020574423746883946,492
long_form,C2_finbert_s2,20,2024Q3,10,expanding,0.7115157627888221,-3.031318969273725,0.002563488254172176,0.0001684569717061732,0.0006797304433301916,492
long_form,C2_finbert_s2,20,2024Q4,11,fixed,-7.4191834357450395,2.9657640096864446,0.0031642650970341575,-0.009010091711656225,-0.0021815866782737134,499
long_form,C2_finbert_s2,20,2024Q4,11,expanding,0.7055453919845401,-2.485750702994936,0.013254791041955859,0.00015433775620758423,0.0011200730648753359,499
long_form,C2_finbert_s2,20,2025Q1,12,fixed,-10.722571034201373,4.3143831533814785,1.9302722142868713e-05,-0.00817869906988918,-0.003073117327042349,500
long_form,C2_finbert_s2,20,2025Q1,12,expanding,-1.5343747642147616,5.576748236052767,4.0208342551053306e-08,-0.0016822474333952158,-0.000816432936030802,500
long_form,C2_finbert_s2,20,2025Q2,13,fixed,-1.300825444309089,0.7773218188842738,0.4373350751952229,-0.004751622527265069,0.0016818370799877053,503
long_form,C2_finbert_s2,20,2025Q2,13,expanding,-0.02117206569772656,0.1038081414281191,0.917363063948017,-0.00023115899004342533,0.00022033841600197602,503
long_form,C2_finbert_s2,20,2025Q3,14,fixed,-4.289711415102976,2.3621133429719876,0.018558745316867343,-0.005781812050087935,-0.0006273974440307927,494
long_form,C2_finbert_s2,20,2025Q3,14,expanding,0.6453558396187868,-2.377957883905849,0.01778903856782686,7.750097616106265e-05,0.0006380054623373758,494
long_form,C2_finbert_s2,20,2025Q4,15,fixed,-3.872890922071662,1.10032255163175,0.2717621214585811,-0.0061994663772902605,0.0018999797085176558,465
long_form,C2_finbert_s2,20,2025Q4,15,expanding,0.06429196517831401,-0.14047394469529778,0.8883464968348884,-0.0004679855068805438,0.00046014613935841395,465
long_form,C4_longformer,5,2022Q1,0,fixed,-1.6139509043636124,2.0547940040245165,0.040417974250388025,-0.0036600710853179276,-7.607666736630752e-05,501
long_form,C4_longformer,5,2022Q1,0,expanding,-19.230503120587915,7.15769266968167,2.943390640334435e-12,-0.04248347550265419,-0.02456625444015308,501
long_form,C4_longformer,5,2022Q2,1,fixed,2.1858810589496667,-2.2759880393907412,0.023277441039460733,0.0004631009275941767,0.005096558707307364,491
long_form,C4_longformer,5,2022Q2,1,expanding,-8.512414116259658,3.2782176298769974,0.0011188708305399846,-0.0251318433115007,-0.006470307009838898,491
long_form,C4_longformer,5,2022Q3,2,fixed,2.1839225213522777,-3.1955067728253286,0.0014862652818542154,0.0007492537724472234,0.0029252905581449895,489
long_form,C4_longformer,5,2022Q3,2,expanding,0.5171353566705809,-0.2138012691299246,0.8307913330446177,-0.003345681117162441,0.0046268066654740325,489
long_form,C4_longformer,5,2022Q4,3,fixed,1.4824544051567823,-1.943830346538794,0.05248220488085309,7.219369438635193e-05,0.0039031232405626315,496
long_form,C4_longformer,5,2022Q4,3,expanding,-7.869520061620559,3.0695167409431776,0.002261745225580409,-0.021796216283694245,-0.0052839720153893596,496
long_form,C4_longformer,5,2023Q1,4,fixed,2.5612676681338034,-3.2088763613382087,0.001418260880963691,0.0011325369190300833,0.004409409737308831,500
long_form,C4_longformer,5,2023Q1,4,expanding,4.112769697205913,-1.5180316416195339,0.1296396971799348,-0.0009727168198448288,0.009770472916259597,500
long_form,C4_longformer,5,2023Q2,5,fixed,1.3096667121174455,-2.2757606290424275,0.02328679941221207,0.00018324357060861223,0.00242504521921357,496
long_form,C4_longformer,5,2023Q2,5,expanding,1.8807008069631779,-1.0321207274058195,0.30251957345603325,-0.001725316739596454,0.005439929664243927,496
long_form,C4_longformer,5,2023Q3,6,fixed,0.09428968042991256,-0.16902443886680477,0.8658473120528283,-0.0011627968589305196,0.0012415383730806813,490
long_form,C4_longformer,5,2023Q3,6,expanding,2.2000547152780525,-1.1015634408572876,0.27119340926368735,-0.001829823772991575,0.00609680497062467,490
long_form,C4_longformer,5,2023Q4,7,fixed,1.7819986723911243,-2.536621986923079,0.011498880250617335,0.00039310867672195807,0.0036251115721815212,496
long_form,C4_longformer,5,2023Q4,7,expanding,1.5304544833821683,-0.625183496681897,0.5321387281229066,-0.004534368110703957,0.007889382827577845,496
long_form,C4_longformer,5,2024Q1,8,fixed,2.0144032868777626,-3.3031092926231786,0.0010251045513931423,0.0011410101215468251,0.004222613335319857,498
long_form,C4_longformer,5,2024Q1,8,expanding,4.802881085047724,-2.2938250731896037,0.022216898016853278,0.0009899418810487002,0.011070409882713543,498
long_form,C4_longformer,5,2024Q2,9,fixed,0.996703689999716,-1.6392359886119408,0.10179438631469502,-0.0002198019498347434,0.0024548712807021425,500
long_form,C4_longformer,5,2024Q2,9,expanding,4.058561561825028,-2.011349394391281,0.04482576035783119,-2.2744090477780647e-05,0.008360650764307677,500
long_form,C4_longformer,5,2024Q3,10,fixed,0.2860550615203275,-0.38228081932101743,0.7024184895207312,-0.001475579524934394,0.002043927560479398,492
long_form,C4_longformer,5,2024Q3,10,expanding,-4.001701154806905,1.6887080128882368,0.09191031804598891,-0.012984399357154244,0.0005077651909137137,492
long_form,C4_longformer,5,2024Q4,11,fixed,2.5089152053883215,-4.0637311335148985,5.608946606139793e-05,0.0026038311624041266,0.007139020388566505,500
long_form,C4_longformer,5,2024Q4,11,expanding,5.096022892074162,-2.818167689288646,0.005021586736156753,0.0037388319638843436,0.019400868313201296,500
long_form,C4_longformer,5,2025Q1,12,fixed,2.321244608873949,-3.2052562590087117,0.0014353266249869205,0.001003580822956054,0.0043042467648319585,503
long_form,C4_longformer,5,2025Q1,12,expanding,-1.2340466961352732,0.4675967510045471,0.6402759050399163,-0.008629223764418941,0.005055340977391069,503
long_form,C4_longformer,5,2025Q2,13,fixed,1.7367292601091002,-3.4967419342923693,0.0005126780539937881,0.0012082123257474216,0.003957925363657603,504
long_form,C4_longformer,5,2025Q2,13,expanding,2.342552866753244,-1.0497802648819472,0.2943232592326148,-0.002409797348650536,0.008473439958000463,504
long_form,C4_longformer,5,2025Q3,14,fixed,2.3633898827305404,-3.745088884123957,0.00020162311715068415,0.0013683017531494963,0.004186453549096727,494
long_form,C4_longformer,5,2025Q3,14,expanding,5.347771255056169,-2.5431362583962187,0.011290698720907698,0.0016628429328849608,0.011350775031338684,494
long_form,C4_longformer,5,2025Q4,15,fixed,1.7061189301981587,-2.5797291395980184,0.010172125019085725,0.0003657163210865879,0.00329239080194517,501
long_form,C4_longformer,5,2025Q4,15,expanding,1.6901958403670914,-0.6965255014996458,0.48642346374242035,-0.004040786177408834,0.007565723828662415,501
long_form,C4_longformer,10,2022Q1,0,fixed,-0.47934697595568165,0.8028246494823859,0.42245753710620054,-0.0014821474286856563,0.0005411044413754026,501
long_form,C4_longformer,10,2022Q1,0,expanding,-26.338350830242135,7.310459054759622,1.0626591823460238e-12,-0.04904216572862406,-0.028771689293987573,501
long_form,C4_longformer,10,2022Q2,1,fixed,-5.2892533763750995,6.136797916179109,1.738811621502705e-09,-0.0051697298964482035,-0.00278808632911019,491
long_form,C4_longformer,10,2022Q2,1,expanding,-2.168666457117528,0.5718136969779687,0.5677104085739982,-0.012087169131205912,0.006356453031606469,491
long_form,C4_longformer,10,2022Q3,2,fixed,0.8335716930342516,-0.7479627481543316,0.45484365575455793,-0.0009144144753561604,0.0017804584805970456,488
long_form,C4_longformer,10,2022Q3,2,expanding,-9.785119401535182,1.1448938056754931,0.25281549689330934,-0.013736916531532202,0.0048529481871671335,488
long_form,C4_longformer,10,2022Q4,3,fixed,-2.456138163665203,4.970396079792503,9.222930569934048e-07,-0.0028541587533086788,-0.0012616875609485448,496
long_form,C4_longformer,10,2022Q4,3,expanding,-19.017512570338493,4.7628477632132356,2.5111143888821663e-06,-0.031969010029385896,-0.013437156730777392,496
long_form,C4_longformer,10,2023Q1,4,fixed,-2.6819400054128613,6.542891217756167,1.4983709400579364e-10,-0.0038804822266182088,-0.0021476831966434603,500
long_form,C4_longformer,10,2023Q1,4,expanding,5.1086981749102325,-1.4363824045536908,0.15152018323206715,-0.0018131484628756667,0.014743835346741401,500
long_form,C4_longformer,10,2023Q2,5,fixed,-2.81362790855717,4.638093453059088,4.50638688390503e-06,-0.003074982238055421,-0.0012934810294927832,496
long_form,C4_longformer,10,2023Q2,5,expanding,4.954146240690271,-1.2665813452324954,0.2059006875607278,-0.0016210104597038076,0.008747649082959786,496
long_form,C4_longformer,10,2023Q3,6,fixed,0.16993046208781434,-0.34333860262374444,0.7314913035091568,-0.0006076642360015465,0.0008752149206097921,490
long_form,C4_longformer,10,2023Q3,6,expanding,-7.180300859706313,1.7379412175354412,0.08285068545658371,-0.008757150424581061,0.00043909749761976777,490
long_form,C4_longformer,10,2023Q4,7,fixed,-2.337457556753378,4.185308776472015,3.370273031093167e-05,-0.0026410452703305443,-0.0009366896010626555,496
long_form,C4_longformer,10,2023Q4,7,expanding,1.4982478154051946,-0.3331181921763421,0.7391861127376261,-0.0056969240084356635,0.0076830504007304205,496
long_form,C4_longformer,10,2024Q1,8,fixed,-4.038100975303105,8.679709077014893,5.705833646992991e-17,-0.005048490810598421,-0.003201758777808422,498
long_form,C4_longformer,10,2024Q1,8,expanding,6.074165578380624,-1.7731448015710465,0.07681709072684655,-0.00033574601385055264,0.010640092708577164,498
long_form,C4_longformer,10,2024Q2,9,fixed,-5.006304714072806,10.148138295189868,3.9947395021138933e-22,-0.005441086150114796,-0.003727418529837746,500
long_form,C4_longformer,10,2024Q2,9,expanding,11.731499390428244,-3.0014052779806746,0.0028219480644366955,0.002747858526033572,0.013379445094976187,500
long_form,C4_longformer,10,2024Q3,10,fixed,-2.6582904341169535,3.841000872734975,0.00013858944852090891,-0.0033871602040443215,-0.001112985663780433,492
long_form,C4_longformer,10,2024Q3,10,expanding,-6.994172668589955,1.615822196366102,0.10677508355146148,-0.01375597430003035,0.0009433590947079883,492
long_form,C4_longformer,10,2024Q4,11,fixed,-2.1391031984461812,4.695294666296689,3.445145485981623e-06,-0.0035396923846197073,-0.0014595800077019127,500
long_form,C4_longformer,10,2024Q4,11,expanding,8.104406790686603,-2.669088865717141,0.007853481478387197,0.0030582495185091886,0.01988807819402158,500
long_form,C4_longformer,10,2025Q1,12,fixed,-2.1287114058757997,3.408559383346247,0.0007055926132089635,-0.002810466584213451,-0.0007910431964216829,503
long_form,C4_longformer,10,2025Q1,12,expanding,-25.157250428737328,4.3330349971627715,1.7771823454030982e-05,-0.040515596712521154,-0.01594330193498817,503
long_form,C4_longformer,10,2025Q2,13,fixed,-3.8995280585017,7.035484597322464,6.5258646498843745e-12,-0.005115515443203156,-0.002960874046201434,504
long_form,C4_longformer,10,2025Q2,13,expanding,0.5324730642655443,-0.08772728887298983,0.9301283435952379,-0.008101446106947486,0.009346263447791384,504
long_form,C4_longformer,10,2025Q3,14,fixed,-2.934016617129496,6.217051132247464,1.0805115310832042e-09,-0.003180125459846035,-0.0016250921538192029,494
long_form,C4_longformer,10,2025Q3,14,expanding,11.718273208227618,-3.0446651056792935,0.0024539497935056084,0.0034823242602465844,0.013947971503500321,494
long_form,C4_longformer,10,2025Q4,15,fixed,-2.5304697637399745,3.978759010027907,7.990422205516019e-05,-0.0027837523124374947,-0.0009405534072835369,484
long_form,C4_longformer,10,2025Q4,15,expanding,-4.877475199443462,1.066453353716271,0.28675153030825673,-0.010945830517150056,0.002740041960273596,484
long_form,C4_longformer,20,2022Q1,0,fixed,1.4520488499567354,-0.3119545734590598,0.7552053494219622,-0.003992618662017891,0.005490046461984168,500
long_form,C4_longformer,20,2022Q1,0,expanding,-0.36732938192762377,7.518100197059244,2.5985169013214517e-13,-0.00048569578676570935,-0.00028666905050954623,500
long_form,C4_longformer,20,2022Q2,1,fixed,-28.735995686838077,7.186992233694644,2.4849257251442287e-12,-0.017704813721090538,-0.010096898425529929,491
long_form,C4_longformer,20,2022Q2,1,expanding,-0.5339113854043697,6.60897892189018,1.012096519907122e-10,-0.0006099282821618409,-0.000342936600546824,491
long_form,C4_longformer,20,2022Q3,2,fixed,-10.096761426042514,2.498862095776105,0.01278760924789583,-0.008568714671384535,-0.0012904648104001073,488
long_form,C4_longformer,20,2022Q3,2,expanding,-0.24404661324418497,3.779782160606312,0.0001764317726455166,-0.00013848095611022817,-4.731810215563204e-05,488
long_form,C4_longformer,20,2022Q4,3,fixed,-21.80374085932484,4.754251789006694,2.6154519040541815e-06,-0.017253317372700756,-0.0075131663599729915,496
long_form,C4_longformer,20,2022Q4,3,expanding,-0.12405946858845533,5.585405636719184,3.8516573851618836e-08,-0.00010843010912001392,-5.3798367297065716e-05,496
long_form,C4_longformer,20,2023Q1,4,fixed,-13.972503404202229,4.052380562684286,5.882475647515404e-05,-0.01732623763526929,-0.006297960446866221,498
long_form,C4_longformer,20,2023Q1,4,expanding,-0.09323351964658289,5.31533062390507,1.6109282261265238e-07,-0.0001373991730806785,-6.62312003094371e-05,498
long_form,C4_longformer,20,2023Q2,5,fixed,-3.0310743846872437,0.9774723624029718,0.3288128134669964,-0.005229790067488887,0.0014874952460874297,496
long_form,C4_longformer,20,2023Q2,5,expanding,-0.06721077643037444,2.0917613220374247,0.03696885905551869,-6.07660807594562e-05,-2.5673635337041206e-06,496
long_form,C4_longformer,20,2023Q3,6,fixed,5.195300177023859,-1.3730106414490153,0.17037959731239427,-0.0018035372668378828,0.010363071599598934,489
long_form,C4_longformer,20,2023Q3,6,expanding,0.038638413189821696,-1.0295105583664568,0.3037498043313292,-1.4860002868870489e-05,5.249085794982283e-05,489
long_form,C4_longformer,20,2023Q4,7,fixed,0.866231111827568,-0.2790877705617552,0.7802940308662538,-0.004026337338176711,0.005179729996026266,496
long_form,C4_longformer,20,2023Q4,7,expanding,-0.0017569298400192568,0.030375367157449554,0.9757799329126456,-6.039357311240974e-05,6.0196870375207695e-05,496
long_form,C4_longformer,20,2024Q1,8,fixed,-36.57561311383713,8.409589600284567,4.442423547514192e-16,-0.043369681646566446,-0.026729817315440076,495
long_form,C4_longformer,20,2024Q1,8,expanding,-0.2587271962577353,3.051044074772776,0.00240311265344174,-0.00026014887494238355,-5.305791472713751e-05,495
long_form,C4_longformer,20,2024Q2,9,fixed,1.2728081877832813,-0.4448572877028371,0.6566157850467191,-0.002684748881932366,0.004383189111199783,500
long_form,C4_longformer,20,2024Q2,9,expanding,-0.0018966466666645273,0.301108808650061,0.7634569509485359,-5.441607659255143e-06,4.278310748448155e-06,500
long_form,C4_longformer,20,2024Q3,10,fixed,-5.016431294864375,1.7604077129253133,0.0789612569619839,-0.008423337794059028,0.00026567373313580935,492
long_form,C4_longformer,20,2024Q3,10,expanding,-0.0372789652865651,3.2409822166924247,0.0012720653582010946,-3.5401233289821585e-05,-9.370093842030722e-06,492
long_form,C4_longformer,20,2024Q4,11,fixed,-13.302531116391757,3.7874337805907423,0.00017080221022025007,-0.01478451032858107,-0.005034835193847274,499
long_form,C4_longformer,20,2024Q4,11,expanding,0.007411726042588038,-4.311019783755136,1.9595128865450833e-05,3.8112478369542228e-06,9.719059878486397e-06,499
long_form,C4_longformer,20,2025Q1,12,fixed,-24.11004093929276,5.311270979939472,1.6426345394962528e-07,-0.017347153160291062,-0.007920216369745426,500
long_form,C4_longformer,20,2025Q1,12,expanding,-0.24523698047609038,7.17457546053983,2.6385102928291188e-12,-0.0002540028198533579,-0.00014921824067896334,500
long_form,C4_longformer,20,2025Q2,13,fixed,1.5361998356098834,-0.7668730182991018,0.4435175103416687,-0.0022755413929719547,0.005391267406169343,503
long_form,C4_longformer,20,2025Q2,13,expanding,0.030295878074649563,-2.911027697238327,0.0037625469546687306,6.425064478903867e-06,2.9355855651553523e-05,503
long_form,C4_longformer,20,2025Q3,14,fixed,-3.687965391745951,1.2857292871513888,0.19914113944433404,-0.006867542880660128,0.0012973888087258012,494
long_form,C4_longformer,20,2025Q3,14,expanding,-0.08419730277769771,2.2295690692989245,0.026225730294651757,-8.58048759422393e-05,-7.8783306061775e-06,494
long_form,C4_longformer,20,2025Q4,15,fixed,-5.418655953331232,1.3214157342362296,0.18701397858586236,-0.007909932717676711,0.0011662203384735414,465
long_form,C4_longformer,20,2025Q4,15,expanding,-0.07077456575017596,1.4925174007931823,0.1362431585924418,-8.594376057400852e-05,1.1241733823643027e-05,465
long_form,C5_qwen3,5,2022Q1,0,fixed,9.52968781147976,-5.296099843333252,1.7757436072705204e-07,0.0072459940208021035,0.01580788458293762,501
long_form,C5_qwen3,5,2022Q1,0,expanding,-4.654950023791623,9.737915255533197,1.2341076194714642e-20,-0.009838290567662902,-0.00652975225686918,501
long_form,C5_qwen3,5,2022Q2,1,fixed,-4.319826116241308,6.317097657976662,5.988889941010472e-10,-0.007069779930546191,-0.0037412703593219733,491
long_form,C5_qwen3,5,2022Q2,1,expanding,0.5326016056459002,-6.572808352478241,1.2659475380805767e-10,0.0006911214977788515,0.0012946022416881677,491
long_form,C5_qwen3,5,2022Q3,2,fixed,1.78851759344107,-1.9572392851211973,0.05088899523956521,-4.209215982295029e-05,0.002888778272438366,489
long_form,C5_qwen3,5,2022Q3,2,expanding,-0.12884195183074326,0.6999321281828315,0.48430321383949076,-0.00041854705465314384,0.00019099914246309294,489
long_form,C5_qwen3,5,2022Q4,3,fixed,-3.8630788215413743,4.1341408725770625,4.184596106139245e-05,-0.007477526753087958,-0.0027033820403523966,496
long_form,C5_qwen3,5,2022Q4,3,expanding,0.7074287484855907,-5.1855734990062095,3.1444672577563727e-07,0.00077457749851659,0.0016592690780498644,496
long_form,C5_qwen3,5,2023Q1,4,fixed,-6.338241026419846,4.6964304528165,3.426861472539129e-06,-0.009395150852276562,-0.00400535549192833,500
long_form,C5_qwen3,5,2023Q1,4,expanding,-0.5119016671512137,1.6503705909499664,0.09949639527371146,-0.0011177415270225033,6.63772183902174e-05,500
long_form,C5_qwen3,5,2023Q2,5,fixed,0.19467115717064332,-0.30050145182561133,0.7639208549107246,-0.0010949825514358696,0.0014370325230166083,496
long_form,C5_qwen3,5,2023Q2,5,expanding,0.19660288511051183,-1.346732778939656,0.17868258153059746,-9.462901713028573e-05,0.0004914942436519116,496
long_form,C5_qwen3,5,2023Q3,6,fixed,1.155343690651443,-1.9280464739088703,0.054428042619287,2.6488978279642533e-05,0.0025491849899229083,490
long_form,C5_qwen3,5,2023Q3,6,expanding,0.0553755451722651,-0.38955278411360467,0.6970368688775509,-0.00021766983566016672,0.0003374280612960008,490
long_form,C5_qwen3,5,2023Q4,7,fixed,-2.204668248530915,2.564977042895555,0.010611900060307473,-0.004482220726042903,-0.000652260399746258,496
long_form,C5_qwen3,5,2023Q4,7,expanding,0.7989186679214444,-4.8948766788925395,1.3333613619585554e-06,0.0006150898878317436,0.00139359540280555,496
long_form,C5_qwen3,5,2024Q1,8,fixed,-6.955143242513504,6.3044878446560935,6.388524111676346e-10,-0.012083863524491548,-0.006213713036066497,498
long_form,C5_qwen3,5,2024Q1,8,expanding,0.28737275378510646,-0.9901918561540755,0.3225621756733738,-0.00041559251843783243,0.0010408991518850348,498
long_form,C5_qwen3,5,2024Q2,9,fixed,0.9997927962366905,-1.7642163521024894,0.0783073554573706,-0.00012943751039509879,0.0024439839429337643,500
long_form,C5_qwen3,5,2024Q2,9,expanding,-0.13468688773736226,0.8006263720990126,0.42372899480172915,-0.0005095648505029456,0.00019388152703675866,500
long_form,C5_qwen3,5,2024Q3,10,fixed,-1.7660298292613548,1.8825582640150302,0.06035129060283195,-0.004489394208702117,-0.00011872847193115273,492
long_form,C5_qwen3,5,2024Q3,10,expanding,0.4905089094286783,-2.3179622644872993,0.020861448529893446,0.00014287653618542227,0.001320600409374883,492
long_form,C5_qwen3,5,2024Q4,11,fixed,-2.717721082027539,3.6115506484443185,0.00033516514429569134,-0.007976019647759115,-0.0024634465490002036,500
long_form,C5_qwen3,5,2024Q4,11,expanding,0.6153217534803298,-3.6483615035545087,0.0002916950339717816,0.0006723394179131029,0.0021464361949817385,500
long_form,C5_qwen3,5,2025Q1,12,fixed,1.9064614191416893,-1.4792310287969275,0.13970580076658018,-0.000778871247227597,0.005175835302988405,503
long_form,C5_qwen3,5,2025Q1,12,expanding,-2.618512848135,6.50009487817067,1.9392455521470312e-10,-0.004478635552117419,-0.00236535529288026,503
long_form,C5_qwen3,5,2025Q2,13,fixed,0.19317564739593265,-0.4238525298219738,0.6718545598147765,-0.0011144706229639634,0.001544075826106294,504
long_form,C5_qwen3,5,2025Q2,13,expanding,0.007630870935613279,-0.06309695128850011,0.949714367290843,-0.0002822738100012385,0.00031577834929659866,504
long_form,C5_qwen3,5,2025Q3,14,fixed,-0.5149667157018163,0.7761626498211862,0.43802514885861404,-0.0020796677358121255,0.0008213183522222709,494
long_form,C5_qwen3,5,2025Q3,14,expanding,0.17267727933778423,-1.143993753386574,0.25318137400387963,-0.00012301944684432593,0.0005418225155274573,494
long_form,C5_qwen3,5,2025Q4,15,fixed,-0.9199798184882543,0.8816097887310943,0.37841146286328553,-0.0035982892478741307,0.0011260792067069975,501
long_form,C5_qwen3,5,2025Q4,15,expanding,0.35332259172939984,-1.6016577390666928,0.10986287228769327,-7.217792106963758e-05,0.0009990705980187143,501
long_form,C5_qwen3,10,2022Q1,0,fixed,18.17744629984987,-4.208102314215149,3.053188689758175e-05,0.009296221321072572,0.0233975701590303,501
long_form,C5_qwen3,10,2022Q1,0,expanding,-0.3745517371911822,9.06664649912315,2.7919453121909083e-18,-0.0006658796375836671,-0.00044329072112721935,501
long_form,C5_qwen3,10,2022Q2,1,fixed,-11.829159131378644,6.904473403442944,1.568286047308613e-11,-0.011221543535483845,-0.006298884832923577,491
long_form,C5_qwen3,10,2022Q2,1,expanding,-0.6222691123520097,6.795089719284946,3.1509931230891114e-11,-0.0010304565678247147,-0.0005791882333625601,491
long_form,C5_qwen3,10,2022Q3,2,fixed,3.135681617062557,-1.3522660690922583,0.17691781294608036,-0.0010484587923454136,0.00468779559504835,488
long_form,C5_qwen3,10,2022Q3,2,expanding,0.02698079138462322,-0.19604885390532936,0.8446537054820614,-0.00014109787655150805,0.000160319520250903,488
long_form,C5_qwen3,10,2022Q4,3,fixed,-13.44983923373981,5.929165009791877,5.716989070117398e-09,-0.015102208127985984,-0.007609240076512645,496
long_form,C5_qwen3,10,2022Q4,3,expanding,-0.71219307954179,7.367712420116137,7.320675886612364e-13,-0.0010943626329637433,-0.0006353951882026172,496
long_form,C5_qwen3,10,2023Q1,4,fixed,-15.516655098689068,4.313321710045884,1.9392306783031985e-05,-0.02634218445483177,-0.010385636618625507,500
long_form,C5_qwen3,10,2023Q1,4,expanding,0.1690047926679956,-1.3001233740296745,0.19415888062182854,-0.0001309512081818117,0.000495492395096067,500
long_form,C5_qwen3,10,2023Q2,5,fixed,1.3861163934583776,-0.9232403836802091,0.3563317490713856,-0.0011798305946064782,0.003274798527805215,496
long_form,C5_qwen3,10,2023Q2,5,expanding,-0.039044064098906074,0.6572364112122708,0.5113343871914457,-0.00010821098594347452,5.171501759552449e-05,496
long_form,C5_qwen3,10,2023Q3,6,fixed,6.254204815313483,-4.025853329874432,6.578268063362425e-05,0.0024334062683756866,0.007164520874868706,490
long_form,C5_qwen3,10,2023Q3,6,expanding,0.11975035333056003,-1.7810347761680752,0.07552741456551078,-8.917309355114777e-06,0.00014537192615837638,490
long_form,C5_qwen3,10,2023Q4,7,fixed,-1.7423772675094906,0.7543025512497599,0.45102625198405255,-0.004911294969986095,0.00200728368437701,496
long_form,C5_qwen3,10,2023Q4,7,expanding,-0.3260028848187393,3.462369728755619,0.0005818368655356926,-0.00037300514839521255,-0.00010327043657572179,496
long_form,C5_qwen3,10,2024Q1,8,fixed,-23.08946681022018,9.443430855693428,1.4023714730399411e-19,-0.02846489312966743,-0.018609567343456195,498
long_form,C5_qwen3,10,2024Q1,8,expanding,-0.28825268800793225,2.5166505165224065,0.012161356876172284,-0.00042597924061356634,-5.360904246246367e-05,498
long_form,C5_qwen3,10,2024Q2,9,fixed,3.4066069286503713,-2.8563081632097305,0.004464726214312183,0.0010521963844865147,0.005169226010884515,500
long_form,C5_qwen3,10,2024Q2,9,expanding,0.037853931951993394,-1.937642352131321,0.053230734817681924,5.735516709363125e-07,5.0583595434556045e-05,500
long_form,C5_qwen3,10,2024Q3,10,fixed,-2.6906541173968526,1.1763583656378334,0.24002170998303088,-0.006129228696013449,0.0014077335196946402,492
long_form,C5_qwen3,10,2024Q3,10,expanding,-0.0778598909613769,1.928687153228507,0.05434583292977717,-0.00014516586147324799,9.832889650749597e-08,492
long_form,C5_qwen3,10,2024Q4,11,fixed,-7.308926363119647,3.899233958157267,0.00010969597263891933,-0.01291721101640689,-0.004397078547990111,500
long_form,C5_qwen3,10,2024Q4,11,expanding,-0.10673998183330001,3.9851451272173524,7.750177115091826e-05,-0.00023209824923058813,-7.997295181485508e-05,500
long_form,C5_qwen3,10,2025Q1,12,fixed,1.9347639131773728,-0.6561441287673938,0.5120320197821058,-0.0033698171294738797,0.006638655821787137,503
long_form,C5_qwen3,10,2025Q1,12,expanding,0.17360236958463934,-7.607116902796314,1.3935011470996843e-13,0.0001448656016849527,0.0002414096737482123,503
long_form,C5_qwen3,10,2025Q2,13,fixed,0.7841687284701813,-0.7661633318789187,0.4439385164461877,-0.0012449346697039107,0.0027888265375270393,504
long_form,C5_qwen3,10,2025Q2,13,expanding,0.025632592402519118,-0.525199151615551,0.5996761724278443,-5.2463718979948015e-05,9.020988747520413e-05,504
long_form,C5_qwen3,10,2025Q3,14,fixed,0.09934203504582446,-0.06335759179269078,0.9495074358768153,-0.0023703420953809437,0.0024895283296902868,494
long_form,C5_qwen3,10,2025Q3,14,expanding,-0.04345461917974547,0.5933392092309434,0.5532262662207376,-0.00013485290209384768,6.906449240969386e-05,494
long_form,C5_qwen3,10,2025Q4,15,fixed,0.3544370503097271,-0.136704331854855,0.8913214672236316,-0.0037800328841987754,0.0037592087271766522,484
long_form,C5_qwen3,10,2025Q4,15,expanding,-0.10292038902101826,0.8643921948508996,0.38780155248127207,-0.00026336835708450605,8.813665105770456e-05,484
long_form,C5_qwen3,20,2022Q1,0,fixed,-0.5270094623428738,0.0862807173295687,0.9312778755808658,-0.006706065389232345,0.005874990820678176,500
long_form,C5_qwen3,20,2022Q1,0,expanding,5.385031717972431,-8.420281563474433,4.0128091043145585e-16,0.004382774556517354,0.0070048968025126805,500
long_form,C5_qwen3,20,2022Q2,1,fixed,-22.17882709849305,6.5705658103696,1.283593923355735e-10,-0.013859890284462774,-0.007825007572720073,491
long_form,C5_qwen3,20,2022Q2,1,expanding,-2.0434923741853313,6.203533695637927,1.175373093943759e-09,-0.0023733503953364673,-0.001261241262569398,491
long_form,C5_qwen3,20,2022Q3,2,fixed,3.4670840615355156,-0.8227749495091805,0.41103866708525305,-0.0024151890892407067,0.0054164494770746465,488
long_form,C5_qwen3,20,2022Q3,2,expanding,-0.3316305034456043,0.5939778948969956,0.5528026983640582,-0.0005332959348732441,0.00025474806521677264,488
long_form,C5_qwen3,20,2022Q4,3,fixed,-13.463293915530661,2.4112866813978333,0.016259505875987474,-0.01409021955353894,-0.0022279241197011384,496
long_form,C5_qwen3,20,2022Q4,3,expanding,-2.0252480537416204,5.5373869385791,4.99028328991246e-08,-0.0017785027304818655,-0.0008447770283857468,496
long_form,C5_qwen3,20,2023Q1,4,fixed,-23.216263111110546,5.098610455657964,4.87309041776178e-07,-0.026903505683791618,-0.012335892772059697,498
long_form,C5_qwen3,20,2023Q1,4,expanding,3.2084721467014834,-5.341236819923132,1.4076589756861827e-07,0.0022558178351278916,0.00474780913778797,498
long_form,C5_qwen3,20,2023Q2,5,fixed,3.2844654029264713,-1.0205198038839371,0.3079805012845816,-0.0015720862661391059,0.005293555983571371,496
long_form,C5_qwen3,20,2023Q2,5,expanding,-0.5672247495075932,1.662332819549435,0.09707912114052282,-0.0005968608187586924,2.303706451368825e-05,496
long_form,C5_qwen3,20,2023Q3,6,fixed,14.837636254184286,-4.926249749506045,1.1496773412975915e-06,0.007671063736403005,0.017616991546613087,489
long_form,C5_qwen3,20,2023Q3,6,expanding,1.4516880235213765,-4.104651990587982,4.746055864167083e-05,0.0003822118669919886,0.001041673791859057,489
long_form,C5_qwen3,20,2023Q4,7,fixed,10.113546732384936,-2.351795479312723,0.019073959648684503,0.0008771839684893274,0.013843418589865946,496
long_form,C5_qwen3,20,2023Q4,7,expanding,0.1440818509426167,-0.3289410411969363,0.7423393747116244,-0.0003829151274197896,0.0005393781644896119,496
long_form,C5_qwen3,20,2024Q1,8,fixed,-49.7577612553854,11.442009503685984,4.709973647759913e-27,-0.05631876163066707,-0.0395003312411087,495
long_form,C5_qwen3,20,2024Q1,8,expanding,-2.8607429073894104,4.44554171817337,1.0835153920859338e-05,-0.0026013455468440055,-0.0009618637953093843,495
long_form,C5_qwen3,20,2024Q2,9,fixed,5.221145126999278,-2.1134739615064513,0.03505593914637388,0.0003490798466166845,0.006415627892939946,500
long_form,C5_qwen3,20,2024Q2,9,expanding,0.0769513013953598,-0.2723891917970331,0.7854354569486411,-0.00016464124722848704,0.00025526914651614776,500
long_form,C5_qwen3,20,2024Q3,10,fixed,4.517959429633555,-1.5204193537828563,0.1290492926514739,-0.0010572355466727064,0.00828379727127759,492
long_form,C5_qwen3,20,2024Q3,10,expanding,-0.04256078147391277,0.12106855201838486,0.9036862662025253,-0.00042447308002874305,0.0003716141922774798,492
long_form,C5_qwen3,20,2024Q4,11,fixed,-11.409118634692394,2.812942549446809,0.005102987258089295,-0.014097072368216454,-0.003091791639050024,499
long_form,C5_qwen3,20,2024Q4,11,expanding,-1.4033491522444623,4.373730791704149,1.4882963734611909e-05,-0.0017825343523667147,-0.0007210708789774947,499
long_form,C5_qwen3,20,2025Q1,12,fixed,-22.495630267917637,3.8985431245115763,0.0001100000143607276,-0.017701926427530143,-0.0059039585819418965,500
long_form,C5_qwen3,20,2025Q1,12,expanding,4.887294863799152,-8.486121190271144,2.4498880305855314e-16,0.0031452298111461327,0.004825820101079381,500
long_form,C5_qwen3,20,2025Q2,13,fixed,1.06970082317976,-0.5676310209680061,0.5705393040208325,-0.0026701958912861,0.0045176817543294235,503
long_form,C5_qwen3,20,2025Q2,13,expanding,0.36446995754760503,-1.1831550899404895,0.237307697751776,-0.00013789521034460878,0.0005508504615636309,503
long_form,C5_qwen3,20,2025Q3,14,fixed,1.2330645149951749,-0.4787810400594183,0.6323066782997816,-0.002805341608835689,0.004682485018659112,494
long_form,C5_qwen3,20,2025Q3,14,expanding,-0.10940695707725133,0.2921425494284746,0.7703005335398677,-0.00043209266446422254,0.00034102836366024244,494
long_form,C5_qwen3,20,2025Q4,15,fixed,-0.5885637006551311,0.14788921462330112,0.8824944431736759,-0.005024949500619821,0.003994563509969629,465
long_form,C5_qwen3,20,2025Q4,15,expanding,-0.9641642719668617,1.4864381015230053,0.1378424292588112,-0.0011674681551427574,0.00011861286470949239,465
long_form,D2_gated_fusion,5,2022Q1,0,fixed,-2.741290721686605,5.249448951580828,2.2593557793820328e-07,-0.004515212814071207,-0.0021158676676272313,501
long_form,D2_gated_fusion,5,2022Q1,0,expanding,-6.833233499312992,4.602762278590574,5.293017405055827e-06,-0.017190742606928964,-0.007251700748813369,501
long_form,D2_gated_fusion,5,2022Q2,1,fixed,-0.41293997079246225,0.73819302550456,0.4607505531456619,-0.0019516824917854626,0.0008363867859080322,491
long_form,D2_gated_fusion,5,2022Q2,1,expanding,2.3270187439254135,-1.450150683810998,0.14765627651028973,-0.001805786328673993,0.010063894053878931,491
long_form,D2_gated_fusion,5,2022Q3,2,fixed,0.2994301076084701,-0.6084413146750158,0.543177905258137,-0.0005576837415300367,0.0009905753821854264,489
long_form,D2_gated_fusion,5,2022Q3,2,expanding,-3.0425680428541884,1.6425780097867513,0.10111443910997364,-0.005627707047416864,0.00036923901148507254,489
long_form,D2_gated_fusion,5,2022Q4,3,fixed,0.322973960943953,-0.7928303744116902,0.4282564846084411,-0.0005918248565111831,0.0014906451731438856,496
long_form,D2_gated_fusion,5,2022Q4,3,expanding,1.8112959282961767,-1.3892287042069356,0.16538782852761696,-0.0012967961443721297,0.007343606637503583,496
long_form,D2_gated_fusion,5,2023Q1,4,fixed,0.8221723651611441,-2.0138702604542207,0.044559386540068885,1.588498982767106e-05,0.0016720705163267122,500
long_form,D2_gated_fusion,5,2023Q1,4,expanding,-2.2303628293118005,1.5693962964500512,0.11718948801970756,-0.005271720408933789,0.00028079948178553007,500
long_form,D2_gated_fusion,5,2023Q2,5,fixed,-0.5332961541690211,1.4084272495829473,0.15963236818867937,-0.0012642733022447134,0.00019795120384247917,496
long_form,D2_gated_fusion,5,2023Q2,5,expanding,-2.421924425774777,1.8285856836819332,0.06806327341508889,-0.005130207261845847,0.00021258129467709527,496
long_form,D2_gated_fusion,5,2023Q3,6,fixed,0.03456690676683671,-0.10278715020886005,0.9181740413224638,-0.0006385174192007047,0.0007213038557252012,490
long_form,D2_gated_fusion,5,2023Q3,6,expanding,-3.17207590590748,2.5330718517805138,0.011618253749480082,-0.005544188011380941,-0.0008075640198073311,490
long_form,D2_gated_fusion,5,2023Q4,7,fixed,0.1267149427592365,-0.3378884818618735,0.7355904754151533,-0.0006158154352351765,0.000988819622705666,496
long_form,D2_gated_fusion,5,2023Q4,7,expanding,-0.31330580436648114,0.24740621820485156,0.8046964464403001,-0.0031734287356605974,0.0027876293617504705,496
long_form,D2_gated_fusion,5,2024Q1,8,fixed,1.3857237278628989,-3.5557351138226214,0.00041296843447577485,0.0008129392638327592,0.002786193454939958,498
long_form,D2_gated_fusion,5,2024Q1,8,expanding,0.5752154010237028,-0.3788587984121789,0.7049545142657656,-0.0028671125090745414,0.0044783613105942605,498
long_form,D2_gated_fusion,5,2024Q2,9,fixed,-0.04233117025119264,0.12458248484980058,0.9009042654982716,-0.0008385089163300222,0.000714583400344893,500
long_form,D2_gated_fusion,5,2024Q2,9,expanding,-3.0175335207990797,2.414216934994565,0.016127956599572786,-0.005864175656992783,-0.0006879762337707124,500
long_form,D2_gated_fusion,5,2024Q3,10,fixed,-0.2774345047776224,0.705546480918929,0.48080480672567877,-0.0012559004390035916,0.0006083055677467136,492
long_form,D2_gated_fusion,5,2024Q3,10,expanding,-0.6580436112300622,0.5371022893621952,0.5914402631390792,-0.004177892528019277,0.0025880598414734996,492
long_form,D2_gated_fusion,5,2024Q4,11,fixed,-0.9712792319110133,2.5003796448163707,0.012725745744170892,-0.0032683727204333777,-0.0004048668064381848,500
long_form,D2_gated_fusion,5,2024Q4,11,expanding,-2.682078977129129,2.489145344997787,0.013129816831930922,-0.010694813888720555,-0.0012502819251522539,500
long_form,D2_gated_fusion,5,2025Q1,12,fixed,-0.21482369078337857,0.4906216927885759,0.6239084239325704,-0.0012666110994515203,0.00073939354220039,503
long_form,D2_gated_fusion,5,2025Q1,12,expanding,-4.021270023867617,3.578104131320943,0.00037965912997427095,-0.008159003122945483,-0.002415621139306631,503
long_form,D2_gated_fusion,5,2025Q2,13,fixed,0.7408049462654568,-2.4909669937657566,0.013060945010214866,0.00026725153223118884,0.0018947427887309172,504
long_form,D2_gated_fusion,5,2025Q2,13,expanding,-1.620543982481506,1.57612975637895,0.11562459829061449,-0.0046654067694033375,0.0003655673470354137,504
long_form,D2_gated_fusion,5,2025Q3,14,fixed,-0.18355887201247964,0.47202263084389834,0.6371194872398624,-0.0010899742044726132,0.0007150490450015213,494
long_form,D2_gated_fusion,5,2025Q3,14,expanding,-1.7930719943695166,1.4788148750334418,0.13982843253248958,-0.00488960713397045,0.0008973836857609172,494
long_form,D2_gated_fusion,5,2025Q4,15,fixed,0.048458386522034276,-0.13403487920877963,0.8934289260286744,-0.0007300619479854352,0.0008687422605807418,501
long_form,D2_gated_fusion,5,2025Q4,15,expanding,0.2722282926668793,-0.2267082343316148,0.8207432790579391,-0.002515111108957536,0.00311988710699807,501
long_form,D2_gated_fusion,10,2022Q1,0,fixed,2.9092543100487593,-3.4191564117623923,0.0006794904368564333,0.0010935265359368791,0.0039675667224159826,501
long_form,D2_gated_fusion,10,2022Q1,0,expanding,-0.20662979047595298,0.27217008689140704,0.7856035942274917,-0.0025852694748816243,0.0017358031628061713,501
long_form,D2_gated_fusion,10,2022Q2,1,fixed,-3.3743304285614584,4.19824453695749,3.195125897216099e-05,-0.0036472782723450813,-0.0013903642054933006,491
long_form,D2_gated_fusion,10,2022Q2,1,expanding,3.847814326566454,-4.14728226336864,3.9656352252696055e-05,0.0026355164567801754,0.007322799628950776,491
long_form,D2_gated_fusion,10,2022Q3,2,fixed,1.6274638891678315,-1.423435027270418,0.1552504045803911,-0.0003432200796881091,0.0024099905192583623,488
long_form,D2_gated_fusion,10,2022Q3,2,expanding,0.6980110058299126,-0.3398028942419527,0.7341514686503839,-0.0016504524526700804,0.002844671193629093,488
long_form,D2_gated_fusion,10,2022Q4,3,fixed,-2.6205887066371645,3.0423302482209422,0.002472195279844843,-0.0036703397168506707,-0.0008998918055053835,496
long_form,D2_gated_fusion,10,2022Q4,3,expanding,1.7990626637245404,-1.8135158882174414,0.0703577295432598,5.067923739740947e-06,0.004548042512925529,496
long_form,D2_gated_fusion,10,2023Q1,4,fixed,1.0327243624412952,-0.8099715674088308,0.4183425981464249,-0.0011117294969312781,0.0042822350659799556,500
long_form,D2_gated_fusion,10,2023Q1,4,expanding,-0.4796744750451887,0.2947433727397934,0.7683125081289686,-0.0049662292320698,0.0022659679302784405,500
long_form,D2_gated_fusion,10,2023Q2,5,fixed,-0.46906227170839304,0.8594129007260481,0.3905287567105468,-0.0011911885753137375,0.00038326788790790135,496
long_form,D2_gated_fusion,10,2023Q2,5,expanding,0.4150677356579712,-0.45386248493695586,0.6501267282878139,-0.0009785133066910767,0.001533044234049233,496
long_form,D2_gated_fusion,10,2023Q3,6,fixed,2.526289041646385,-2.372426753282194,0.01805762784430786,0.0003544161322340343,0.003618904151079362,490
long_form,D2_gated_fusion,10,2023Q3,6,expanding,-4.015990621986469,2.378953411231368,0.017744745516293993,-0.004216706244804872,-0.0004141592796020418,490
long_form,D2_gated_fusion,10,2023Q4,7,fixed,-0.5561843279644894,1.1866944881890742,0.23591737223701126,-0.0010854035205639888,0.00022188228179897588,496
long_form,D2_gated_fusion,10,2023Q4,7,expanding,2.951342520775283,-3.690289126476551,0.0002488577381594656,0.0010883313525268292,0.0033807427108351845,496
long_form,D2_gated_fusion,10,2024Q1,8,fixed,-3.406837009059744,5.6647114206681435,2.495985513982981e-08,-0.004642085294824341,-0.0023515108877947793,498
long_form,D2_gated_fusion,10,2024Q1,8,expanding,1.8943289313614846,-2.2374551909211,0.025699025896227544,0.0003536612734902345,0.0030171255930661477,498
long_form,D2_gated_fusion,10,2024Q2,9,fixed,-0.31290584521495335,0.6823180165155208,0.4953544844561246,-0.0010442304800755567,0.000542951174295946,500
long_form,D2_gated_fusion,10,2024Q2,9,expanding,-1.89886754648615,1.9155853533093028,0.05598909077511659,-0.0026384110033069947,2.4096199959165797e-05,500
long_form,D2_gated_fusion,10,2024Q3,10,fixed,0.6889059541435817,-0.40130255638280043,0.68837197294003,-0.002280380468286018,0.003247053813952524,492
long_form,D2_gated_fusion,10,2024Q3,10,expanding,5.853272242819221,-2.479847859441743,0.013478173818451993,0.0013356017682724603,0.009502657413322294,492
long_form,D2_gated_fusion,10,2024Q4,11,fixed,0.8280417031923384,-1.5214203634514352,0.12878778101811986,-0.00023387726272094494,0.002292902851803291,500
long_form,D2_gated_fusion,10,2024Q4,11,expanding,5.558079005231784,-6.470786277858943,2.331714046118128e-10,0.00565147351076311,0.010637728527776323,500
long_form,D2_gated_fusion,10,2025Q1,12,fixed,1.2010382787547278,-1.3881020071299603,0.1657216981034664,-0.0003638276508586347,0.0024847924293540788,503
long_form,D2_gated_fusion,10,2025Q1,12,expanding,-0.8927245672898939,0.8572400146685177,0.3917213035213919,-0.0033629917540852687,0.0010720164428351905,503
long_form,D2_gated_fusion,10,2025Q2,13,fixed,-2.6326222061334534,4.090183270515542,5.018520217205571e-05,-0.004027966999629132,-0.0014636649088199504,504
long_form,D2_gated_fusion,10,2025Q2,13,expanding,-0.2211630211926093,0.21423011621417523,0.8304544284720982,-0.0016769346159126214,0.00129677946367991,504
long_form,D2_gated_fusion,10,2025Q3,14,fixed,4.343478422388564,-3.4285133526080274,0.0006577457981635109,0.0015130030242959443,0.005473585855138685,494
long_form,D2_gated_fusion,10,2025Q3,14,expanding,0.43235382489090735,-0.250562573748454,0.802256707213967,-0.001997466800884565,0.0027884591588784517,494
long_form,D2_gated_fusion,10,2025Q4,15,fixed,1.4110619312472923,-2.24937218772032,0.02493846251105185,0.00018358213949544049,0.001990239570785488,484
long_form,D2_gated_fusion,10,2025Q4,15,expanding,0.371538532535959,-0.32174620384692465,0.7477841674573765,-0.0014477295791175532,0.0019961198145514833,484
long_form,D2_gated_fusion,20,2022Q1,0,fixed,5.8387279609160805,-1.1511559153895947,0.25021938596304827,-0.0026702767278391887,0.008328897843168788,500
long_form,D2_gated_fusion,20,2022Q1,0,expanding,-26.663467092475926,14.188142447637587,1.2544099634583318e-38,-0.03208817512208757,-0.0243341949257401,500
long_form,D2_gated_fusion,20,2022Q2,1,fixed,-8.936706580838898,2.937036112539119,0.0034696354397774,-0.0071884118805311085,-0.0015581520092938451,491
long_form,D2_gated_fusion,20,2022Q2,1,expanding,-11.624854673586423,8.053892953994305,6.143054279808718e-15,-0.012773686150512425,-0.008104480162002058,491
long_form,D2_gated_fusion,20,2022Q3,2,fixed,-8.924400360819517,1.1070076759213932,0.26883709723036725,-0.01180615528895212,0.0028629980167102463,488
long_form,D2_gated_fusion,20,2022Q3,2,expanding,-4.387712038131921,0.9671482172830432,0.3339499840597929,-0.004820925918996036,0.0017207809537403288,488
long_form,D2_gated_fusion,20,2022Q4,3,fixed,-17.540544402485633,5.617318512968912,3.2393094186516636e-08,-0.013114113321795103,-0.006432820251584214,496
long_form,D2_gated_fusion,20,2022Q4,3,expanding,1.1770402249194098,-0.647284087416259,0.5177481581677033,-0.00149910098831528,0.0031484494902627278,496
long_form,D2_gated_fusion,20,2023Q1,4,fixed,-10.978285404492594,2.3626654672904546,0.018528311419686055,-0.017154105699527324,-0.0017903103093916317,498
long_form,D2_gated_fusion,20,2023Q1,4,expanding,-10.740395533097717,4.775767249633414,2.359244689294219e-06,-0.016410919076354682,-0.007015134646619413,498
long_form,D2_gated_fusion,20,2023Q2,5,fixed,-17.381611816124604,5.252857025233879,2.2286177988473663e-07,-0.014022506959664881,-0.006575451969702726,496
long_form,D2_gated_fusion,20,2023Q2,5,expanding,0.031509484843487305,-0.017122982691855547,0.9863454034088844,-0.0014944205794089546,0.001856497069930194,496
long_form,D2_gated_fusion,20,2023Q3,6,fixed,33.988199398433544,-7.98086122054335,1.0466351885196035e-14,0.02246454843966373,0.03618693520675322,489
long_form,D2_gated_fusion,20,2023Q3,6,expanding,-30.43259244557522,8.546057919752077,1.6419912120963403e-16,-0.01818045743475859,-0.011588265064698448,489
long_form,D2_gated_fusion,20,2023Q4,7,fixed,-4.625516017775954,2.097613238968517,0.03644583408224561,-0.007051934012195491,-0.0005179574571040553,496
long_form,D2_gated_fusion,20,2023Q4,7,expanding,3.607825165334669,-3.3385699368785637,0.000905578670602352,0.0009229408558875329,0.003089635176999142,496
long_form,D2_gated_fusion,20,2024Q1,8,fixed,-32.62396227952284,17.119113887824813,6.36770766798491e-52,-0.0353189407023975,-0.02841846435729866,495
long_form,D2_gated_fusion,20,2024Q1,8,expanding,5.970945514524662,-3.223271325118775,0.001351118654258244,0.0014410843941092466,0.005834657565387012,495
long_form,D2_gated_fusion,20,2024Q2,9,fixed,-14.283848127728236,5.299330908136938,1.7476262913937953e-07,-0.01286677131557203,-0.006080380979157847,500
long_form,D2_gated_fusion,20,2024Q2,9,expanding,4.301425618162417,-3.785770639164516,0.00017187742281265457,0.0009009381317365865,0.002660226164746784,500
long_form,D2_gated_fusion,20,2024Q3,10,fixed,3.1963991383719046,-0.34584716781293,0.7296057091654464,-0.011544615939113441,0.01660347061556297,492
long_form,D2_gated_fusion,20,2024Q3,10,expanding,-5.732127939673192,1.2237572089440105,0.22163075253712053,-0.00853502620193421,0.001706376039831528,492
long_form,D2_gated_fusion,20,2024Q4,11,fixed,-12.15171818074845,4.669897913367482,3.881275765784379e-06,-0.01297835407756572,-0.005364542939495731,499
long_form,D2_gated_fusion,20,2024Q4,11,expanding,4.203283440793338,-5.729618483327049,1.7444218276227546e-08,0.0025433455683959425,0.004937149826532054,499
long_form,D2_gated_fusion,20,2025Q1,12,fixed,-9.784638949889299,1.4654703011449821,0.14342244876112042,-0.010738182979245846,0.002389680759388931,500
long_form,D2_gated_fusion,20,2025Q1,12,expanding,-19.821721799652913,4.579218641448363,5.900775988221423e-06,-0.023973547270733263,-0.010984933570879868,500
long_form,D2_gated_fusion,20,2025Q2,13,fixed,-7.009072346646784,4.043212510373649,6.1009362222270724e-05,-0.010458566948878216,-0.004016417125175712,503
long_form,D2_gated_fusion,20,2025Q2,13,expanding,5.122186083177365,-4.209567659356558,3.0321172473024215e-05,0.0015583910237559227,0.0042650344628813,503
long_form,D2_gated_fusion,20,2025Q3,14,fixed,6.633813706291457,-1.0862397566588056,0.2779037580293643,-0.0036864316457887237,0.013625650614085846,494
long_form,D2_gated_fusion,20,2025Q3,14,expanding,-6.945919811213799,2.1233241948146566,0.03422418230963098,-0.006979809759477352,-0.00034066759652592464,494
long_form,D2_gated_fusion,20,2025Q4,15,fixed,-5.170175435070465,2.60404447534684,0.009508494562422013,-0.0055193866053044665,-0.000995404147935666,465
long_form,D2_gated_fusion,20,2025Q4,15,expanding,1.165415606392186,-1.0074611382104952,0.3142383041845818,-0.0004661354980575261,0.0016576463926153715,465
event_driven,B2_tfidf_ridge,5,2022Q1,0,fixed,-0.1023097189031156,0.14044137479390412,0.8883286856678148,-0.0017270334651993493,0.0014432007085704104,1625
event_driven,B2_tfidf_ridge,5,2022Q1,0,expanding,-18.4660746128763,8.366656992536551,1.2602715077682338e-16,-0.03098990462591141,-0.01951560788323346,1625
event_driven,B2_tfidf_ridge,5,2022Q2,1,fixed,0.842659143493501,-1.2156493116355145,0.22428335277241734,-0.0006987171459001836,0.002839799784317368,1742
event_driven,B2_tfidf_ridge,5,2022Q2,1,expanding,-17.832214722054655,11.534393148188242,1.0317121034848652e-29,-0.03275359052690409,-0.023338177385437527,1742
event_driven,B2_tfidf_ridge,5,2022Q3,2,fixed,1.9780870816617602,-2.520217992580298,0.011837258396041578,0.0005039234546636821,0.0032918511259902826,1419
event_driven,B2_tfidf_ridge,5,2022Q3,2,expanding,-7.394613254100677,4.159527779361426,3.380495664109923e-05,-0.011271384902941795,-0.004256192268642429,1419
event_driven,B2_tfidf_ridge,5,2022Q4,3,fixed,3.3505156482346363,-4.343906163174876,1.49633309032397e-05,0.00194724173102973,0.005049039486216459,1461
event_driven,B2_tfidf_ridge,5,2022Q4,3,expanding,-4.157537240857184,2.581450274301126,0.009935370163128957,-0.008400201733288051,-0.0010890774667006383,1461
event_driven,B2_tfidf_ridge,5,2023Q1,4,fixed,-0.5674246284926008,0.854913929634347,0.39272686983943017,-0.002433700884636156,0.0008974027593317339,1600
event_driven,B2_tfidf_ridge,5,2023Q1,4,expanding,-8.017889247655622,4.520841278660254,6.61262712372914e-06,-0.015766980189288023,-0.006407409670936281,1600
event_driven,B2_tfidf_ridge,5,2023Q2,5,fixed,1.0332010736950235,-1.7146725924230894,0.08657826600982042,-0.00019669109438479775,0.0027107570766544023,1792
event_driven,B2_tfidf_ridge,5,2023Q2,5,expanding,-3.340591781165935,2.552680344668798,0.010772069528876977,-0.007581719636313719,-0.0009570396873104264,1792
event_driven,B2_tfidf_ridge,5,2023Q3,6,fixed,1.2098677349684333,-1.4853881456112707,0.13767329698980424,-0.0003722346704280077,0.0031403671029039382,1358
event_driven,B2_tfidf_ridge,5,2023Q3,6,expanding,0.6993835833791071,-0.4405946171687128,0.6595766763782716,-0.0026621756825794592,0.004447150186266549,1358
event_driven,B2_tfidf_ridge,5,2023Q4,7,fixed,2.195761463686811,-3.097283546367494,0.001989587336775395,0.0011948175586322645,0.005038492008190462,1487
event_driven,B2_tfidf_ridge,5,2023Q4,7,expanding,0.68801842921613,-0.5276528796169895,0.5978190568114835,-0.0027504666832844395,0.00484628919048343,1487
event_driven,B2_tfidf_ridge,5,2024Q1,8,fixed,0.9476523090528542,-1.5063434798741142,0.1321801867431094,-0.0003116532404719396,0.0026702991174041,1571
event_driven,B2_tfidf_ridge,5,2024Q1,8,expanding,0.20478708317037844,-0.14963363396685658,0.8810728897806789,-0.003027779950831051,0.0033942735554767247,1571
event_driven,B2_tfidf_ridge,5,2024Q2,9,fixed,1.5156701058499187,-2.6224270845611133,0.00880642768021624,0.0004249838582368859,0.003043213458921395,1749
event_driven,B2_tfidf_ridge,5,2024Q2,9,expanding,0.05816110208167039,-0.047850442450444855,0.9618409015574834,-0.0027143824449533355,0.0028114796656259445,1749
event_driven,B2_tfidf_ridge,5,2024Q3,10,fixed,1.5041494222287668,-2.196766847824599,0.028192630285494243,0.00029508746591358715,0.0038188787842845322,1472
event_driven,B2_tfidf_ridge,5,2024Q3,10,expanding,-1.5848522419540054,1.208019758893454,0.22723383573576092,-0.005644932616796401,0.001459345000958147,1472
event_driven,B2_tfidf_ridge,5,2024Q4,11,fixed,2.9738318146575504,-4.062097032375449,5.1243869721457075e-05,0.0025841712413616864,0.007306295938313337,1447
event_driven,B2_tfidf_ridge,5,2024Q4,11,expanding,4.004042735249595,-3.0846969236378645,0.0020762130238524226,0.002566297391241261,0.011349680533625568,1447
event_driven,B2_tfidf_ridge,5,2025Q1,12,fixed,0.5091030582806606,-0.6725397643478297,0.5013358694219708,-0.0015311062747002818,0.0029584041878211583,1624
event_driven,B2_tfidf_ridge,5,2025Q1,12,expanding,-6.9836659190829895,3.729333904112253,0.00019858592329712572,-0.017815662180645456,-0.005586928269060362,1624
event_driven,B2_tfidf_ridge,5,2025Q2,13,fixed,-0.03395722986533124,0.0686183867485934,0.9453009163804916,-0.001462996574449167,0.001354646572725293,1822
event_driven,B2_tfidf_ridge,5,2025Q2,13,expanding,-4.007672292651336,2.641986889855177,0.008312690955308505,-0.010202107612384074,-0.0015017503653327751,1822
event_driven,B2_tfidf_ridge,5,2025Q3,14,fixed,1.497954229133195,-2.0356896289060544,0.04196066372121006,2.940312000559382e-05,0.00362121722516975,1470
event_driven,B2_tfidf_ridge,5,2025Q3,14,expanding,-0.5159397383920983,0.3234062008827789,0.746433665673061,-0.005012568511349593,0.0031001564970317024,1470
event_driven,B2_tfidf_ridge,5,2025Q4,15,fixed,1.3995475564973145,-2.3427725547752494,0.019273906425836745,0.0003079404020598859,0.0033401946900968775,1470
event_driven,B2_tfidf_ridge,5,2025Q4,15,expanding,0.0019096163342028512,-0.0015909684494249854,0.9987308073877446,-0.0033261704262094855,0.0031707965196218868,1470
event_driven,B2_tfidf_ridge,10,2022Q1,0,fixed,0.25952879497465225,-0.31317550473903216,0.7541875418328422,-0.001148186017966014,0.0015416402606851691,1625
event_driven,B2_tfidf_ridge,10,2022Q1,0,expanding,-20.99956969699234,7.744469846861542,1.6777838481829403e-14,-0.02724829148382002,-0.01637192941959608,1625
event_driven,B2_tfidf_ridge,10,2022Q2,1,fixed,1.411977655473963,-1.8859298410467624,0.05947103198525107,-3.361392720533994e-05,0.002520621534558959,1739
event_driven,B2_tfidf_ridge,10,2022Q2,1,expanding,-20.740334724497814,12.564474476699818,1.0169910514891684e-34,-0.0276919538596941,-0.020251014107936435,1739
event_driven,B2_tfidf_ridge,10,2022Q3,2,fixed,2.8502226456387465,-2.3302707664072857,0.01993173390975739,0.00013864858269969422,0.0030869515321332586,1417
event_driven,B2_tfidf_ridge,10,2022Q3,2,expanding,-8.551006975452733,3.2816751088358993,0.001057057025106023,-0.009753532721510555,-0.0026678703865175026,1417
event_driven,B2_tfidf_ridge,10,2022Q4,3,fixed,3.0751568944484275,-3.5826100706997215,0.0003513747388283299,0.0010803509664041241,0.003566095209515898,1458
event_driven,B2_tfidf_ridge,10,2022Q4,3,expanding,-7.3704251702738715,3.92138377888084,9.21336943402644e-05,-0.009422268547414564,-0.003293430372377538,1458
event_driven,B2_tfidf_ridge,10,2023Q1,4,fixed,0.10902345543712731,-0.1417892424083814,0.887264343091456,-0.0012532295812538287,0.001336270621958679,1600
event_driven,B2_tfidf_ridge,10,2023Q1,4,expanding,-7.743997422645063,3.5942395417736632,0.0003352088369988582,-0.0115056079784445,-0.003501406254712218,1600
event_driven,B2_tfidf_ridge,10,2023Q2,5,fixed,1.4405404630652097,-2.0232258692465415,0.04319831378248197,1.7543020142699074e-05,0.002266384506241558,1790
event_driven,B2_tfidf_ridge,10,2023Q2,5,expanding,-4.095824583080664,2.6635802294781277,0.007800771348478843,-0.006010801637488485,-0.0010202695144546484,1790
event_driven,B2_tfidf_ridge,10,2023Q3,6,fixed,-0.12100818506171024,0.1737024115164797,0.8621252686913169,-0.0010983303296677096,0.0009358707447459207,1357
event_driven,B2_tfidf_ridge,10,2023Q3,6,expanding,-0.2175893733170595,0.16408992397029148,0.8696848080142793,-0.0021685402457547642,0.0018601972292392782,1357
event_driven,B2_tfidf_ridge,10,2023Q4,7,fixed,1.410494584269315,-1.9578911699803676,0.0504298098665729,4.3059542476655104e-05,0.002421475672224416,1486
event_driven,B2_tfidf_ridge,10,2023Q4,7,expanding,-0.808086319182279,0.5950139019976667,0.5519248316906119,-0.003278845446916244,0.0017415965833079052,1486
event_driven,B2_tfidf_ridge,10,2024Q1,8,fixed,0.8612997625573009,-1.1392046987935542,0.25479190183250755,-0.00046666389858898255,0.0020365598960101184,1568
event_driven,B2_tfidf_ridge,10,2024Q1,8,expanding,0.48041448345731774,-0.3240192330510726,0.7459667150412509,-0.002004679481963454,0.0028046922339477207,1568
event_driven,B2_tfidf_ridge,10,2024Q2,9,fixed,1.706594260046988,-2.906789982408964,0.003697663372494526,0.0004521536627453971,0.0023736344838945055,1746
event_driven,B2_tfidf_ridge,10,2024Q2,9,expanding,1.6901113802026813,-1.4910010163664777,0.13614196501310602,-0.0004902009074445682,0.00313828195697682,1746
event_driven,B2_tfidf_ridge,10,2024Q3,10,fixed,1.647208232035332,-2.318468158753359,0.020560502046401523,0.00026579081675927064,0.003173084014236739,1471
event_driven,B2_tfidf_ridge,10,2024Q3,10,expanding,-1.5532169661744468,1.052613055806802,0.2926913633183971,-0.0049247800857510245,0.0014426147345455555,1471
event_driven,B2_tfidf_ridge,10,2024Q4,11,fixed,2.784243390418334,-3.361489444807113,0.0007954860467791781,0.0014224005241285644,0.004989194446186747,1445
event_driven,B2_tfidf_ridge,10,2024Q4,11,expanding,2.4874352438475467,-2.0176462954326695,0.04381278922532659,0.00026640571612039627,0.005917864820028671,1445
event_driven,B2_tfidf_ridge,10,2025Q1,12,fixed,0.2606149106539979,-0.35118448878917613,0.7254955555181638,-0.001429185527550106,0.0018747511691458974,1623
event_driven,B2_tfidf_ridge,10,2025Q1,12,expanding,-9.637517742087956,4.593454394565612,4.696326802759477e-06,-0.018653346420596958,-0.007716039720188973,1623
event_driven,B2_tfidf_ridge,10,2025Q2,13,fixed,1.1146383020258641,-2.106144380874206,0.035328357302865786,0.00010276876254685905,0.002195746568685284,1822
event_driven,B2_tfidf_ridge,10,2025Q2,13,expanding,0.9204385611136665,-0.5412554017342613,0.58839776272933,-0.0021876676427828893,0.003698021155111281,1822
event_driven,B2_tfidf_ridge,10,2025Q3,14,fixed,2.328106530272386,-2.937925828698011,0.0033557234109142394,0.0006030018773056459,0.003260023660816337,1469
event_driven,B2_tfidf_ridge,10,2025Q3,14,expanding,1.6213139737615923,-1.1109336670052656,0.2667788238141883,-0.001169930085439711,0.003863169444511923,1469
event_driven,B2_tfidf_ridge,10,2025Q4,15,fixed,1.3163060394869763,-2.06890104151571,0.03874067752354062,2.0584025404964063e-05,0.0023563457824925965,1385
event_driven,B2_tfidf_ridge,10,2025Q4,15,expanding,0.5454877169049869,-0.4505797101125147,0.6523630688566294,-0.0018469677698024882,0.0026514209607869416,1385
event_driven,B2_tfidf_ridge,20,2022Q1,0,fixed,1.3667005492350115,-1.268330952585248,0.20486224634312025,-0.000501028780284444,0.0020095069701327067,1619
event_driven,B2_tfidf_ridge,20,2022Q1,0,expanding,-26.12235664577941,7.553541373144166,7.044442211553984e-14,-0.026904018028788387,-0.01568645662622714,1619
event_driven,B2_tfidf_ridge,20,2022Q2,1,fixed,2.7888721764718225,-2.4010626318125508,0.016452156962934027,0.000308046043470656,0.0027336772130225518,1737
event_driven,B2_tfidf_ridge,20,2022Q2,1,expanding,-28.660250035867282,14.417574800075847,1.3557518498903644e-44,-0.026474172430401604,-0.020261241062631635,1737
event_driven,B2_tfidf_ridge,20,2022Q3,2,fixed,3.538614255006374,-2.732338730596819,0.0063670467427911805,0.00048450726371955137,0.0028135374334147594,1413
event_driven,B2_tfidf_ridge,20,2022Q3,2,expanding,-10.54216072020322,4.311153027603376,1.7366739383791402e-05,-0.008593606522050204,-0.0033681011210386197,1413
event_driven,B2_tfidf_ridge,20,2022Q4,3,fixed,3.108716483800092,-3.249773841040416,0.0011813413395355174,0.0006449400225501995,0.002493326713272464,1457
event_driven,B2_tfidf_ridge,20,2022Q4,3,expanding,-9.10433840820324,3.4400842483990908,0.0005979651839075355,-0.007389963395308197,-0.0021033875862746998,1457
event_driven,B2_tfidf_ridge,20,2023Q1,4,fixed,1.9774640867152695,-2.675156229524338,0.007545624761613215,0.0003934336031008077,0.0022170085578841086,1600
event_driven,B2_tfidf_ridge,20,2023Q1,4,expanding,-7.971379004286995,3.655883203427822,0.00026459001423090913,-0.008485880658638681,-0.002677738093237074,1600
event_driven,B2_tfidf_ridge,20,2023Q2,5,fixed,2.3305083276088174,-2.499291881144123,0.012533328943141376,0.0002907450092453433,0.00231554560842214,1787
event_driven,B2_tfidf_ridge,20,2023Q2,5,expanding,-4.851585203232624,2.9247951028954278,0.003490294506072879,-0.0045021305537405335,-0.0008736248400375035,1787
event_driven,B2_tfidf_ridge,20,2023Q3,6,fixed,-0.24287507048709261,0.27746928799333037,0.7814621734755481,-0.0011221888203336856,0.0008312623751964878,1354
event_driven,B2_tfidf_ridge,20,2023Q3,6,expanding,3.0199591482764827,-1.92869483767465,0.05397774420419118,-3.140932255565267e-05,0.003273591214253038,1354
event_driven,B2_tfidf_ridge,20,2023Q4,7,fixed,1.055808989152176,-1.1486676307154,0.2508781692687099,-0.0004075643732072784,0.0017817514580570463,1485
event_driven,B2_tfidf_ridge,20,2023Q4,7,expanding,1.159721311743335,-0.8242864029501752,0.4099093034507454,-0.0008715142096149732,0.002267602018250083,1485
event_driven,B2_tfidf_ridge,20,2024Q1,8,fixed,1.0680082887623115,-1.2367723329256104,0.2163582492768575,-0.00037994582539901045,0.0019333410306359058,1557
event_driven,B2_tfidf_ridge,20,2024Q1,8,expanding,0.48332999304495716,-0.2282026467436502,0.8195186882208001,-0.002561571864385585,0.0028186588452237004,1557
event_driven,B2_tfidf_ridge,20,2024Q2,9,fixed,1.4926619911142691,-2.0584006461762976,0.03970021297175031,4.305407520782283e-05,0.0017709527303886904,1742
event_driven,B2_tfidf_ridge,20,2024Q2,9,expanding,0.7297515299807544,-0.4665929199958329,0.6408495315650707,-0.0012413088136981403,0.0018600830617343878,1742
event_driven,B2_tfidf_ridge,20,2024Q3,10,fixed,2.1266120811258262,-2.5673638529657175,0.010345657608992167,0.00036891412349976415,0.0028301186154343224,1471
event_driven,B2_tfidf_ridge,20,2024Q3,10,expanding,1.8484530448864531,-1.2185872886752367,0.22319640204234295,-0.0007734020615662801,0.0037397031565835227,1471
event_driven,B2_tfidf_ridge,20,2024Q4,11,fixed,1.6788554723855402,-1.5524089911901748,0.1207836745970091,-0.0002742536167460553,0.0027251791773024317,1444
event_driven,B2_tfidf_ridge,20,2024Q4,11,expanding,-0.6178132760193583,0.4406929681503768,0.6595012986641166,-0.003003515026811429,0.001667284363593707,1444
event_driven,B2_tfidf_ridge,20,2025Q1,12,fixed,0.8691943728577239,-1.058215275160249,0.2901151684044058,-0.0005700317763743397,0.001982745576949791,1620
event_driven,B2_tfidf_ridge,20,2025Q1,12,expanding,-14.677674529157784,6.4573995983518495,1.4045089286110635e-10,-0.021709519333159732,-0.011466669599749676,1620
event_driven,B2_tfidf_ridge,20,2025Q2,13,fixed,2.737013554627417,-4.570704200644526,5.1882441527349855e-06,0.0014051907889976296,0.003380884727286363,1819
event_driven,B2_tfidf_ridge,20,2025Q2,13,expanding,8.424023146907977,-5.695526794192662,1.4314447506411092e-08,0.0038196713536051558,0.007755791545401929,1819
event_driven,B2_tfidf_ridge,20,2025Q3,14,fixed,2.878319882411391,-3.768256549543867,0.00017090407987905732,0.0009322889510679529,0.0028908622814973013,1468
event_driven,B2_tfidf_ridge,20,2025Q3,14,expanding,3.6195586232813297,-2.891946734806393,0.003885069682726177,0.0007411338165914994,0.004030135312073357,1468
event_driven,B2_tfidf_ridge,20,2025Q4,15,fixed,0.7398301011294998,-0.7744689660355979,0.43881160907681527,-0.0006951936237261079,0.0016574199564581213,1159
event_driven,B2_tfidf_ridge,20,2025Q4,15,expanding,-0.018407036997958582,0.013193123648263106,0.9894759882300047,-0.0016366484260084142,0.0016989081491510557,1159
event_driven,C2_finbert_s1,5,2022Q1,0,fixed,2.44854465238405,-4.098015747762744,4.3726647103583514e-05,0.0014232802040354052,0.004066195295959657,1625
event_driven,C2_finbert_s1,5,2022Q1,0,expanding,-9.487372954136665,4.434324303910088,9.855977606726458e-06,-0.01848027127601109,-0.0070431679401664615,1625
event_driven,C2_finbert_s1,5,2022Q2,1,fixed,2.5119865669651116,-4.291515597998088,1.8721543653525588e-05,0.0017330301321383612,0.004559177453297817,1742
event_driven,C2_finbert_s1,5,2022Q2,1,expanding,-12.583713512211695,8.152844389056893,6.723299202316227e-16,-0.02465261591542509,-0.014923688149729691,1742
event_driven,C2_finbert_s1,5,2022Q3,2,fixed,2.793999765228851,-4.077800776370845,4.799020910777679e-05,0.0014115331025924068,0.0039068446736647165,1419
event_driven,C2_finbert_s1,5,2022Q3,2,expanding,0.8757179214741551,-0.48064714703046285,0.6308414461821881,-0.0027698869125548455,0.004686556972265323,1419
event_driven,C2_finbert_s1,5,2022Q4,3,fixed,5.185938843577866,-6.582640087271035,6.427059331321985e-11,0.003864647501938076,0.007121420115396412,1461
event_driven,C2_finbert_s1,5,2022Q4,3,expanding,0.9444345954580999,-0.48009056193476685,0.6312349161698122,-0.00332982054503091,0.005616605991886045,1461
event_driven,C2_finbert_s1,5,2023Q1,4,fixed,0.6580911693651509,-1.2831671480443327,0.19961946627976915,-0.00043624155321575215,0.0021280244924323996,1600
event_driven,C2_finbert_s1,5,2023Q1,4,expanding,-1.7074213941401906,0.9689124732912088,0.3327353909200202,-0.00702508301221853,0.0022446581744908125,1600
event_driven,C2_finbert_s1,5,2023Q2,5,fixed,2.6568957197682126,-5.269737939766474,1.5313585038211728e-07,0.0020239865877130798,0.004524712357871734,1792
event_driven,C2_finbert_s1,5,2023Q2,5,expanding,8.363286226240422,-6.146324591582486,9.751404638254677e-10,0.007270892429984957,0.014183491162840404,1792
event_driven,C2_finbert_s1,5,2023Q3,6,fixed,1.2156668549349514,-1.7332293355087978,0.08328207455320281,-0.00014798869650504133,0.002857212170735029,1358
event_driven,C2_finbert_s1,5,2023Q3,6,expanding,6.288303425361866,-3.0913615265246164,0.002032981086514106,0.0026046640986879133,0.011400366705396466,1358
event_driven,C2_finbert_s1,5,2023Q4,7,fixed,2.83918104655281,-4.580645702528694,5.0228382335706144e-06,0.0023694582520018474,0.00568407972225631,1487
event_driven,C2_finbert_s1,5,2023Q4,7,expanding,7.3629847389848635,-4.6387683757237,3.812892213242406e-06,0.006417156619478227,0.015384052367341425,1487
event_driven,C2_finbert_s1,5,2024Q1,8,fixed,1.1136950992728925,-2.0589581949967943,0.03966287766148306,9.237008335418422e-05,0.002722967003051721,1571
event_driven,C2_finbert_s1,5,2024Q1,8,expanding,4.541492483077411,-2.7455550124934702,0.006109766998868167,0.001610899957735936,0.009890053886831895,1571
event_driven,C2_finbert_s1,5,2024Q2,9,fixed,1.4568460889744206,-2.866642497385857,0.004198193419847994,0.0005929636431581755,0.0027982537272849715,1749
event_driven,C2_finbert_s1,5,2024Q2,9,expanding,4.950381390349261,-3.4454338617352893,0.0005836214029981985,0.0026065833903901148,0.008993323959467853,1749
event_driven,C2_finbert_s1,5,2024Q3,10,fixed,3.547653496312255,-4.780679740922229,1.9220042564104973e-06,0.0027941586152012833,0.006662714247831736,1472
event_driven,C2_finbert_s1,5,2024Q3,10,expanding,10.972885600716936,-5.670974050830713,1.7066017207441357e-08,0.01027000999616985,0.021238759204585574,1472
event_driven,C2_finbert_s1,5,2024Q4,11,fixed,4.038715230486994,-5.8805674175179545,5.070291533896588e-09,0.004612987091391409,0.00888892062555999,1447
event_driven,C2_finbert_s1,5,2024Q4,11,expanding,13.691926935756372,-6.785876818465535,1.6780288547031015e-11,0.017352623188149237,0.030891717984355724,1447
event_driven,C2_finbert_s1,5,2025Q1,12,fixed,1.813410028034748,-3.3929519673432074,0.0007080654208355673,0.0011031792082927673,0.004299254911203699,1624
event_driven,C2_finbert_s1,5,2025Q1,12,expanding,-1.9735659005866946,1.191863813593067,0.23348889482162105,-0.008765626521232653,0.0021924721656034363,1624
event_driven,C2_finbert_s1,5,2025Q2,13,fixed,-0.8535800884681659,2.384658379295566,0.017196802062334003,-0.002278792975116278,-0.00018969782171465732,1822
event_driven,C2_finbert_s1,5,2025Q2,13,expanding,-3.893758798777838,2.3784450653175195,0.017488432269150003,-0.010312684844513396,-0.001204084949473482,1822
event_driven,C2_finbert_s1,5,2025Q3,14,fixed,2.437386616244048,-4.026271231349972,5.9560147167769e-05,0.0014942331861776382,0.004497218602047247,1470
event_driven,C2_finbert_s1,5,2025Q3,14,expanding,7.25673491256645,-4.19305869009295,2.9165974741254863e-05,0.00502034191794375,0.013522778029709262,1470
event_driven,C2_finbert_s1,5,2025Q4,15,fixed,1.6574413316454801,-2.964755786872635,0.003078071615949493,0.000753335590505148,0.003660072830511465,1470
event_driven,C2_finbert_s1,5,2025Q4,15,expanding,3.6076073894164953,-2.376805018616234,0.01759079638978771,0.0009709253373506929,0.008959462899211382,1470
event_driven,C2_finbert_s1,10,2022Q1,0,fixed,2.6688867757236276,-4.879860902790875,1.1657878523439196e-06,0.0013986734939216447,0.003104259990947487,1625
event_driven,C2_finbert_s1,10,2022Q1,0,expanding,-19.525320815407447,6.613906215415685,5.065507442002508e-11,-0.026231307880652675,-0.014289608233188441,1625
event_driven,C2_finbert_s1,10,2022Q2,1,fixed,1.3769697877399,-2.38684698343803,0.017099952644922943,0.0002589738105318566,0.002210507010791672,1739
event_driven,C2_finbert_s1,10,2022Q2,1,expanding,-35.11775402729305,15.576156051248391,2.6284951313494286e-51,-0.04575851737066758,-0.03532587444352143,1739
event_driven,C2_finbert_s1,10,2022Q3,2,fixed,2.917386588288256,-4.679924511785962,3.144380344155611e-06,0.0010867764385867273,0.0025471710003324506,1417
event_driven,C2_finbert_s1,10,2022Q3,2,expanding,-12.09657336431567,4.597655001149995,4.653630193381321e-06,-0.012096257012626455,-0.004945207562800327,1417
event_driven,C2_finbert_s1,10,2022Q4,3,fixed,4.204369180762641,-5.875800766484904,5.206561186593977e-09,0.00209256620371352,0.0041623055725499925,1458
event_driven,C2_finbert_s1,10,2022Q4,3,expanding,-8.677459778500051,3.6566464012263933,0.000264626114202622,-0.011121922353357174,-0.0036019678726289172,1458
event_driven,C2_finbert_s1,10,2023Q1,4,fixed,0.8744271763781554,-1.7265788048620747,0.08443648054273827,-0.00013683763139215758,0.00157727896282123,1600
event_driven,C2_finbert_s1,10,2023Q1,4,expanding,-6.036338186743639,2.829833978189089,0.004715403557102916,-0.009284419275021539,-0.0018636632617267986,1600
event_driven,C2_finbert_s1,10,2023Q2,5,fixed,2.5871956483155563,-4.852603577130597,1.3242918618912453e-06,0.0013087657333255166,0.0029587317213211565,1790
event_driven,C2_finbert_s1,10,2023Q2,5,expanding,1.5525506365205244,-0.9058292308110661,0.36514822472178526,-0.0014588055550415525,0.004061458596534012,1790
event_driven,C2_finbert_s1,10,2023Q3,6,fixed,0.6702336992989425,-1.2077524333825693,0.2273531067785782,-0.00030936591140841947,0.0013017274770635162,1357
event_driven,C2_finbert_s1,10,2023Q3,6,expanding,5.432227073051573,-3.079184735610598,0.0021173665112220316,0.0016735300652657354,0.006664740611189607,1357
event_driven,C2_finbert_s1,10,2023Q4,7,fixed,2.40409380579227,-3.336980370730045,0.0008678685504821804,0.0010023609225142344,0.0033651487410126957,1486
event_driven,C2_finbert_s1,10,2023Q4,7,expanding,4.521231068693383,-2.211597267544356,0.027146307422295745,0.0004597572855405192,0.007853604056218997,1486
event_driven,C2_finbert_s1,10,2024Q1,8,fixed,1.272607524979817,-2.4418338454963964,0.014722803913065442,0.0002335637184792261,0.0019428939010930465,1568
event_driven,C2_finbert_s1,10,2024Q1,8,expanding,3.8152839229809246,-1.9437961333003169,0.05209884484785629,-9.912776540401311e-05,0.006222793447127818,1568
event_driven,C2_finbert_s1,10,2024Q2,9,fixed,1.7708462331177133,-2.7487321105372535,0.0060442619526868266,0.0003737239508774379,0.0024935853663717714,1746
event_driven,C2_finbert_s1,10,2024Q2,9,expanding,3.196426857077075,-1.2476196163154871,0.21233779059415558,-0.0020907631181783528,0.0061247503107777984,1746
event_driven,C2_finbert_s1,10,2024Q3,10,fixed,2.47162757518806,-5.160954831456018,2.792616823842894e-07,0.0015361884634527488,0.003429345021188732,1471
event_driven,C2_finbert_s1,10,2024Q3,10,expanding,3.764859180580698,-2.6298042147535896,0.008632568441301164,0.0009679589324412113,0.007176744941088575,1471
event_driven,C2_finbert_s1,10,2024Q4,11,fixed,4.372301220335223,-5.416078782811108,7.126982662091326e-08,0.00321749959351451,0.006696354449581987,1445
event_driven,C2_finbert_s1,10,2024Q4,11,expanding,12.746425029220203,-4.960688078343683,7.856762705164678e-07,0.009750226405984093,0.021690065207592518,1445
event_driven,C2_finbert_s1,10,2025Q1,12,fixed,0.5919518755648103,-1.0730975162568512,0.28338698786617333,-0.0005300931147541534,0.0018184700995716762,1623
event_driven,C2_finbert_s1,10,2025Q1,12,expanding,-13.023623289973889,4.192748145406271,2.9047211784580197e-05,-0.02618446400473597,-0.009958834810798074,1623
event_driven,C2_finbert_s1,10,2025Q2,13,fixed,1.4278890869722574,-3.669014673280477,0.0002504899436644791,0.0006373757917692255,0.0021898579476292415,1822
event_driven,C2_finbert_s1,10,2025Q2,13,expanding,-0.6615723745486614,0.2198955630630425,0.8259771388898883,-0.006012440560658304,0.004373560522560187,1822
event_driven,C2_finbert_s1,10,2025Q3,14,fixed,2.8066388515440446,-5.373001040313733,8.994210746331071e-08,0.0015245977805695417,0.0032275139175968045,1469
event_driven,C2_finbert_s1,10,2025Q3,14,expanding,6.924661412873042,-3.822206143403238,0.00013779173132530263,0.0028888185524650538,0.009065368466412349,1469
event_driven,C2_finbert_s1,10,2025Q4,15,fixed,2.1055837508942163,-3.675371106280663,0.00024657787744188303,0.0009158141607202341,0.0029783657601781402,1385
event_driven,C2_finbert_s1,10,2025Q4,15,expanding,6.956267972528498,-3.8786927634248074,0.00010994968058485529,0.0030801849499531475,0.009722110348396413,1385
event_driven,C2_finbert_s1,20,2022Q1,0,fixed,5.865350528958384,-3.9378637940026655,8.570117072036464e-05,0.0018535184848481343,0.005186415201499701,1619
event_driven,C2_finbert_s1,20,2022Q1,0,expanding,-8.188379204211198,2.7503538711048257,0.006019392807694273,-0.01131068889235939,-0.002235560394615267,1619
event_driven,C2_finbert_s1,20,2022Q2,1,fixed,11.913972473059413,-5.693890219903947,1.4552540269502637e-08,0.004212292732304956,0.008569171449983704,1737
event_driven,C2_finbert_s1,20,2022Q2,1,expanding,-11.603401767603291,5.731413040444414,1.171968995303166e-08,-0.01273210249625475,-0.006259338871344259,1737
event_driven,C2_finbert_s1,20,2022Q3,2,fixed,1.5945240397255664,-0.8373062237054484,0.4025621552531767,-0.0009391563096858373,0.002482101770416724,1413
event_driven,C2_finbert_s1,20,2022Q3,2,expanding,-9.084667266161693,3.175413134227512,0.0015285647396068712,-0.008220654026578957,-0.0019401984706089762,1413
event_driven,C2_finbert_s1,20,2022Q4,3,fixed,3.704855568800098,-2.05012189331142,0.04053129371164033,-2.8043629778530638e-05,0.0035776478381357485,1457
event_driven,C2_finbert_s1,20,2022Q4,3,expanding,-3.9933231709999566,1.4211474637834922,0.15548802648070686,-0.004940722054395414,0.0008932016442869739,1457
event_driven,C2_finbert_s1,20,2023Q1,4,fixed,1.0646309663287632,-0.6755705995542973,0.49941099794590693,-0.0012730550575343347,0.002808384234499143,1600
event_driven,C2_finbert_s1,20,2023Q1,4,expanding,2.176662454395914,-1.191450405594352,0.23365362944445375,-0.0008218046688293429,0.004140452150753133,1600
event_driven,C2_finbert_s1,20,2023Q2,5,fixed,-0.3555976010421328,0.19325453538007153,0.846781604693851,-0.0020983232720444096,0.0018232660493727362,1787
event_driven,C2_finbert_s1,20,2023Q2,5,expanding,7.163240062895939,-3.351604940595513,0.0008202052227439138,0.001757986908321593,0.006325402723051202,1787
event_driven,C2_finbert_s1,20,2023Q3,6,fixed,-6.38666148715605,3.829839038734836,0.00013409437296455745,-0.005789229076167866,-0.0018998770812046779,1354
event_driven,C2_finbert_s1,20,2023Q3,6,expanding,2.34932916017334,-1.0850003541101256,0.27811478432673964,-0.0010283870507151198,0.00356226877719953,1354
event_driven,C2_finbert_s1,20,2023Q4,7,fixed,-4.537546859747246,1.881797350470414,0.06005910412157291,-0.00544731397807659,0.00046738702969406057,1485
event_driven,C2_finbert_s1,20,2023Q4,7,expanding,3.291445377099681,-1.0737079116973758,0.2831281689997393,-0.0012954270107500487,0.0058155868981505056,1485
event_driven,C2_finbert_s1,20,2024Q1,8,fixed,-3.869796092205898,2.9642949330337767,0.003079913681698417,-0.004482096970153738,-0.000978014960583864,1557
event_driven,C2_finbert_s1,20,2024Q1,8,expanding,2.829370494985355,-1.6444002025973887,0.10029556324005678,-0.00038519920505249286,0.003990695137507839,1557
event_driven,C2_finbert_s1,20,2024Q2,9,fixed,-3.2424759457577355,1.7899342145877126,0.07363821812248182,-0.003807742922800883,0.00021219216898471534,1742
event_driven,C2_finbert_s1,20,2024Q2,9,expanding,4.642700621020784,-1.9622592638756284,0.04989138171642862,0.00025485530529355006,0.00509028793462059,1742
event_driven,C2_finbert_s1,20,2024Q3,10,fixed,4.161359980559096,-2.806317224959532,0.005077222571946568,0.0009835841911801286,0.0053093041418363456,1471
event_driven,C2_finbert_s1,20,2024Q3,10,expanding,7.948330526190186,-4.498233342929081,7.390965607924636e-06,0.0035249107744717676,0.008805999539196769,1471
event_driven,C2_finbert_s1,20,2024Q4,11,fixed,2.7057330849209253,-1.1860358147818255,0.23580340662455204,-0.0011106701235174365,0.00513695363230478,1444
event_driven,C2_finbert_s1,20,2024Q4,11,expanding,12.737235393924252,-4.508387735158567,7.060566028869889e-06,0.006171292979965384,0.015330930447989685,1444
event_driven,C2_finbert_s1,20,2025Q1,12,fixed,4.885539051365345,-2.9984419734073797,0.0027549977781153997,0.0014689170140269998,0.006505823679605981,1620
event_driven,C2_finbert_s1,20,2025Q1,12,expanding,-4.897369009457935,2.000005429140167,0.04566646754151222,-0.011098838974067613,-0.00043647102010534937,1620
event_driven,C2_finbert_s1,20,2025Q2,13,fixed,-2.252636964681364,1.8496349452175824,0.0645283841051667,-0.003975867786890318,0.00026170832671654865,1819
event_driven,C2_finbert_s1,20,2025Q2,13,expanding,7.396641108594742,-3.8196529090776763,0.00013812667781048856,0.002473169189521907,0.007597154466391665,1819
event_driven,C2_finbert_s1,20,2025Q3,14,fixed,4.426827305254337,-2.3559087822864804,0.01860841393612419,0.0004605776066062796,0.005488648230599035,1468
event_driven,C2_finbert_s1,20,2025Q3,14,expanding,10.75835255347873,-4.251328469003813,2.2592249897847417e-05,0.003738769185699541,0.010647583923641367,1468
event_driven,C2_finbert_s1,20,2025Q4,15,fixed,-5.5362693721933445,3.158344240345782,0.0016277133953504581,-0.005677784363747845,-0.0013382052195061037,1159
event_driven,C2_finbert_s1,20,2025Q4,15,expanding,1.994548047515548,-0.8630262326971992,0.38830174478492363,-0.0016212357892961356,0.004262762047511835,1159
event_driven,C2_finbert_s2,5,2022Q1,0,fixed,2.0309097980754656,-2.159871583954104,0.030928550913900756,0.00025909605066109685,0.00425147359399714,1625
event_driven,C2_finbert_s2,5,2022Q1,0,expanding,-7.054969804344733,4.126048145062225,3.8774558704758576e-05,-0.014034932435071003,-0.005117445828917968,1625
event_driven,C2_finbert_s2,5,2022Q2,1,fixed,-1.4623942330566218,1.5025662353372136,0.133132288028141,-0.004274815177576452,0.00034354002025677085,1742
event_driven,C2_finbert_s2,5,2022Q2,1,expanding,-21.318232695249996,12.956291856168304,1.0168226162085432e-36,-0.03849258473898138,-0.028384857529700748,1742
event_driven,C2_finbert_s2,5,2022Q3,2,fixed,1.9409429627968804,-2.0541366646181407,0.04014544444642074,7.3291864038819e-05,0.0036169689449485304,1419
event_driven,C2_finbert_s2,5,2022Q3,2,expanding,-2.62259213341659,1.742661157697936,0.08160959957732303,-0.005870955188364079,0.00040393915951499135,1419
event_driven,C2_finbert_s2,5,2022Q4,3,fixed,5.218457194113274,-4.876459241382636,1.198135593200091e-06,0.003290832956904715,0.0076749180130983585,1461
event_driven,C2_finbert_s2,5,2022Q4,3,expanding,2.456938355866295,-1.9021513739274252,0.05734799513021467,-2.5375825510064373e-05,0.0058554061544671115,1461
event_driven,C2_finbert_s2,5,2023Q1,4,fixed,1.248304563009423,-1.4375594466858552,0.15075475244200487,-0.0005758443329428529,0.003777120138103026,1600
event_driven,C2_finbert_s2,5,2023Q1,4,expanding,0.7735530640234864,-0.5656123141159681,0.5717367115800744,-0.0026400955956497763,0.004654243274919875,1600
event_driven,C2_finbert_s2,5,2023Q2,5,fixed,0.9698681227423258,-1.1892158634466439,0.2345123721604994,-0.0006993188708486768,0.0031229484464128446,1792
event_driven,C2_finbert_s2,5,2023Q2,5,expanding,-0.17681881147249406,0.14315655667203656,0.8861826427847121,-0.00310865219942422,0.0028788485528813234,1792
event_driven,C2_finbert_s2,5,2023Q3,6,fixed,0.3003308741596382,-0.26482382259894754,0.7911854023910511,-0.0019776307204992754,0.0028431058677373753,1358
event_driven,C2_finbert_s2,5,2023Q3,6,expanding,4.230557390127545,-2.5485003710648373,0.010928082632355748,0.001077549684326122,0.008407094080388788,1358
event_driven,C2_finbert_s2,5,2023Q4,7,fixed,3.2060825540339346,-2.978226908910157,0.0029461922017259817,0.0017643496842079196,0.007474637221937433,1487
event_driven,C2_finbert_s2,5,2023Q4,7,expanding,6.512708571276769,-4.815023310882854,1.6219376433006511e-06,0.005734612747863221,0.013517569241618208,1487
event_driven,C2_finbert_s2,5,2024Q1,8,fixed,-0.37545432371639514,0.41237942762098295,0.6801176406218649,-0.002661894855114164,0.001701715806462229,1571
event_driven,C2_finbert_s2,5,2024Q1,8,expanding,2.589745647025595,-1.8186045629504048,0.06916223217113036,-0.00017354538888622148,0.006772193187803265,1571
event_driven,C2_finbert_s2,5,2024Q2,9,fixed,0.6433985364683354,-0.8442357185898971,0.39865322185568336,-0.0010531521535302522,0.0023933944876753125,1749
event_driven,C2_finbert_s2,5,2024Q2,9,expanding,0.23336977673083661,-0.18883702101872066,0.8502424765978388,-0.002713903848753696,0.002916410143537245,1749
event_driven,C2_finbert_s2,5,2024Q3,10,fixed,1.4026509537713918,-1.563740927660784,0.11809351344430784,-0.0005249453428457365,0.004299836541954431,1472
event_driven,C2_finbert_s2,5,2024Q3,10,expanding,2.8063560478924736,-2.206902937298116,0.02747481318142551,0.0003564322082799515,0.007640841088437093,1472
event_driven,C2_finbert_s2,5,2024Q4,11,fixed,5.070174186519324,-4.412644234881856,1.096879568734018e-05,0.005002334851347102,0.012102397076569581,1447
event_driven,C2_finbert_s2,5,2024Q4,11,expanding,10.850586625094634,-6.266423275702607,4.864300227255422e-10,0.01351643827882673,0.024769170243386675,1447
event_driven,C2_finbert_s2,5,2025Q1,12,fixed,2.2294580337506376,-2.5544458332868523,0.010726309954441572,0.0008504727037270554,0.00588089167241737,1624
event_driven,C2_finbert_s2,5,2025Q1,12,expanding,-0.33394852881835896,0.24264513568678348,0.808310971713571,-0.004985460393641877,0.003872766651764522,1624
event_driven,C2_finbert_s2,5,2025Q2,13,fixed,0.7210283528619831,-1.0841452033696,0.27844393892333613,-0.0008521872544832277,0.0029394492270609462,1822
event_driven,C2_finbert_s2,5,2025Q2,13,expanding,-2.4170221593471632,1.5604881709102714,0.11881832484999007,-0.007936729345427617,0.0007003333720708891,1822
event_driven,C2_finbert_s2,5,2025Q3,14,fixed,2.3482644979225595,-2.8614304572850022,0.004277073036673038,0.0008271952404504303,0.004865318429326535,1470
event_driven,C2_finbert_s2,5,2025Q3,14,expanding,4.2223145785336085,-3.2858371279189007,0.001040775677171246,0.001953556859465126,0.008517150909387875,1470
event_driven,C2_finbert_s2,5,2025Q4,15,fixed,2.115613542528421,-2.334720980678829,0.01969213404998786,0.0004656628348235015,0.005111409697173985,1470
event_driven,C2_finbert_s2,5,2025Q4,15,expanding,4.981899006775671,-3.8258177339562156,0.00013580292372521638,0.003376777121190771,0.010373117594560374,1470
event_driven,C2_finbert_s2,10,2022Q1,0,fixed,0.7162097711145031,-1.1625330147271402,0.2451898264387681,-0.0004120945177491158,0.0015805383933463566,1625
event_driven,C2_finbert_s2,10,2022Q1,0,expanding,-36.406364400034626,7.306747149384097,4.272723898695971e-13,-0.04798906401761432,-0.02829447039038404,1625
event_driven,C2_finbert_s2,10,2022Q2,1,fixed,1.0847656811479425,-1.8605823888626687,0.06297195339319689,-4.4059930959302384e-05,0.0019444071268572827,1739
event_driven,C2_finbert_s2,10,2022Q2,1,expanding,-47.24288512789496,14.95350102924615,1.1881781935998676e-47,-0.06193482927086587,-0.047370315375546965,1739
event_driven,C2_finbert_s2,10,2022Q3,2,fixed,2.7177090263103536,-4.611491988828063,4.358579383212375e-06,0.0009800317746348982,0.0023784586648974786,1417
event_driven,C2_finbert_s2,10,2022Q3,2,expanding,-26.87820759198592,7.5231837758846085,9.456381497075752e-14,-0.023631241427794464,-0.0139048655617153,1417
event_driven,C2_finbert_s2,10,2022Q4,3,fixed,4.327768629579787,-6.925388861936576,6.500983228408033e-12,0.002337643309908974,0.004119541520914165,1458
event_driven,C2_finbert_s2,10,2022Q4,3,expanding,-27.129957869285743,6.777981189898632,1.7644541606382934e-11,-0.029399443674787983,-0.016613608181255166,1458
event_driven,C2_finbert_s2,10,2023Q1,4,fixed,1.0505999842803249,-2.1134786142960853,0.03471435678924374,4.81488093913062e-05,0.0017658154972494977,1600
event_driven,C2_finbert_s2,10,2023Q1,4,expanding,-8.294839550568478,3.3952339657475243,0.0007024811872956827,-0.012240779860246576,-0.003250642714442354,1600
event_driven,C2_finbert_s2,10,2023Q2,5,fixed,2.5160471169939806,-4.659555944901302,3.403031063251282e-06,0.001217093866172483,0.002874450585965653,1790
event_driven,C2_finbert_s2,10,2023Q2,5,expanding,-2.1358356194040153,0.9931243601736093,0.32078365682077764,-0.005278383209363695,0.0015753572698754877,1790
event_driven,C2_finbert_s2,10,2023Q3,6,fixed,1.758664695906973,-3.2895765137940343,0.0010291400109716153,0.0005163254609056444,0.002124220834635402,1357
event_driven,C2_finbert_s2,10,2023Q3,6,expanding,2.723244979119851,-1.2191650940235748,0.22299356965554204,-0.0011669387520110957,0.005484101237515202,1357
event_driven,C2_finbert_s2,10,2023Q4,7,fixed,1.8594196478051637,-2.9133920329355534,0.0036287419999720574,0.0005719497328269716,0.0027098255634063627,1486
event_driven,C2_finbert_s2,10,2023Q4,7,expanding,-5.681021482223031,2.088937188304609,0.036883276493927176,-0.009957394943265717,-0.00035279925375637897,1486
event_driven,C2_finbert_s2,10,2024Q1,8,fixed,1.30343395441336,-2.2538979828774326,0.024340270135586702,0.00017655098080445448,0.002104601432159832,1568
event_driven,C2_finbert_s2,10,2024Q1,8,expanding,2.3676388873410072,-0.9169265527542652,0.35932222295968475,-0.0021428724569567867,0.005950435167513658,1568
event_driven,C2_finbert_s2,10,2024Q2,9,fixed,2.210640305263827,-3.5116792540395405,0.0004566128500262552,0.0007138779560262577,0.0028255438791828834,1746
event_driven,C2_finbert_s2,10,2024Q2,9,expanding,1.7895923996850274,-0.5946665837578242,0.5521434578632933,-0.003990618982188206,0.005731178763321235,1746
event_driven,C2_finbert_s2,10,2024Q3,10,fixed,2.360770037396674,-4.674569899377321,3.2155930774362003e-06,0.0014113372861779615,0.003359796183684919,1471
event_driven,C2_finbert_s2,10,2024Q3,10,expanding,-1.7420377544907666,0.7314292968784766,0.46463355242705945,-0.006966940455251429,0.003071472734099237,1471
event_driven,C2_finbert_s2,10,2024Q4,11,fixed,2.8757738517547256,-5.499738449738612,4.492370762166595e-08,0.002095809763028852,0.0044033744577187135,1445
event_driven,C2_finbert_s2,10,2024Q4,11,expanding,6.137918107638033,-2.545275164091771,0.011022417737601485,0.0017533262704591973,0.013274962064605314,1445
event_driven,C2_finbert_s2,10,2025Q1,12,fixed,0.7151171391486602,-1.4613474616898992,0.14411380245811975,-0.00023143644078514445,0.0018681110099080555,1623
event_driven,C2_finbert_s2,10,2025Q1,12,expanding,-15.09373680289877,4.315955329468199,1.6851774765497036e-05,-0.03010438078445039,-0.011692774598021287,1623
event_driven,C2_finbert_s2,10,2025Q2,13,fixed,1.6411714953359149,-3.870695619090774,0.00011235236173146792,0.0007996599573256637,0.002449963914727093,1822
event_driven,C2_finbert_s2,10,2025Q2,13,expanding,-5.317646867152965,1.5310648709687638,0.12592705272359928,-0.01092984711656865,0.0009670918940378268,1822
event_driven,C2_finbert_s2,10,2025Q3,14,fixed,3.2753919700186334,-6.395119100542949,2.1509268527802522e-10,0.0018957562428728065,0.003630769947809805,1469
event_driven,C2_finbert_s2,10,2025Q3,14,expanding,3.4661594559703937,-1.389169776418427,0.16499181062550206,-0.0013701514051607442,0.007134287075812028,1469
event_driven,C2_finbert_s2,10,2025Q4,15,fixed,2.5043758370401905,-5.1851548197056,2.478696879315433e-07,0.0012878021679146123,0.0031209997174254413,1385
event_driven,C2_finbert_s2,10,2025Q4,15,expanding,1.5519180948480833,-0.6990987103343133,0.48460781074611925,-0.00312377101902376,0.005359768224959498,1385
event_driven,C2_finbert_s2,20,2022Q1,0,fixed,1.6866648165040836,-5.381234696807748,8.48206044893133e-08,0.0006429530398087376,0.0013804449353331174,1619
event_driven,C2_finbert_s2,20,2022Q1,0,expanding,-40.44731617692945,7.174729609366578,1.0987876903428292e-12,-0.04117458759906733,-0.02450485355566776,1619
event_driven,C2_finbert_s2,20,2022Q2,1,fixed,2.762181746112977,-8.486098654350368,4.510234697981934e-17,0.001129615071234615,0.001813100052313191,1737
event_driven,C2_finbert_s2,20,2022Q2,1,expanding,-32.45238110198633,11.728201919867175,1.263713103138771e-30,-0.030854008714471172,-0.02213629503568021,1737
event_driven,C2_finbert_s2,20,2022Q3,2,fixed,-0.4846167536206051,0.6852168032482407,0.4933195920391259,-0.0009048835967488455,0.00040349994251360225,1413
event_driven,C2_finbert_s2,20,2022Q3,2,expanding,-8.018501762669972,2.020529988179218,0.04351691184987251,-0.008783347955320965,-0.00017356759241522304,1413
event_driven,C2_finbert_s2,20,2022Q4,3,fixed,2.5916967040237453,-6.518642723747591,9.754300536401858e-11,0.0009081087684964849,0.0017179766413131555,1457
event_driven,C2_finbert_s2,20,2022Q4,3,expanding,1.78210690513569,-0.5407924780397954,0.5887333481471346,-0.002357367057745817,0.004546243214548014,1457
event_driven,C2_finbert_s2,20,2023Q1,4,fixed,1.5809380950938983,-6.318729542461843,3.4112924180997925e-10,0.000730958034878301,0.0013576003577924216,1600
event_driven,C2_finbert_s2,20,2023Q1,4,expanding,-8.644518299184886,2.7706879071458603,0.005658541459251268,-0.010276625601752843,-0.0019081362546934427,1600
event_driven,C2_finbert_s2,20,2023Q2,5,fixed,1.4982974161678133,-5.850215551337636,5.826520131583609e-09,0.0005765292043169989,0.0011280416914215743,1787
event_driven,C2_finbert_s2,20,2023Q2,5,expanding,7.782208149407039,-3.384353600601234,0.0007288943003858641,0.0018500922239498778,0.00665065099314778,1787
event_driven,C2_finbert_s2,20,2023Q3,6,fixed,-3.9927557030438834,7.489211447463729,1.2447800107312957e-13,-0.003000954184714665,-0.0018023834768493314,1354
event_driven,C2_finbert_s2,20,2023Q3,6,expanding,-32.70556364366904,5.4683209650423565,5.4045270851474886e-08,-0.024803389445323065,-0.011827209900627966,1354
event_driven,C2_finbert_s2,20,2023Q4,7,fixed,1.1710291140928806,-2.3942457598919265,0.01677805382157021,0.0001643708179423979,0.0013186154110417503,1485
event_driven,C2_finbert_s2,20,2023Q4,7,expanding,9.648245054065523,-2.2871235667935768,0.022328832841660963,0.0012955420507626107,0.010616181616794479,1485
event_driven,C2_finbert_s2,20,2024Q1,8,fixed,1.1116389610802238,-3.885096466933491,0.00010658019731979385,0.0003849862710929003,0.0011638008189691442,1557
event_driven,C2_finbert_s2,20,2024Q1,8,expanding,0.22325534121899362,-0.06378917230938168,0.9491462933132818,-0.004514013588840031,0.004230195759825394,1557
event_driven,C2_finbert_s2,20,2024Q2,9,fixed,0.5037799942761693,-1.451493179582722,0.1468227431803718,-0.00012768659128056185,0.0006455106561734686,1742
event_driven,C2_finbert_s2,20,2024Q2,9,expanding,2.0591911923549997,-0.42954021850724483,0.6675832839634546,-0.004556118111006565,0.004894893870809362,1742
event_driven,C2_finbert_s2,20,2024Q3,10,fixed,0.032060691873869285,-0.051120380342861836,0.9592365412750345,-0.0008497397910633833,0.0009422388607626855,1471
event_driven,C2_finbert_s2,20,2024Q3,10,expanding,7.511403396010226,-1.6314369870810617,0.10301234341085591,-0.0008727117710738626,0.012919799290169044,1471
event_driven,C2_finbert_s2,20,2024Q4,11,fixed,2.4132213783109755,-5.189074549893281,2.41449197593855e-07,0.0011236328175598612,0.0023996600313674916,1444
event_driven,C2_finbert_s2,20,2024Q4,11,expanding,18.176622430435362,-4.734971786019837,2.4062446395829067e-06,0.009181428513524596,0.02146695871866846,1444
event_driven,C2_finbert_s2,20,2025Q1,12,fixed,0.42044487076539033,-1.3604777663471244,0.1738681584791516,-0.00014813391712968892,0.0008252591629154196,1620
event_driven,C2_finbert_s2,20,2025Q1,12,expanding,-31.611803767988345,5.5111193605477915,4.1420467208153e-08,-0.04896914838516503,-0.023006159406735907,1620
event_driven,C2_finbert_s2,20,2025Q2,13,fixed,0.37324024754098095,-2.3326012354474592,0.019777715786037695,5.132090889329908e-05,0.0005953200780327999,1819
event_driven,C2_finbert_s2,20,2025Q2,13,expanding,9.576588361730968,-3.1513778704044575,0.0016515011809165607,0.0024233590748857664,0.010409499357951579,1819
event_driven,C2_finbert_s2,20,2025Q3,14,fixed,-1.0677644942186546,1.8015605815093039,0.07181982110261997,-0.001479625151211756,9.611782432113158e-05,1468
event_driven,C2_finbert_s2,20,2025Q3,14,expanding,-1.9628371351190874,0.4346331078283694,0.663892682416827,-0.007210164883558263,0.004706767762156128,1468
event_driven,C2_finbert_s2,20,2025Q4,15,fixed,1.162365470515236,-2.4138867246143048,0.01593773856117553,0.0001615676967958777,0.0013458116616287472,1159
event_driven,C2_finbert_s2,20,2025Q4,15,expanding,12.355011153855452,-2.9339998870358337,0.0034121890940155063,0.002946113395584027,0.013186827846337401,1159
event_driven,C4_longformer,5,2022Q1,0,fixed,-2.2246693296286324,3.235892848161034,0.001237045293536171,-0.004010707152273491,-0.0010338739722647403,1625
event_driven,C4_longformer,5,2022Q1,0,expanding,-59.010874906365046,9.870542759519196,2.3443079912194567e-22,-0.09584488725940551,-0.06500993707202218,1625
event_driven,C4_longformer,5,2022Q2,1,fixed,0.21856134067358482,-0.4317389859345047,0.6659845879931059,-0.001032421222867182,0.0014882927077133393,1742
event_driven,C4_longformer,5,2022Q2,1,expanding,-38.29318910095298,14.520808393596134,3.4964868729477096e-45,-0.06810271719522708,-0.05210320385403594,1742
event_driven,C4_longformer,5,2022Q3,2,fixed,0.2550051799314733,-0.4049600708491643,0.6855679432940451,-0.0009336125662899473,0.0013883537193393946,1419
event_driven,C4_longformer,5,2022Q3,2,expanding,-38.68781866701879,9.710115822456162,1.264890751881619e-21,-0.04946529910754188,-0.03309886957143698,1419
event_driven,C4_longformer,5,2022Q4,3,fixed,3.594146354151297,-6.649149252395809,4.153538708311353e-11,0.0026494654058689484,0.004876047372708439,1461
event_driven,C4_longformer,5,2022Q4,3,expanding,-23.821565661021683,6.612177872653776,5.296908292387145e-11,-0.03615718523908433,-0.019595471108949165,1461
event_driven,C4_longformer,5,2023Q1,4,fixed,1.6874235430739577,-3.400941505991832,0.0006880807504425773,0.0009496915567589361,0.003402557991782038,1600
event_driven,C4_longformer,5,2023Q1,4,expanding,-6.063276952717394,2.464526639527879,0.013823933119958146,-0.014954373211019363,-0.0019673144457795885,1600
event_driven,C4_longformer,5,2023Q2,5,fixed,1.631573492649749,-3.6448576687846383,0.0002751709783418494,0.0008922703190135787,0.002975227549791392,1792
event_driven,C4_longformer,5,2023Q2,5,expanding,2.6733576666383474,-1.3690960001230474,0.17114093385414914,-0.0014905729113846254,0.008005207534691318,1792
event_driven,C4_longformer,5,2023Q3,6,fixed,1.4303205715700076,-2.706738235906529,0.006879995224924571,0.00039927165188286884,0.0026801464864920784,1358
event_driven,C4_longformer,5,2023Q3,6,expanding,0.6263287025538473,-0.25012066599697275,0.8025318943090625,-0.00474748021289328,0.006335646062685155,1358
event_driven,C4_longformer,5,2023Q4,7,fixed,2.4959887010252997,-4.640926002050137,3.7738553114267794e-06,0.00210507920512018,0.004869953234451777,1487
event_driven,C4_longformer,5,2023Q4,7,expanding,1.7440757584163094,-0.7325274181154361,0.46396223669926817,-0.003994020685240498,0.009266394606444238,1487
event_driven,C4_longformer,5,2024Q1,8,fixed,0.5101033824836652,-1.0027483461216318,0.3161368167783502,-0.0005997821039686491,0.0018677527736122744,1571
event_driven,C4_longformer,5,2024Q1,8,expanding,-5.589692138095898,2.2111943355800534,0.027166019325302306,-0.013363301627144272,-0.0009525974664455779,1571
event_driven,C4_longformer,5,2024Q2,9,fixed,1.1335469142070205,-2.3631454942328993,0.018229479237991494,0.00021152514684734058,0.0023359176586942245,1749
event_driven,C4_longformer,5,2024Q2,9,expanding,-0.770000917763109,0.32819944800286704,0.7428001731560323,-0.006423864815759209,0.004022770408785816,1749
event_driven,C4_longformer,5,2024Q3,10,fixed,3.663795473006852,-6.425999328708203,1.765185461922976e-10,0.0033683609196383003,0.006318080715447032,1472
event_driven,C4_longformer,5,2024Q3,10,expanding,5.202445465260486,-2.022636649350404,0.043291251710891133,0.00028591905795699417,0.014523433801407328,1472
event_driven,C4_longformer,5,2024Q4,11,fixed,2.5171839358340415,-5.488309441826988,4.785446455973245e-08,0.0027081894633481244,0.005655600714688771,1447
event_driven,C4_longformer,5,2024Q4,11,expanding,4.947355631450864,-2.1795942811870304,0.029448433421281794,0.0010365431745115443,0.016160219578227088,1447
event_driven,C4_longformer,5,2025Q1,12,fixed,1.3342606223549736,-2.628457273630627,0.00865822574720203,0.0003963976539571471,0.0034819512649777807,1624
event_driven,C4_longformer,5,2025Q1,12,expanding,-9.680651441154911,3.742773711770657,0.00018834250048693955,-0.024935948723614612,-0.007618510704926974,1624
event_driven,C4_longformer,5,2025Q2,13,fixed,0.5170416118685246,-1.5352700003958417,0.12489123711850363,-0.00020199860938853998,0.0016989903776468529,1822
event_driven,C4_longformer,5,2025Q2,13,expanding,-5.657142559081745,2.4741477446822784,0.013445989607620184,-0.014626902157926374,-0.0019035039502502075,1822
event_driven,C4_longformer,5,2025Q3,14,fixed,2.664910114671879,-5.214552195587324,2.1054431316957563e-07,0.002010851099550012,0.00443586462550067,1470
event_driven,C4_longformer,5,2025Q3,14,expanding,3.362567676357304,-1.2250547731415977,0.2207509744797575,-0.003336322513022723,0.010750963151617334,1470
event_driven,C4_longformer,5,2025Q4,15,fixed,2.179816313513893,-4.209320079588073,2.716748023021658e-05,0.0015435637376105757,0.004212206571121545,1470
event_driven,C4_longformer,5,2025Q4,15,expanding,0.8342742549081695,-0.3630796139601829,0.716597649106201,-0.004816898809553069,0.007691197504697375,1470
event_driven,C4_longformer,10,2022Q1,0,fixed,0.5159911255521162,-1.3283579971692345,0.18424650562009615,-0.00019869335938751796,0.0010517939087654458,1625
event_driven,C4_longformer,10,2022Q1,0,expanding,-12.860651910174127,4.307422156689441,1.7506040308402857e-05,-0.019701609689179868,-0.007662826717277639,1625
event_driven,C4_longformer,10,2022Q2,1,fixed,-0.8424268321525006,2.119137785485204,0.03422029501515252,-0.0014285137210613844,-7.886642423551815e-05,1739
event_driven,C4_longformer,10,2022Q2,1,expanding,-29.734493907973953,13.450105972397038,2.6424192845680527e-39,-0.039323860908498286,-0.029284451213841448,1739
event_driven,C4_longformer,10,2022Q3,2,fixed,2.146015650184643,-6.209148457239886,6.985781479662082e-10,0.0008931304694497358,0.0017364811081098674,1417
event_driven,C4_longformer,10,2022Q3,2,expanding,3.470877186985439,-1.8928104044083265,0.058586859058256946,-3.553940750551495e-05,0.005134184149375663,1417
event_driven,C4_longformer,10,2022Q4,3,fixed,1.7157249722984653,-4.789875112626621,1.8389643014414133e-06,0.0007737153127760222,0.0018059340118534606,1458
event_driven,C4_longformer,10,2022Q4,3,expanding,-1.6217462332918424,0.9879019652245108,0.32336468847054795,-0.003997341499411942,0.00132924726590478,1458
event_driven,C4_longformer,10,2023Q1,4,fixed,0.1669445759024736,-0.48938336845812885,0.6246374325607763,-0.0004485426097238429,0.0007408008221898934,1600
event_driven,C4_longformer,10,2023Q1,4,expanding,0.9632537786599007,-0.5499883895999305,0.582404149242959,-0.002349369423123223,0.004089481636070311,1600
event_driven,C4_longformer,10,2023Q2,5,fixed,1.6035813618801391,-5.207391005382025,2.1360033975593198e-07,0.000837590733237898,0.001774631385122528,1790
event_driven,C4_longformer,10,2023Q2,5,expanding,2.7190395180616433,-1.5639944982563458,0.11799572147527362,-0.0006034091444352671,0.005119733576191095,1790
event_driven,C4_longformer,10,2023Q3,6,fixed,0.5919147373097595,-1.868077791205965,0.06196676311213452,-6.287048186933225e-06,0.0009081230095758086,1357
event_driven,C4_longformer,10,2023Q3,6,expanding,5.474401414292156,-3.1457840033093993,0.0016924296661374612,0.0016899279808922517,0.006747199140093025,1357
event_driven,C4_longformer,10,2023Q4,7,fixed,0.4667314268496655,-1.2129440287593498,0.22534413082467794,-0.0002406481151395275,0.0010636107095838515,1486
event_driven,C4_longformer,10,2023Q4,7,expanding,4.944174853913641,-3.0650380763672387,0.0022156456559971663,0.0016152347159771082,0.007341287815345943,1486
event_driven,C4_longformer,10,2024Q1,8,fixed,0.035912363363074594,-0.1072259226351747,0.9146234766946505,-0.0005338188729815492,0.0006015089658011362,1568
event_driven,C4_longformer,10,2024Q1,8,expanding,2.7250610644020847,-1.4514796394874347,0.14684651290003348,-0.0007704690854510085,0.005362517874539643,1568
event_driven,C4_longformer,10,2024Q2,9,fixed,1.470082193320733,-3.328275318085821,0.0008920329910138462,0.00043270492774246603,0.0018624104831487776,1746
event_driven,C4_longformer,10,2024Q2,9,expanding,2.4753567742130134,-1.0945510598305563,0.27386442292758234,-0.002051122783509918,0.005010251973880755,1746
event_driven,C4_longformer,10,2024Q3,10,fixed,0.6221735511880466,-2.056817398140768,0.039879927809383334,4.956474179405642e-05,0.0012269988325330473,1471
event_driven,C4_longformer,10,2024Q3,10,expanding,3.1938370709937116,-2.3062263294586014,0.021236533613532362,0.0006133231476400015,0.006454080865944492,1471
event_driven,C4_longformer,10,2024Q4,11,fixed,1.2468437509648505,-3.2524097376444296,0.0011707373985153573,0.0005762805101617117,0.002226799046894303,1445
event_driven,C4_longformer,10,2024Q4,11,expanding,12.380460571462612,-6.022440332442801,2.1759622043294024e-09,0.010483014937098805,0.01992870583496949,1445
event_driven,C4_longformer,10,2025Q1,12,fixed,1.559481589111748,-4.711231879586151,2.6724635442761117e-06,0.0010761820444961082,0.0025676574231919573,1623
event_driven,C4_longformer,10,2025Q1,12,expanding,4.025522825730738,-2.2618544506157616,0.023838278884214918,0.0006947899227456953,0.010128674933409205,1623
event_driven,C4_longformer,10,2025Q2,13,fixed,1.5576950695498935,-5.192527482867388,2.3067330502554843e-07,0.0009940091707510612,0.0021483469084856606,1822
event_driven,C4_longformer,10,2025Q2,13,expanding,2.3249922276065518,-0.921601087503834,0.3568587703217973,-0.0024470110828899035,0.006275812288729773,1822
event_driven,C4_longformer,10,2025Q3,14,fixed,1.3725862429106261,-4.045577762666267,5.490938632777844e-05,0.0005909421706727622,0.0017148679072360002,1469
event_driven,C4_longformer,10,2025Q3,14,expanding,8.02323452627959,-4.682828826231667,3.0908640024532486e-06,0.003933337089658413,0.009755263233539528,1469
event_driven,C4_longformer,10,2025Q4,15,fixed,0.04396262653704998,-0.1169391039994897,0.9069252767482913,-0.0006272496660144533,0.0007508183318580751,1385
event_driven,C4_longformer,10,2025Q4,15,expanding,4.662003923693183,-2.554673613856505,0.010734996241989427,0.0009667460934734153,0.007608260250466682,1385
event_driven,C4_longformer,20,2022Q1,0,fixed,-0.6090295364874735,1.2146813349007142,0.22466489174287965,-0.0009510438889812712,0.00023594582357538052,1619
event_driven,C4_longformer,20,2022Q1,0,expanding,-61.38457480145976,7.77495305028904,1.3334570736957266e-14,-0.06241980825489966,-0.03732909951590246,1619
event_driven,C4_longformer,20,2022Q2,1,fixed,-3.693741071595167,10.191913335287717,9.886401298471613e-24,-0.002355990919647349,-0.0015983244381809294,1737
event_driven,C4_longformer,20,2022Q2,1,expanding,-16.599335750384846,5.186442514915828,2.3944405230462647e-07,-0.018355366112638317,-0.00846403008965619,1737
event_driven,C4_longformer,20,2022Q3,2,fixed,-0.6952299502355545,1.8826574722811664,0.05995225255201228,-0.0006660683078057872,-4.373160958045814e-06,1413
event_driven,C4_longformer,20,2022Q3,2,expanding,-25.69458213111086,4.006077636977975,6.495211406365376e-05,-0.021349994470389714,-0.0073909967734031865,1413
event_driven,C4_longformer,20,2022Q4,3,fixed,-4.540062545466387,7.221565949270026,8.252172231777646e-13,-0.002902515400632095,-0.0016825961954990208,1457
event_driven,C4_longformer,20,2022Q4,3,expanding,-71.93197016459217,8.271898257796277,2.9411865339347163e-16,-0.04654574885468291,-0.02919922603831079,1457
event_driven,C4_longformer,20,2023Q1,4,fixed,-2.215288945634094,9.396645633503946,1.875061382091089e-20,-0.001740738822007693,-0.0011499739169405405,1600
event_driven,C4_longformer,20,2023Q1,4,expanding,-7.60370390953439,2.6756085359743933,0.0075354964980612225,-0.009281572910056095,-0.0017027325075287105,1600
event_driven,C4_longformer,20,2023Q2,5,fixed,-1.7109722439632569,6.012785705385903,2.2061735980879376e-09,-0.0012756181611826456,-0.0006551343432498266,1787
event_driven,C4_longformer,20,2023Q2,5,expanding,9.352872771808382,-3.776238105988335,0.00016442517613502323,0.0025510760119428133,0.007793666358224417,1787
event_driven,C4_longformer,20,2023Q3,6,fixed,-0.17498899194714146,0.6182982525366189,0.5364828200252211,-0.00042369163491549314,0.00021210411913909365,1354
event_driven,C4_longformer,20,2023Q3,6,expanding,-4.945045317414853,1.8883133041526716,0.059197676293139115,-0.005531157894688811,2.3545589309040252e-05,1354
event_driven,C4_longformer,20,2023Q4,7,fixed,-2.9775620116475947,9.23554562063212,8.603622848164354e-20,-0.002227616948035289,-0.0014445337641389566,1485
event_driven,C4_longformer,20,2023Q4,7,expanding,-7.837371305897517,2.1230583972384944,0.03391408816178008,-0.008999255079442195,-0.0003658380406422106,1485
event_driven,C4_longformer,20,2024Q1,8,fixed,-3.0536235904416085,8.518005941392001,3.771554405536847e-17,-0.0026800709179906038,-0.0016960830727307061,1557
event_driven,C4_longformer,20,2024Q1,8,expanding,0.33657083884204786,-0.10788953818721589,0.914097225545067,-0.0038713232547276087,0.003929311047469426,1557
event_driven,C4_longformer,20,2024Q2,9,fixed,-1.5895110936475145,5.883435891714935,4.8086076428473445e-09,-0.0012654226147194286,-0.0006372722425981683,1742
event_driven,C4_longformer,20,2024Q2,9,expanding,2.8630061487315035,-1.0727225151896158,0.2835443012468255,-0.0013128082081709555,0.004414091857446528,1742
event_driven,C4_longformer,20,2024Q3,10,fixed,-2.921635374736815,9.341755794697642,3.390120275089912e-20,-0.0026985521709345893,-0.0017782916555630942,1471
event_driven,C4_longformer,20,2024Q3,10,expanding,17.790854437469658,-6.242895114846909,5.608858107061907e-10,0.009895887755203312,0.018157901894589035,1471
event_driven,C4_longformer,20,2024Q4,11,fixed,-2.457937014339071,6.045239767525822,1.8963808614975585e-09,-0.0023446404735494777,-0.0012160360785809382,1444
event_driven,C4_longformer,20,2024Q4,11,expanding,-12.915264833440064,3.811264302605309,0.0001440744327477547,-0.016616466642526657,-0.005513069048373532,1444
event_driven,C4_longformer,20,2025Q1,12,fixed,-1.0916015513805628,3.9262627741279794,8.98958926765746e-05,-0.001312045646681877,-0.0004373475731635711,1620
event_driven,C4_longformer,20,2025Q1,12,expanding,-17.728262804678018,5.671660881108603,1.6719229456497067e-08,-0.026806656096690362,-0.013310733762676856,1620
event_driven,C4_longformer,20,2025Q2,13,fixed,-0.7395676317405736,4.253748498876989,2.209076988591997e-05,-0.0009587494680988155,-0.00036078037160482054,1819
event_driven,C4_longformer,20,2025Q2,13,expanding,9.050913911377128,-4.726470684589791,2.4602130816719225e-06,0.0036393224943555044,0.008773963755836505,1819
event_driven,C4_longformer,20,2025Q3,14,fixed,-1.9369732061352425,4.827937659127723,1.5236775802043328e-06,-0.0018661956108857749,-0.0007717667937285399,1468
event_driven,C4_longformer,20,2025Q3,14,expanding,12.939962576614143,-4.077424347270717,4.798094904751643e-05,0.004489236588086744,0.013079535110551616,1468
event_driven,C4_longformer,20,2025Q4,15,fixed,-2.631468774650681,8.044586883222951,2.125964348745794e-15,-0.002082075037975755,-0.001279366954141022,1159
event_driven,C4_longformer,20,2025Q4,15,expanding,-2.11817348421311,0.5527166717086104,0.5805641076264997,-0.006309854640437063,0.003086226987672761,1159
event_driven,C5_qwen3,5,2022Q1,0,fixed,0.3160692213320572,-1.3773889293431625,0.16858183158205242,-0.00012139891234019563,0.000869065723340437,1625
event_driven,C5_qwen3,5,2022Q1,0,expanding,-0.22927204134504545,1.120445993293531,0.26268941978193183,-0.0008276501138211593,0.00024636657533802926,1625
event_driven,C5_qwen3,5,2022Q2,1,fixed,0.7011407385959415,-3.392887236076764,0.0007070966992825516,0.00037476744200852415,0.0013894681259704026,1742
event_driven,C5_qwen3,5,2022Q2,1,expanding,0.0036798169396972083,-0.02078718585843369,0.9834178017234486,-0.0005414499472912498,0.0005287295435610481,1742
event_driven,C5_qwen3,5,2022Q3,2,fixed,-0.47391540570553464,2.153097837807748,0.03147919711285077,-0.0008682556270166613,-5.47039000588866e-05,1419
event_driven,C5_qwen3,5,2022Q3,2,expanding,-0.7595661512250961,3.54782023282468,0.00040109676935121266,-0.0012513108682099597,-0.00037974649547206114,1419
event_driven,C5_qwen3,5,2022Q4,3,fixed,0.21234375946563722,-0.9012411912463242,0.36760873551584144,-0.00027629055586377683,0.0007036603811303411,1461
event_driven,C5_qwen3,5,2022Q4,3,expanding,-0.11780709279058973,0.5537644827876942,0.5798248343571499,-0.0006363174825603672,0.0003417022938617043,1461
event_driven,C5_qwen3,5,2023Q1,4,fixed,-0.012583177000221378,0.05586455314957105,0.9554566884613042,-0.0005904282661812347,0.0005225237880719018,1600
event_driven,C5_qwen3,5,2023Q1,4,expanding,-0.402547407442714,1.955552916581625,0.05069179015358364,-0.0011133504479640252,6.39205129170645e-07,1600
event_driven,C5_qwen3,5,2023Q2,5,fixed,0.10639512716791576,-0.603908995849302,0.5459806295057111,-0.0003179298035562427,0.000553478566643728,1792
event_driven,C5_qwen3,5,2023Q2,5,expanding,-0.25584570326439854,1.5623083122856691,0.11839204279625326,-0.0007606585097593462,8.63876959293627e-05,1792
event_driven,C5_qwen3,5,2023Q3,6,fixed,-0.2176127556248807,0.934135203694894,0.3504003413509844,-0.000742376203161076,0.0002325265052115954,1358
event_driven,C5_qwen3,5,2023Q3,6,expanding,-0.45909517551988455,2.0459507900195684,0.04095363213388513,-0.0010098352541562424,-3.208459073393568e-05,1358
event_driven,C5_qwen3,5,2023Q4,7,fixed,-0.3494404012630249,1.6743043171327496,0.09428123704440687,-0.001059331988467436,7.680071404484059e-05,1487
event_driven,C5_qwen3,5,2023Q4,7,expanding,-0.7056626312644948,3.383648343726961,0.0007339030027210581,-0.0016564713930708622,-0.0004620655301610571,1487
event_driven,C5_qwen3,5,2024Q1,8,fixed,-0.027099329205350492,0.13602148880263,0.8918217312536303,-0.0005298285295202945,0.0004416626991200647,1571
event_driven,C5_qwen3,5,2024Q1,8,expanding,-0.3301896867562594,1.7214117505109914,0.08537312637754733,-0.0008867591700991044,4.302565203925239e-05,1571
event_driven,C5_qwen3,5,2024Q2,9,fixed,-0.14968261666104127,0.8502196578904949,0.39531941344388255,-0.0005605448486480043,0.0002193889629496862,1749
event_driven,C5_qwen3,5,2024Q2,9,expanding,-0.5357579358502698,3.032322065763305,0.0024624915463804563,-0.0010238021119672667,-0.00022206978939756433,1749
event_driven,C5_qwen3,5,2024Q3,10,fixed,-0.1862416322589558,0.9774064109074289,0.3285287003231714,-0.0007295870676420241,0.00022612474302439924,1472
event_driven,C5_qwen3,5,2024Q3,10,expanding,-0.5662686391057862,3.29692358282807,0.001000811785930398,-0.0012912666331366437,-0.0003439007357554552,1472
event_driven,C5_qwen3,5,2024Q4,11,fixed,-0.3162226569534646,1.6769745509990204,0.09376359543402678,-0.0011376375622427588,6.908089083816362e-05,1447
event_driven,C5_qwen3,5,2024Q4,11,expanding,-0.729188894889311,4.0693315184417616,4.969601807559465e-05,-0.00187944320814035,-0.0006786281121916546,1447
event_driven,C5_qwen3,5,2025Q1,12,fixed,-0.6533753049431149,2.9076229126765094,0.003691348232416513,-0.0016984740111929116,-0.00034619909384948124,1624
event_driven,C5_qwen3,5,2025Q1,12,expanding,-0.9247536983597132,4.612341337634419,4.2938702867492215e-06,-0.0022135850867404144,-0.0009148780696548658,1624
event_driven,C5_qwen3,5,2025Q2,13,fixed,-0.4351235194162844,3.0655636035187044,0.0022045224474194058,-0.0010588460696869695,-0.0002380916275308425,1822
event_driven,C5_qwen3,5,2025Q2,13,expanding,-0.5530274752355646,4.120732782162059,3.946138238380593e-05,-0.0011777951233747504,-0.0004337882100868328,1822
event_driven,C5_qwen3,5,2025Q3,14,fixed,-0.28477879386262667,1.2866326764305251,0.198425069309788,-0.0009039134330213994,0.00014093273177214537,1470
event_driven,C5_qwen3,5,2025Q3,14,expanding,-0.5075324147428668,2.6693651835989565,0.007683206768794866,-0.001160756001437428,-0.00022265478454266808,1470
event_driven,C5_qwen3,5,2025Q4,15,fixed,-0.11582018736292257,0.4763267303998704,0.6339124609815403,-0.0008074414006325843,0.00043650351416265004,1470
event_driven,C5_qwen3,5,2025Q4,15,expanding,-0.35224429530440265,1.7420683864216664,0.08170576949590837,-0.0010381388259764128,2.4849808273670598e-05,1470
event_driven,C5_qwen3,10,2022Q1,0,fixed,0.13673454406920374,-0.784514144979175,0.4328529022960358,-0.0001670938315428165,0.0003991707643522154,1625
event_driven,C5_qwen3,10,2022Q1,0,expanding,-0.10605754197706001,1.1310947966818916,0.25818219733105385,-0.00029823195476107883,8.060549655567316e-05,1625
event_driven,C5_qwen3,10,2022Q2,1,fixed,0.39499214983748415,-2.0722961715669497,0.038384974111815726,1.9799548026327895e-05,0.0006763254764247365,1739
event_driven,C5_qwen3,10,2022Q2,1,expanding,-0.07172942662600221,0.7233205241145001,0.4695803186304628,-0.00031148227353487896,0.00014364126843703355,1739
event_driven,C5_qwen3,10,2022Q3,2,fixed,-0.7890109139354212,3.6998333664941656,0.00022400113736068493,-0.0007385122236291871,-0.0002339786038321109,1417
event_driven,C5_qwen3,10,2022Q3,2,expanding,-0.5373548088044826,4.323071439098462,1.6462703117206824e-05,-0.0005437941955503946,-0.00021607065307177058,1417
event_driven,C5_qwen3,10,2022Q4,3,fixed,0.28818929737062327,-1.600576811428788,0.10968746944081029,-6.861487674437399e-05,0.00048756731948120934,1458
event_driven,C5_qwen3,10,2022Q4,3,expanding,0.025730202242303823,-0.27497757268562595,0.783372455348257,-0.00014042918632944284,0.00018320334031620434,1458
event_driven,C5_qwen3,10,2023Q1,4,fixed,-0.15768291110747165,1.0133372559820852,0.31105240461357425,-0.00039184391722191475,0.00012258419161913524,1600
event_driven,C5_qwen3,10,2023Q1,4,expanding,-0.2456724533435715,2.747708196757863,0.006068737456353329,-0.0003918458377853537,-7.222857848952709e-05,1600
event_driven,C5_qwen3,10,2023Q2,5,fixed,-0.009718913670681178,0.06561401810202158,0.9476924593930663,-0.00023903028638975479,0.00022212885600070693,1790
event_driven,C5_qwen3,10,2023Q2,5,expanding,-0.16246250106879215,1.9006156012128799,0.05751297815161673,-0.0002790906128758238,2.8924077593212253e-06,1790
event_driven,C5_qwen3,10,2023Q3,6,fixed,-0.3304678234585069,1.8100251454737188,0.0705131872356224,-0.000503885502103087,1.8430628817328213e-05,1357
event_driven,C5_qwen3,10,2023Q3,6,expanding,-0.24686045732775672,2.3572020530150115,0.018554696472234,-0.000341988060029125,-3.516297306134895e-05,1357
event_driven,C5_qwen3,10,2023Q4,7,fixed,0.1115123509257375,-0.7248249865826852,0.4686735934015136,-0.0001540291344808008,0.00035216358817203593,1486
event_driven,C5_qwen3,10,2023Q4,7,expanding,-0.12554058467483623,1.3962908597020625,0.1628355997593133,-0.0002705201079707578,3.8982600165071036e-05,1486
event_driven,C5_qwen3,10,2024Q1,8,fixed,0.056725012529697444,-0.38953521070102026,0.696933201548946,-0.00019548761921318793,0.00028408129802622267,1568
event_driven,C5_qwen3,10,2024Q1,8,expanding,-0.08000458424908363,0.9082214885082516,0.36390086664587024,-0.00020933979758010123,7.486691201935439e-05,1568
event_driven,C5_qwen3,10,2024Q2,9,fixed,-0.23569751211549603,1.0868674815697537,0.27724548459199294,-0.0005985666833502166,0.0001162598622267433,1746
event_driven,C5_qwen3,10,2024Q2,9,expanding,-0.33116785891528877,2.3347137112522565,0.019671280426266948,-0.0005214857946907369,-7.127514265772272e-05,1746
event_driven,C5_qwen3,10,2024Q3,10,fixed,-0.31789564831162037,1.775805332953197,0.07597184005268352,-0.0006926572721090112,1.9597152289809936e-05,1471
event_driven,C5_qwen3,10,2024Q3,10,expanding,-0.3448434981924765,3.289443509294667,0.0010276105508544553,-0.0006201331670147708,-0.0001687125908109455,1471
event_driven,C5_qwen3,10,2024Q4,11,fixed,-0.1043057831469174,0.7630736687835512,0.44554410355966667,-0.00042204992837328073,0.00017444694653365257,1445
event_driven,C5_qwen3,10,2024Q4,11,expanding,-0.2899767033723141,4.077575454975505,4.798978516820868e-05,-0.0005248930744940218,-0.00018808353188056433,1445
event_driven,C5_qwen3,10,2025Q1,12,fixed,-0.6094715047306609,3.2854497767820163,0.001039919063658879,-0.0011205585060824733,-0.00030802757149919275,1623
event_driven,C5_qwen3,10,2025Q1,12,expanding,-0.4381391648412735,4.650562909373039,3.578744645930178e-06,-0.0008383332111376266,-0.00036028260845608973,1623
event_driven,C5_qwen3,10,2025Q2,13,fixed,-0.16419293230519083,1.4579124861429908,0.14503710003740541,-0.0003983854636642655,4.8738698538141305e-05,1822
event_driven,C5_qwen3,10,2025Q2,13,expanding,-0.12075236731636788,2.2194038879103783,0.026582061517125107,-0.0002090288233817733,-1.703277414094532e-05,1822
event_driven,C5_qwen3,10,2025Q3,14,fixed,-0.28984138856763225,1.715506771745053,0.08646336676380292,-0.0005221875136060749,2.801504687254556e-05,1469
event_driven,C5_qwen3,10,2025Q3,14,expanding,-0.22426100848471447,2.9069214252889917,0.0037048433465237474,-0.000325393244338598,-7.114058808112496e-05,1469
event_driven,C5_qwen3,10,2025Q4,15,fixed,-0.08538517222269636,0.4932061862385967,0.6219451531987759,-0.00038900156101339,0.0002133045573948329,1385
event_driven,C5_qwen3,10,2025Q4,15,expanding,-0.12793309970653488,1.6432322331436309,0.10056203438888847,-0.00026909835676749825,1.4376243257539042e-05,1385
event_driven,C5_qwen3,20,2022Q1,0,fixed,-0.11832847208685837,0.40937031190534995,0.6823221079920393,-0.00041319581535943946,0.0002795624760272118,1619
event_driven,C5_qwen3,20,2022Q1,0,expanding,0.017034664327554298,-1.1522532889217396,0.2493872209508623,-9.260740436201456e-06,3.71657818687376e-05,1619
event_driven,C5_qwen3,20,2022Q2,1,fixed,0.44238629652717354,-1.334776492504287,0.18212453364389578,-0.00010730214154002036,0.000563840770390213,1737
event_driven,C5_qwen3,20,2022Q2,1,expanding,0.007361191503215697,-0.4669523435943115,0.6405925722063229,-1.8235476762144413e-05,3.170452958825614e-05,1737
event_driven,C5_qwen3,20,2022Q3,2,fixed,-1.7600955882208664,5.585040918969622,2.798805918837534e-08,-0.0011180767515302562,-0.0005583308689170677,1413
event_driven,C5_qwen3,20,2022Q3,2,expanding,0.09156845030033096,-4.857651298053382,1.3202376211156108e-06,3.1753835085716925e-05,7.167754333808786e-05,1413
event_driven,C5_qwen3,20,2022Q4,3,fixed,-0.09344058284763639,0.29632571248149747,0.767023611891095,-0.00037302498651125,0.000258736035569134,1457
event_driven,C5_qwen3,20,2022Q4,3,expanding,0.013509648741724698,-0.4217786945698913,0.6732488222344863,-2.407072788291037e-05,4.169790592469125e-05,1457
event_driven,C5_qwen3,20,2023Q1,4,fixed,-0.5628016879221266,2.2739714278970213,0.023099735338080876,-0.0006728111626948852,-6.302477914481384e-05,1600
event_driven,C5_qwen3,20,2023Q1,4,expanding,0.07407607297075831,-3.3335024023124284,0.0008771941466499881,2.275083423042453e-05,8.203686092414428e-05,1600
event_driven,C5_qwen3,20,2023Q2,5,fixed,0.18107017294710395,-0.8540865398236639,0.3931715812657732,-0.0001325831934274084,0.0003356958761149508,1787
event_driven,C5_qwen3,20,2023Q2,5,expanding,0.017066540036099594,-0.6142757797466402,0.53911134350293,-1.8938961356447354e-05,3.944646449838194e-05,1787
event_driven,C5_qwen3,20,2023Q3,6,fixed,-1.0871107022419175,4.7387584194101455,2.3770660174887926e-06,-0.0009251950330152997,-0.00039387737286719236,1354
event_driven,C5_qwen3,20,2023Q3,6,expanding,0.11582912480873654,-4.423671557212044,1.0481846697103544e-05,3.501235591720698e-05,9.296750995485928e-05,1354
event_driven,C5_qwen3,20,2023Q4,7,fixed,-0.15018303167163619,0.6006562279293404,0.5481606999818999,-0.00040323785646895145,0.0001910941169744671,1485
event_driven,C5_qwen3,20,2023Q4,7,expanding,0.07439346969900185,-2.086265364988279,0.03712498178876713,5.092383176410419e-06,8.621874294390504e-05,1485
event_driven,C5_qwen3,20,2024Q1,8,fixed,-0.4865388864271151,1.5172150291268982,0.12941553291314978,-0.0008304740779875501,3.64246580260423e-05,1557
event_driven,C5_qwen3,20,2024Q1,8,expanding,0.09279124244113052,-1.8873887141620511,0.05929403322866364,8.899997372582963e-06,0.00013155024760779053,1557
event_driven,C5_qwen3,20,2024Q2,9,fixed,-0.30696039655286317,1.022756236459626,0.3065652034200515,-0.0005617481396394462,0.00014529692957406676,1742
event_driven,C5_qwen3,20,2024Q2,9,expanding,0.13153911768899942,-2.6862671970979295,0.00729421358296549,2.4728944805487912e-05,0.00012475436406051912,1742
event_driven,C5_qwen3,20,2024Q3,10,fixed,-0.6929056990250819,2.7036895084389556,0.006936483867342021,-0.0009206911014069512,-0.0001537524161437247,1471
event_driven,C5_qwen3,20,2024Q3,10,expanding,0.136311808058748,-3.158781095489458,0.0016165465033783754,4.434834929668485e-05,0.00017494472813021493,1471
event_driven,C5_qwen3,20,2024Q4,11,fixed,-0.012951380528098074,0.05550929439601605,0.9557404098896392,-0.0003236182363777917,0.0003145330337693616,1444
event_driven,C5_qwen3,20,2024Q4,11,expanding,0.12000693977181916,-3.3118609089262123,0.0009496930467266393,4.32702792822511e-05,0.00015821558084128437,1444
event_driven,C5_qwen3,20,2025Q1,12,fixed,-1.3375171712839045,4.747082903872191,2.245662035848659e-06,-0.0015317668022438468,-0.0006628425114571659,1620
event_driven,C5_qwen3,20,2025Q1,12,expanding,0.25537782570738454,-5.978316875669151,2.7680196665966862e-09,0.00019939530414081325,0.0003844078150898486,1620
event_driven,C5_qwen3,20,2025Q2,13,fixed,-0.08019322507585877,0.470111054548815,0.6383320634327465,-0.00036034970940562874,0.00022117489623933438,1819
event_driven,C5_qwen3,20,2025Q2,13,expanding,0.046693694484010825,-0.9866376758797202,0.323951582512291,-3.282894810220033e-05,9.829788026305544e-05,1819
event_driven,C5_qwen3,20,2025Q3,14,fixed,-0.6037194944113239,1.9378758892798535,0.052830052966174164,-0.0008199016288974934,-2.717258175305511e-05,1468
event_driven,C5_qwen3,20,2025Q3,14,expanding,0.21256482426425116,-2.587636600991277,0.009759076954468319,4.32955713904363e-05,0.00025739702466657887,1468
event_driven,C5_qwen3,20,2025Q4,15,fixed,-0.34367903178505393,1.270938836404099,0.20400565577668736,-0.0005720871282276337,9.266206159709234e-05,1159
event_driven,C5_qwen3,20,2025Q4,15,expanding,0.15997270897227595,-2.0051549777638265,0.04517885630971391,1.115022323998796e-05,0.0002108611990245473,1159
event_driven,D2_gated_fusion,5,2022Q1,0,fixed,0.8508781847091553,-2.29909699241219,0.021625845859690702,0.0001403459510377452,0.0017450589530904395,1625
event_driven,D2_gated_fusion,5,2022Q1,0,expanding,0.7463625342888299,-1.071562696534517,0.284075712278719,-0.0007674972462709541,0.00279261270261467,1625
event_driven,D2_gated_fusion,5,2022Q2,1,fixed,2.1234875862400755,-5.099568389869133,3.775360919561282e-07,0.0016804236275752243,0.0037893105215146654,1742
event_driven,D2_gated_fusion,5,2022Q2,1,expanding,2.734371302026962,-3.6277306486145364,0.0002941668162713505,0.0019494504909739166,0.006689006216087012,1742
event_driven,D2_gated_fusion,5,2022Q3,2,fixed,0.06185682255818788,-0.15589350834853757,0.8761391516551114,-0.0006528110268821582,0.0008022528886215189,1419
event_driven,D2_gated_fusion,5,2022Q3,2,expanding,-0.6341847250425945,0.8178007523077725,0.4136083605577356,-0.002278404797561456,0.0009540540121084706,1419
event_driven,D2_gated_fusion,5,2022Q4,3,fixed,1.8507130597289854,-4.435802136613022,9.860553947658586e-06,0.0011139213648179538,0.0028179629116345853,1461
event_driven,D2_gated_fusion,5,2022Q4,3,expanding,2.832765189778528,-3.434671554596465,0.0006098911229646991,0.0015284933892890581,0.005260624439172266,1461
event_driven,D2_gated_fusion,5,2023Q1,4,fixed,-0.801939542904817,2.260573213612245,0.02391966271932923,-0.0018895518228955505,-0.00016146157980204874,1600
event_driven,D2_gated_fusion,5,2023Q1,4,expanding,-2.0242758310002316,2.822942437472037,0.004817440344713247,-0.004622353956710305,-0.0009062467385013395,1600
event_driven,D2_gated_fusion,5,2023Q2,5,fixed,0.3984998119836995,-1.359685090171498,0.17410074384524,-0.00020402381782143105,0.0011566330567031981,1792
event_driven,D2_gated_fusion,5,2023Q2,5,expanding,0.07404834251499283,-0.12348255493360355,0.9017388431560365,-0.0013720889898434963,0.001549837243622081,1792
event_driven,D2_gated_fusion,5,2023Q3,6,fixed,0.10148356267656965,-0.21918666925889937,0.8265376018581378,-0.0008244659507402545,0.0011488218226279336,1358
event_driven,D2_gated_fusion,5,2023Q3,6,expanding,-0.24554932670287916,0.2677540799841865,0.7889293100916935,-0.0021622310200071757,0.00176465462363512,1358
event_driven,D2_gated_fusion,5,2023Q4,7,fixed,0.4696851030020014,-1.4848369250516371,0.13779911731961186,-0.00022182459898115086,0.0015472920690299337,1487
event_driven,D2_gated_fusion,5,2023Q4,7,expanding,0.4847286601441886,-0.7615709671925552,0.4464369517200627,-0.0011456805249676393,0.0025919217993369006,1487
event_driven,D2_gated_fusion,5,2024Q1,8,fixed,0.809394691869502,-2.333740126808637,0.019734973697842655,0.0001851827482554311,0.001893388364336636,1571
event_driven,D2_gated_fusion,5,2024Q1,8,expanding,1.181340493166464,-1.6850417024569293,0.09217926130590524,-0.00021448012689193527,0.003304571531225016,1571
event_driven,D2_gated_fusion,5,2024Q2,9,fixed,0.34553850514782225,-1.144293866491835,0.25265845259862024,-0.00024962963714464425,0.0010445880188454549,1749
event_driven,D2_gated_fusion,5,2024Q2,9,expanding,-0.038055216181441504,0.06257198674057672,0.9501144907927652,-0.0013945347769886273,0.0012822663862864857,1749
event_driven,D2_gated_fusion,5,2024Q3,10,fixed,1.3904956634123495,-3.8660713553960933,0.000115422679485488,0.0009479622488981106,0.0027138451203263464,1472
event_driven,D2_gated_fusion,5,2024Q3,10,expanding,2.2595639964055505,-3.2517288198092147,0.0011730357632729603,0.0013975530938680908,0.0050394130248882715,1472
event_driven,D2_gated_fusion,5,2024Q4,11,fixed,0.7515793169681863,-1.818812905585344,0.06914674476559263,-1.1706125463710011e-05,0.002607662995861797,1447
event_driven,D2_gated_fusion,5,2024Q4,11,expanding,1.2242106750207433,-1.5126414529853585,0.13058927390505126,-0.0004485073573090311,0.00496670356714116,1447
event_driven,D2_gated_fusion,5,2025Q1,12,fixed,-0.3448921598574394,1.1027818166645829,0.2702854183690982,-0.0014382702054218932,0.0003924001686856694,1624
event_driven,D2_gated_fusion,5,2025Q1,12,expanding,-1.3126616727156382,2.1391553971461983,0.032571915758404055,-0.0041426937653607126,-0.00021149717905609157,1624
event_driven,D2_gated_fusion,5,2025Q2,13,fixed,-0.8169403466055166,2.7101555641128665,0.006788257190851992,-0.0020620308941971155,-0.0003820001300875409,1822
event_driven,D2_gated_fusion,5,2025Q2,13,expanding,-2.184861064772675,3.410968788201617,0.00066146616680533,-0.004919142369244216,-0.0014239969407700145,1822
event_driven,D2_gated_fusion,5,2025Q3,14,fixed,0.6380919568262287,-1.7363225247743106,0.08271647355281876,-5.8951674403811854e-05,0.0016587654656138816,1470
event_driven,D2_gated_fusion,5,2025Q3,14,expanding,0.7947792377935595,-1.1034589226144174,0.2700086466784702,-0.0006838133516147395,0.002840374067027607,1470
event_driven,D2_gated_fusion,5,2025Q4,15,fixed,0.8878846239882819,-2.319176161753781,0.02052207811632252,0.00020235188336773435,0.0021877732287513395,1470
event_driven,D2_gated_fusion,5,2025Q4,15,expanding,1.44632097395931,-1.9320489476100575,0.053545562000148865,-2.374453701920391e-05,0.0040626742569799664,1470
event_driven,D2_gated_fusion,10,2022Q1,0,fixed,-1.6758785105510348,3.276126976903096,0.001074600314605579,-0.0022299188719149877,-0.0005471426596815967,1625
event_driven,D2_gated_fusion,10,2022Q1,0,expanding,-12.112717580607116,9.262524549569163,6.12107084515014e-20,-0.015188874691401063,-0.009980232935705765,1625
event_driven,D2_gated_fusion,10,2022Q2,1,fixed,0.5782071102101264,-1.6877845594599117,0.09163201224665726,-4.6460417307935684e-05,0.0010550265922226881,1739
event_driven,D2_gated_fusion,10,2022Q2,1,expanding,-6.261416496019593,8.749935486813701,4.947886630656713e-18,-0.008826061491045041,-0.005744703614363777,1739
event_driven,D2_gated_fusion,10,2022Q3,2,fixed,0.7499849420929648,-1.383803680062758,0.166636659770984,-0.0001674542970487575,0.0011432606164385815,1417
event_driven,D2_gated_fusion,10,2022Q3,2,expanding,-3.9691201329278583,4.0622290983321285,5.127154359983729e-05,-0.004181552593228639,-0.0014434740909773027,1417
event_driven,D2_gated_fusion,10,2022Q4,3,fixed,0.5556780039218725,-1.2799893791715506,0.2007526297877334,-0.00021887444232408194,0.0009928644055549431,1458
event_driven,D2_gated_fusion,10,2022Q4,3,expanding,-4.455826832126883,4.408676583092798,1.116296199201109e-05,-0.005491610106888625,-0.002176577577463454,1458
event_driven,D2_gated_fusion,10,2023Q1,4,fixed,-1.205645244530952,1.7365490153882925,0.08265939872522962,-0.002342764552102905,9.679857279100093e-07,1600
event_driven,D2_gated_fusion,10,2023Q1,4,expanding,-7.768608350414263,4.699086887139411,2.837392387268192e-06,-0.010451509694604347,-0.0044777582592768275,1600
event_driven,D2_gated_fusion,10,2023Q2,5,fixed,0.21376039808494635,-0.6744568153052615,0.5001080748630918,-0.00033971537580344406,0.0006587477757328603,1790
event_driven,D2_gated_fusion,10,2023Q2,5,expanding,-3.317111388904591,4.199914784975246,2.801467466569318e-05,-0.004158078515191804,-0.001535342872077959,1790
event_driven,D2_gated_fusion,10,2023Q3,6,fixed,0.13018273655382506,-0.38019071867195126,0.7038633901618129,-0.0003986369984495522,0.0006055018051071619,1357
event_driven,D2_gated_fusion,10,2023Q3,6,expanding,-1.6563896036722467,2.6538196560344662,0.008051676693309301,-0.0021921527390190744,-0.0003746067060679116,1357
event_driven,D2_gated_fusion,10,2023Q4,7,fixed,0.6410689794128432,-2.244393435108016,0.02495386169546711,9.82393889274536e-05,0.0010457129764650098,1486
event_driven,D2_gated_fusion,10,2023Q4,7,expanding,-2.060201160335811,2.9960386586103276,0.0027804489504111704,-0.00303240517110388,-0.0006623128167518209,1486
event_driven,D2_gated_fusion,10,2024Q1,8,fixed,1.7292371327039495,-5.2106770258591135,2.131487503280445e-07,0.0009106400867229657,0.002021184367310059,1568
event_driven,D2_gated_fusion,10,2024Q1,8,expanding,-0.7315009117230352,1.002052464621837,0.31647296291746363,-0.001768564392948101,0.0005640818125915411,1568
event_driven,D2_gated_fusion,10,2024Q2,9,fixed,1.2015407494242842,-4.420172484071901,1.0469449009607082e-05,0.0005822475418053234,0.0014701187330229282,1746
event_driven,D2_gated_fusion,10,2024Q2,9,expanding,0.2835425446085722,-0.49357484010780694,0.6216685865467746,-0.0006526550927317897,0.001121154636594526,1746
event_driven,D2_gated_fusion,10,2024Q3,10,fixed,0.7443292990938484,-2.3912472672172864,0.0169163577188825,0.0001193971631330899,0.0013332334564764533,1471
event_driven,D2_gated_fusion,10,2024Q3,10,expanding,-1.4615236110977283,2.2646896172570528,0.023676818571647263,-0.002981643102241171,-0.0002521735354577544,1471
event_driven,D2_gated_fusion,10,2024Q4,11,fixed,0.7252070465716559,-2.1871618004072526,0.02889064850777516,0.00014203627282953298,0.0015749863313793894,1445
event_driven,D2_gated_fusion,10,2024Q4,11,expanding,-1.9278889601497777,3.1104261106819213,0.0019047356676487137,-0.0037937046869136112,-0.0009149569648296556,1445
event_driven,D2_gated_fusion,10,2025Q1,12,fixed,-1.911070851495773,4.30158856637966,1.7969337703754867e-05,-0.003262225878612049,-0.0012603373070891905,1623
event_driven,D2_gated_fusion,10,2025Q1,12,expanding,-8.035822297790922,7.667228031261667,3.0092670841046326e-14,-0.013716706571137586,-0.008178464148392378,1623
event_driven,D2_gated_fusion,10,2025Q2,13,fixed,1.1056444102786036,-2.566777728974647,0.010344114614127358,0.00029973872541215176,0.0019045818847118023,1822
event_driven,D2_gated_fusion,10,2025Q2,13,expanding,-0.3460158011874766,0.3008412992380884,0.7635698580811073,-0.0024316706536680666,0.0015267823269774455,1822
event_driven,D2_gated_fusion,10,2025Q3,14,fixed,0.6149125862926383,-1.769180301245671,0.07707138670091886,-2.8587950954587058e-05,0.0011038826061599385,1469
event_driven,D2_gated_fusion,10,2025Q3,14,expanding,-1.0361100950622726,1.743647024285383,0.08142999086069622,-0.0019160792994456066,6.913805203577626e-05,1469
event_driven,D2_gated_fusion,10,2025Q4,15,fixed,0.07671367043641852,-0.244435027969093,0.8069301481925422,-0.000494303187323721,0.0006291826958134598,1385
event_driven,D2_gated_fusion,10,2025Q4,15,expanding,-1.6664499752211133,2.9014942009499474,0.003772624599251462,-0.002604436320092514,-0.0004810082359967337,1385
event_driven,D2_gated_fusion,20,2022Q1,0,fixed,2.129587110262367,-1.5232635580668292,0.12788819393965625,-0.0003164378421026924,0.00296671016592808,1619
event_driven,D2_gated_fusion,20,2022Q1,0,expanding,-3.5837664699956084,2.4515367674092667,0.014329859766853466,-0.005178217434003421,-0.0005718768568824831,1619
event_driven,D2_gated_fusion,20,2022Q2,1,fixed,-15.457857314234015,9.220411019915396,8.305489984218954e-20,-0.009959678507021768,-0.00647073948927027,1737
event_driven,D2_gated_fusion,20,2022Q2,1,expanding,9.673867796680694,-9.107314208373543,2.2578368975981046e-19,0.006188945827706059,0.009551986522803563,1737
event_driven,D2_gated_fusion,20,2022Q3,2,fixed,-8.136043326746568,3.750171347705238,0.00018385811926881375,-0.005931052573148622,-0.0018673037975586381,1413
event_driven,D2_gated_fusion,20,2022Q3,2,expanding,9.336733722535088,-5.822133949561912,7.181842446897292e-09,0.0034922531102144286,0.007025437967522241,1413
event_driven,D2_gated_fusion,20,2022Q4,3,fixed,-7.423076416725515,4.994506593538602,6.610931077235164e-07,-0.005138619322554134,-0.002233674905304569,1457
event_driven,D2_gated_fusion,20,2022Q4,3,expanding,6.209027690923798,-6.04120860573199,1.93909898000393e-09,0.002281847941191133,0.004356153586136726,1457
event_driven,D2_gated_fusion,20,2023Q1,4,fixed,0.4307747222844883,-0.4175305857265337,0.6763464125857789,-0.0009925251933149885,0.0015208210170971858,1600
event_driven,D2_gated_fusion,20,2023Q1,4,expanding,-2.427906036221548,2.5350150589890252,0.011338883571847501,-0.0030159912040714793,-0.0004254794811348326,1600
event_driven,D2_gated_fusion,20,2023Q2,5,fixed,-0.6710331961619642,0.6588808391999935,0.5100572244284799,-0.0015053559313478887,0.0006754590519717079,1787
event_driven,D2_gated_fusion,20,2023Q2,5,expanding,3.247499122535872,-3.633534555118494,0.00028746794279880855,0.000873441132174156,0.0027231092831456294,1787
event_driven,D2_gated_fusion,20,2023Q3,6,fixed,2.3698076217236754,-2.7120389006086456,0.006771781379592725,0.0004205856544610974,0.002486500614596363,1354
event_driven,D2_gated_fusion,20,2023Q3,6,expanding,2.3999138445723815,-1.9717917680583132,0.048836825084642044,-1.4563936413615714e-05,0.002698953391317115,1354
event_driven,D2_gated_fusion,20,2023Q4,7,fixed,-3.5971566332320712,3.0031255832068204,0.0027169264023187774,-0.003702772703835602,-0.0007996693358854637,1485
event_driven,D2_gated_fusion,20,2023Q4,7,expanding,4.311393168532196,-3.4623185228558713,0.0005507518294013274,0.0011731884087844515,0.003968893047215826,1485
event_driven,D2_gated_fusion,20,2024Q1,8,fixed,-8.41930379102283,6.489984754226827,1.1509544629783614e-10,-0.007767301667202155,-0.00428731415820398,1557
event_driven,D2_gated_fusion,20,2024Q1,8,expanding,3.8824503138537105,-4.983586464778981,6.938622211861975e-07,0.001563547484410188,0.0035651595348489278,1557
event_driven,D2_gated_fusion,20,2024Q2,9,fixed,-0.06590808660802865,0.069796899702313,0.9443633304925981,-0.0011955494883194452,0.0009364354159129729,1742
event_driven,D2_gated_fusion,20,2024Q2,9,expanding,1.8419176628344591,-1.6063861917542415,0.10837042425129706,-4.075544094674519e-05,0.002244740310794041,1742
event_driven,D2_gated_fusion,20,2024Q3,10,fixed,-1.9585125185949102,1.5838894638782366,0.1134339718003612,-0.003325646073581922,0.00027988033855386255,1471
event_driven,D2_gated_fusion,20,2024Q3,10,expanding,5.35438284580352,-3.9821981564745155,7.16178592180149e-05,0.0022059827142593743,0.006231824804737625,1471
event_driven,D2_gated_fusion,20,2024Q4,11,fixed,-4.4550191026854336,3.9567171951120272,7.967855450017008e-05,-0.004783379267887683,-0.0017548826026518457,1444
event_driven,D2_gated_fusion,20,2024Q4,11,expanding,6.608796116226508,-4.668918048854847,3.3093339568545395e-06,0.0033335323608750496,0.007747883925596782,1444
event_driven,D2_gated_fusion,20,2025Q1,12,fixed,-4.948030575697233,3.5937258677105577,0.0003357421070337272,-0.00618560409388972,-0.001857826110305561,1620
event_driven,D2_gated_fusion,20,2025Q1,12,expanding,0.7350582879351629,-0.7130787042934813,0.47589982106306866,-0.0014784686836602267,0.0030463957982907472,1620
event_driven,D2_gated_fusion,20,2025Q2,13,fixed,3.029369628916386,-3.063171306917971,0.002222184444701422,0.0008978917415474409,0.0042613485188492785,1819
event_driven,D2_gated_fusion,20,2025Q2,13,expanding,0.09799485828027626,-0.11599206386469853,0.9076716419830613,-0.0009966186156815647,0.0012509495709062757,1819
event_driven,D2_gated_fusion,20,2025Q3,14,fixed,-1.1380307157341603,1.1862313449020698,0.23572303187086868,-0.0020033382774133834,0.0004650122067048748,1468
event_driven,D2_gated_fusion,20,2025Q3,14,expanding,4.90815746751633,-5.460679079662944,5.563009247720513e-08,0.0021160708241648807,0.004508558993703804,1468
event_driven,D2_gated_fusion,20,2025Q4,15,fixed,-2.9727406344768226,2.8709140016566477,0.004167369254689352,-0.0031491350389285327,-0.0006645234103739418,1159
event_driven,D2_gated_fusion,20,2025Q4,15,expanding,4.79843871252375,-4.558262009467053,5.705112026703158e-06,0.0018878217643436151,0.0044897151610871254,1159
