disc,model,h,target_pct,kappa1,delta,delta_negative,converged,rel1_achieved,g1,g_firm,g_star,n_test,n_test2,n_days,mde_rel_pct,har_rel,har_dm,har_p,har_kappa,firm_rel,firm_dm,firm_p,firm_kappa,pool_rel,pool_dm,pool_p,pool_kappa,har_holm,firm_holm,pool_holm,har_detect,firm_detect,pool_detect,all3_detect,n_seeds,qR1,se_daily,har0_rel,har0_dm,har0_holm,har0_detect,firm0_rel,firm0_dm,firm0_holm,firm0_detect,pool0_rel,pool0_dm,pool0_holm,pool0_detect
long_form,B1_bow_ridge,5,0.3,-0.0078125,-0.07309309706654564,True,True,0.30435087350542767,0.10688423823233704,-0.007692493794306951,0.08971840266364949,7951,7550,809,1.1077234659105355,0.30435087350542767,-0.7324746146161714,0.4640913488596888,-0.0078125,-0.04572250046269262,-0.4949585202378007,0.6207668536269969,0.0005622681955910779,-0.27448907975157394,0.7023601667233309,0.4826612075138598,-0.006557795914549558,1.0,1.0,1.0,False,False,False,False,1,0.12086879176314268,0.00047817570332959715,1.6453166106838288,-3.8343062389023346,0.0050213447569775116,True,-0.13846094021214841,2.577260531090889,0.19263544773614472,False,0.8702402004086593,-2.4894682164675017,0.5199143710514876,False
long_form,B1_bow_ridge,5,0.5,-0.006640625000000001,-0.0621291325065638,True,True,0.5062909274864744,0.10688423823233704,-0.007692493794306951,0.08971840266364949,7951,7550,809,1.1077234659105355,0.5062909274864744,-1.1903251453682637,0.23426822291365595,-0.006640625000000001,-0.059629185599511074,-0.04786222676153721,0.9618381251335933,0.0004779279662524163,-0.10220028746648524,0.23813121802890766,0.8118409947116431,-0.005574126527367125,1.0,1.0,1.0,False,False,False,False,1,0.12086879176314268,0.00047817570332959715,1.6453166106838288,-3.8343062389023346,0.0050213447569775116,True,-0.13846094021214841,2.577260531090889,0.19263544773614472,False,0.8702402004086593,-2.4894682164675017,0.5199143710514876,False
long_form,B1_bow_ridge,5,1.0,-0.0037109375,-0.034719221106609174,True,True,1.0099123763706432,0.10688423823233704,-0.007692493794306951,0.08971840266364949,7951,7550,809,1.1077234659105355,1.0099123763706432,-2.349629067796135,0.019031923278481782,-0.0037109375,-0.0944021994192073,1.0940728872877186,0.27425606310369977,0.00026707739290576197,0.32762652465375497,-0.94822167451734,0.343306211025216,-0.00311495305941104,0.437734235405081,1.0,1.0,False,False,False,False,1,0.12086879176314268,0.00047817570332959715,1.6453166106838288,-3.8343062389023346,0.0050213447569775116,True,-0.13846094021214841,2.577260531090889,0.19263544773614472,False,0.8702402004086593,-2.4894682164675017,0.5199143710514876,False
long_form,B1_bow_ridge,10,0.3,-0.00703125,-0.12012904276011721,True,True,0.31797893801581273,0.058530808524301106,-0.10558163404256794,0.036611761712636526,7933,7167,803,0.8098215966030115,0.31797893801581273,-0.6325874704496244,0.5271833794797038,-0.00703125,-0.8073269474419733,-0.9212082486998707,0.3572321247434486,0.012683420630582691,-0.189753481589659,1.2951962815031581,0.19564324920648993,-0.004398135888300536,1.0,1.0,1.0,False,False,False,False,1,0.08729339051016716,0.00025247168884226333,1.4430793808168212,-4.14759093241594,0.0014501361479742404,True,-2.7204936922898173,1.5442329990067878,1.0,False,0.5055245411598753,-1.1633676149969525,1.0,False
long_form,B1_bow_ridge,10,0.5,-0.005859375,-0.100107535633431,True,True,0.5061533725381941,0.058530808524301106,-0.10558163404256794,0.036611761712636526,7933,7167,803,0.8098215966030115,0.5061533725381941,-1.1689198838112511,0.24278322696120627,-0.005859375,-1.1241042506578158,-0.5523465230439938,0.5808722968226054,0.010569517192152243,-0.07361956793261314,0.9293973453322943,0.35297636836616303,-0.0036651132402504456,1.0,1.0,1.0,False,False,False,False,1,0.08729339051016716,0.00025247168884226333,1.4430793808168212,-4.14759093241594,0.0014501361479742404,True,-2.7204936922898173,1.5442329990067878,1.0,False,0.5055245411598753,-1.1633676149969525,1.0,False
long_form,B1_bow_ridge,10,1.0,-0.0027343750000000003,-0.046716849962267805,True,True,1.0066650812340743,0.058530808524301106,-0.10558163404256794,0.036611761712636526,7933,7167,803,0.8098215966030115,1.0066650812340743,-2.6988249915167817,0.007104864191008536,-0.0027343750000000003,-1.9729158173583037,0.5117887621052637,0.6089465554171514,0.004932441356337714,0.2355735510734207,-0.13009609669721164,0.8965245981495857,-0.0017103861787835415,0.1776216047752134,1.0,1.0,False,False,False,False,1,0.08729339051016716,0.00025247168884226333,1.4430793808168212,-4.14759093241594,0.0014501361479742404,True,-2.7204936922898173,1.5442329990067878,1.0,False,0.5055245411598753,-1.1633676149969525,1.0,False
long_form,B1_bow_ridge,20,0.3,-0.02109375,-0.21421800570444607,True,True,0.30537602512187206,0.09846861346054536,-0.14454655811513725,0.10425029928935667,7902,7097,794,1.3756819215542182,0.30537602512187206,-0.43693567442384057,0.6622769500105484,-0.02109375,-1.5651995008381951,-0.6485422243800628,0.5168291881723837,0.03096447541086652,-1.092115691665332,2.1548043319447516,0.03148902314304878,-0.022332291207857617,1.0,1.0,1.0,False,False,False,False,1,0.07008297694567736,0.0003443281585459622,2.9855262769060005,-5.446405777397618,3.636120428275812e-06,True,-4.984587316943238,4.2774053810582195,0.001044042962021539,False,1.6075089729734726,-2.53254152467433,0.48396715288832387,False
long_form,B1_bow_ridge,20,0.5,-0.019531250000000003,-0.19835000528189453,True,True,0.5061267381410527,0.09846861346054536,-0.14454655811513725,0.10425029928935667,7902,7097,794,1.3756819215542182,0.5061267381410527,-0.7604303160262014,0.4472234378531362,-0.019531250000000003,-1.8139400797410616,-0.34459668850897157,0.7304924300676361,0.02867081056561715,-0.8897088170325529,1.8658750354328515,0.062441859024924856,-0.02067804741468298,1.0,1.0,1.0,False,False,False,False,1,0.07008297694567736,0.0003443281585459622,2.9855262769060005,-5.446405777397618,3.636120428275812e-06,True,-4.984587316943238,4.2774053810582195,0.001044042962021539,False,1.6075089729734726,-2.53254152467433,0.48396715288832387,False
long_form,B1_bow_ridge,20,1.0,-0.015625,-0.1586800042255156,True,True,1.0064456251099279,0.09846861346054536,-0.14454655811513725,0.10425029928935667,7902,7097,794,1.3756819215542182,1.0064456251099279,-1.6048706452256811,0.10892041843989166,-0.015625,-2.438965793673124,0.4573522802242011,0.6475478807551119,0.022936648452493713,-0.38539973633769564,1.1027196141843405,0.2704961789984734,-0.01654243793174638,1.0,1.0,1.0,False,False,False,False,1,0.07008297694567736,0.0003443281585459622,2.9855262769060005,-5.446405777397618,3.636120428275812e-06,True,-4.984587316943238,4.2774053810582195,0.001044042962021539,False,1.6075089729734726,-2.53254152467433,0.48396715288832387,False
long_form,B2_tfidf_ridge,5,0.3,-0.017578125,-0.0742219766455194,True,True,0.29796418141112196,0.23683180904696574,-0.03971274519881407,0.20990969852939378,7951,7550,809,1.672461278982603,0.29796418141112196,-0.6868372962209188,0.4923823323389796,-0.017578125,-0.12944111382399123,-0.7699056363170794,0.44158572997278034,0.0029475584466758403,-1.072675221142753,1.3344812947044764,0.18243018646385015,-0.015579912741916682,1.0,1.0,1.0,False,False,False,False,1,0.12086879176314268,0.0007219584787902412,3.3305014262665753,-5.3907848396946605,4.791079105402414e-06,True,-0.6147533787598136,4.190516371471096,0.0014865227275991512,False,1.6721243059592703,-3.578977270382337,0.02122556627617864,True
long_form,B2_tfidf_ridge,5,0.5,-0.01640625,-0.06927384486915143,True,True,0.502109772897314,0.23683180904696574,-0.03971274519881407,0.20990969852939378,7951,7550,809,1.672461278982603,0.502109772897314,-0.9864154953519637,0.3242245472163667,-0.01640625,-0.16174063165064972,-0.46079147594989983,0.6450748779527734,0.0027510545502307843,-0.8880799685207152,1.0322919450388328,0.3022508883267227,-0.01454125189245557,1.0,1.0,1.0,False,False,False,False,1,0.12086879176314268,0.0007219584787902412,3.3305014262665753,-5.3907848396946605,4.791079105402414e-06,True,-0.6147533787598136,4.190516371471096,0.0014865227275991512,False,1.6721243059592703,-3.578977270382337,0.02122556627617864,True
long_form,B2_tfidf_ridge,5,1.0,-0.0134765625,-0.056903515428231535,True,True,1.0112355054844442,0.23683180904696574,-0.03971274519881407,0.20990969852939378,7951,7550,809,1.672461278982603,1.0112355054844442,-1.7470293504413408,0.08101217596907132,-0.0134765625,-0.24252355832588054,0.3286926214477291,0.7424750307930942,0.0022597948091181443,-0.427599408411335,0.25835456189896855,0.796200487855903,-0.011944599768802789,1.0,1.0,1.0,False,False,False,False,1,0.12086879176314268,0.0007219584787902412,3.3305014262665753,-5.3907848396946605,4.791079105402414e-06,True,-0.6147533787598136,4.190516371471096,0.0014865227275991512,False,1.6721243059592703,-3.578977270382337,0.02122556627617864,True
long_form,B2_tfidf_ridge,10,0.3,-0.019726562500000003,-0.11603136289235558,True,True,0.3094542750392245,0.17001060754841513,-0.1730985952932001,0.17176317215692477,7933,7167,803,1.2489949906115925,0.3094542750392245,-2.192463431566066,0.028632700772194035,-0.019726562500000003,-0.8719035271225928,0.17847584629725421,0.8583965412043589,0.020084865926622293,-1.2358905580304296,0.48951402214944933,0.624618160507096,-0.019929914960082284,1.0,1.0,1.0,False,False,False,False,1,0.08729339051016716,0.000389389312359644,3.4823316043620314,-8.89254432852136,2.613673357786865e-16,True,-3.892169412007764,7.022506519527929,3.2272887937847986e-10,False,1.9517436929438372,-5.758058001261585,8.377618741398458e-07,True
long_form,B2_tfidf_ridge,10,0.5,-0.018554687500000003,-0.10913841064132457,True,True,0.5000434128924942,0.17001060754841513,-0.1730985952932001,0.17176317215692477,7933,7167,803,1.2489949906115925,0.5000434128924942,-2.543136100256671,0.011173009126721749,-0.018554687500000003,-1.0492309564726732,0.5009141842743452,0.6165756102722844,0.018891705574545725,-1.0444035915180487,0.19619170910185943,0.8445122211011099,-0.018745959615918982,0.42457434681542644,1.0,1.0,False,False,False,False,1,0.08729339051016716,0.000389389312359644,3.4823316043620314,-8.89254432852136,2.613673357786865e-16,True,-3.892169412007764,7.022506519527929,3.2272887937847986e-10,False,1.9517436929438372,-5.758058001261585,8.377618741398458e-07,True
long_form,B2_tfidf_ridge,10,1.0,-0.0154296875,-0.09075720463857515,True,True,1.0069798170399837,0.17001060754841513,-0.1730985952932001,0.17176317215692477,7933,7167,803,1.2489949906115925,1.0069798170399837,-3.514643283398558,0.00046502831874780726,-0.0154296875,-1.5233944637794175,1.4143217130547092,0.15767431735769308,0.01570994463567486,-0.5350856108642914,-0.633499659153246,0.5265967495761645,-0.015588745364816834,0.01534593451867764,1.0,1.0,True,False,False,False,1,0.08729339051016716,0.000389389312359644,3.4823316043620314,-8.89254432852136,2.613673357786865e-16,True,-3.892169412007764,7.022506519527929,3.2272887937847986e-10,False,1.9517436929438372,-5.758058001261585,8.377618741398458e-07,True
long_form,B2_tfidf_ridge,20,0.3,-0.043750000000000004,-0.21401498929908605,True,True,0.3043188937998769,0.2044249337080748,-0.2592826237703912,0.302251006751192,7902,7097,794,1.8621823219487628,0.3043188937998769,-1.1293094623872058,0.2591088051260378,-0.043750000000000004,-2.0692658594461166,0.1486837029018997,0.8818424564868648,0.05549036795165922,-4.08437664121149,2.2370950863894996,0.02556779910229218,-0.06468624597549434,1.0,1.0,0.9460085667848107,False,False,False,False,1,0.07008297694567736,0.0004660974312063682,5.9198595954670425,-9.041621963712146,7.922715328281996e-17,True,-8.089490036358773,8.148036436520531,1.025295955840338e-13,False,4.012857915594649,-5.24198341869174,1.3786355443939742e-05,True
long_form,B2_tfidf_ridge,20,0.5,-0.0421875,-0.20637159682411868,True,True,0.5097161725351268,0.2044249337080748,-0.2592826237703912,0.302251006751192,7902,7097,794,1.8621823219487628,0.5097161725351268,-1.3708897799449362,0.17079717552387214,-0.0421875,-2.277028156078655,0.37858429786632763,0.7051017602009912,0.05350856909624282,-3.7846702257101135,2.025942310222476,0.04311775192574861,-0.062376022904940966,1.0,1.0,1.0,False,False,False,False,1,0.07008297694567736,0.0004660974312063682,5.9198595954670425,-9.041621963712146,7.922715328281996e-17,True,-8.089490036358773,8.148036436520531,1.025295955840338e-13,False,4.012857915594649,-5.24198341869174,1.3786355443939742e-05,True
long_form,B2_tfidf_ridge,20,1.0,-0.038476562500000006,-0.18821853969607122,True,True,0.9960899149735362,0.2044249337080748,-0.2592826237703912,0.302251006751192,7902,7097,794,1.8621823219487628,0.9960899149735362,-1.9609597008897564,0.050233348725636055,-0.038476562500000006,-2.772602078775592,0.9437016243204321,0.34562047100784665,0.04880179681462887,-3.0760152033814103,1.5051832754873589,0.1326902591940813,-0.05688924311237672,0.8539669283358129,1.0,1.0,False,False,False,False,1,0.07008297694567736,0.0004660974312063682,5.9198595954670425,-9.041621963712146,7.922715328281996e-17,True,-8.089490036358773,8.148036436520531,1.025295955840338e-13,False,4.012857915594649,-5.24198341869174,1.3786355443939742e-05,True
long_form,B3_lm_linear,5,0.3,-0.0011718750000000002,-0.0018273076182140546,True,True,0.2933946284468485,0.6413123812975448,0.1551644586069048,0.576651667307435,7951,7550,809,1.7047058749820838,0.2933946284468485,-2.277177521518293,0.023036208181536448,-0.0011718750000000002,0.16050253707753392,-1.528774844498377,0.12672004641936283,-0.0002835331972884565,-0.4050810713089373,-1.1967429021881808,0.23176533621471912,-0.0010537199847267126,1.0,1.0,1.0,False,False,False,False,1,0.12086879176314268,0.0007358776407879123,0.49466054503402973,-2.583028949055883,0.18939964407907517,False,0.20737098537938167,-1.8072493807800871,0.9243419237532751,False,-0.22090145237417086,-1.4896574156683038,1.0,False
long_form,B3_lm_linear,5,0.5,0.0,0.0,False,True,0.49466054503402973,0.6413123812975448,0.1551644586069048,0.576651667307435,7951,7550,809,1.7047058749820838,0.49466054503402973,-2.583028949055883,0.009968402319951325,0.0,0.20737098537938167,-1.8072493807800871,0.07110322490409808,0.0,-0.22090145237417086,-1.4896574156683038,0.13671294168504622,0.0,0.38876769047810167,1.0,1.0,False,False,False,False,1,0.12086879176314268,0.0007358776407879123,0.49466054503402973,-2.583028949055883,0.18939964407907517,False,0.20737098537938167,-1.8072493807800871,0.9243419237532751,False,-0.22090145237417086,-1.4896574156683038,1.0,False
long_form,B3_lm_linear,5,1.0,0.0029296875,0.004568269045535136,False,True,0.9965922521271133,0.6413123812975448,0.1551644586069048,0.576651667307435,7951,7550,809,1.7047058749820838,0.9965922521271133,-3.35030632106755,0.0008446701194534366,0.0029296875,0.3244706560320996,-2.5062194863336447,0.01240266896670116,0.0007088329932211411,0.23851680497410546,-2.225752472533633,0.026311876733314414,0.002634299961816781,0.026184773703056535,0.39688540693443713,0.8419800554660613,True,False,False,False,1,0.12086879176314268,0.0007358776407879123,0.49466054503402973,-2.583028949055883,0.18939964407907517,False,0.20737098537938167,-1.8072493807800871,0.9243419237532751,False,-0.22090145237417086,-1.4896574156683038,1.0,False
long_form,B3_lm_linear,10,0.3,-0.009375000000000001,-0.01587562787463604,True,True,0.29036512318391206,0.5905278250429469,0.07586186729171054,0.5399508571090039,7933,7167,803,1.7018113118532887,0.29036512318391206,-2.3766591933000094,0.017704000147946007,-0.009375000000000001,0.07721792477777983,-1.3592364856907986,0.17447220994174267,-0.00120435477499822,-0.7244556845053026,-0.8723318717455298,0.3833010593725065,-0.008572058878053325,0.8320880069534623,1.0,1.0,False,False,False,False,1,0.08729339051016716,0.000530560283643675,1.7940860314836526,-4.615395517081547,0.00019181329907463874,True,0.26052916835955614,-3.6299390954490334,0.011637319468429537,True,0.640650752913478,-3.034437804838625,0.12208084428254597,False
long_form,B3_lm_linear,10,0.5,-0.0080078125,-0.01356043214291828,True,True,0.5107149249222614,0.5905278250429469,0.07586186729171054,0.5399508571090039,7933,7167,803,1.7018113118532887,0.5107149249222614,-2.700742982026229,0.007064398603747929,-0.0080078125,0.10396780453440724,-1.6835624062214332,0.09267424385978612,-0.0010287197036443125,-0.5245022631125965,-1.1776804247698482,0.23929027315088072,-0.007321966958337213,0.28964034275366507,1.0,1.0,False,False,False,False,1,0.08729339051016716,0.000530560283643675,1.7940860314836526,-4.615395517081547,0.00019181329907463874,True,0.26052916835955614,-3.6299390954490334,0.011637319468429537,True,0.640650752913478,-3.034437804838625,0.12208084428254597,False
long_form,B3_lm_linear,10,1.0,-0.005078125000000001,-0.008599298432094522,True,True,0.9816764188184681,0.5905278250429469,0.07586186729171054,0.5399508571090039,7933,7167,803,1.7018113118532887,0.9816764188184681,-3.3997530916443433,0.00070778916519761,-0.005078125000000001,0.16126943795026502,-2.388847598643247,0.017142738107279246,-0.0006523588364573692,-0.09703791935299966,-1.8451917286573356,0.06539596975067709,-0.004643198558945551,0.02264925328632352,0.5142821432183774,1.0,True,False,False,False,1,0.08729339051016716,0.000530560283643675,1.7940860314836526,-4.615395517081547,0.00019181329907463874,True,0.26052916835955614,-3.6299390954490334,0.011637319468429537,True,0.640650752913478,-3.034437804838625,0.12208084428254597,False
long_form,B3_lm_linear,20,0.3,-0.025,-0.042981582989694865,True,True,0.3027092164521181,0.5816444686551895,-0.0023943901319894824,0.6092706897648019,7902,7097,794,1.8677183527999575,0.3027092164521181,-0.36272191082708577,0.7169092833941252,-0.025,-0.0053663574120180815,-0.4464103619935312,0.6554273475295048,0.00010291467816781238,-1.2556476671448449,1.6587174085011105,0.09758319302097189,-0.026187418715314468,1.0,1.0,1.0,False,False,False,False,1,0.07008297694567736,0.00046748307950106397,3.484928689567737,-4.69288743331623,0.00013641985839198668,True,-0.016889638928940735,3.465776861660725,0.018979514619009662,False,1.9268909711669004,-2.6424425427130447,0.3695798381796057,False
long_form,B3_lm_linear,20,0.5,-0.0234375,-0.040295234052838934,True,True,0.5042787312476179,0.5816444686551895,-0.0023943901319894824,0.6092706897648019,7902,7097,794,1.8677183527999575,0.5042787312476179,-0.6244446384124358,0.5325152253608313,-0.0234375,-0.006086519167240482,-0.2153432739621619,0.8295571658394741,9.64825107823241e-05,-1.053857625690697,1.406673501343194,0.15993085700031598,-0.024550705045607312,1.0,1.0,1.0,False,False,False,False,1,0.07008297694567736,0.00046748307950106397,3.484928689567737,-4.69288743331623,0.00013641985839198668,True,-0.016889638928940735,3.465776861660725,0.018979514619009662,False,1.9268909711669004,-2.6424425427130447,0.3695798381796057,False
long_form,B3_lm_linear,20,1.0,-0.019531250000000003,-0.03357936171069912,True,True,1.006634796524114,0.5816444686551895,-0.0023943901319894824,0.6092706897648019,7902,7097,794,1.8677183527999575,1.006634796524114,-1.288224935157968,0.19804342246023063,-0.019531250000000003,-0.007886948836420956,0.373872560661653,0.7086028605817897,8.040209231860344e-05,-0.551067962096917,0.762663184969423,0.4458996943195168,-0.020458920871339433,1.0,1.0,1.0,False,False,False,False,1,0.07008297694567736,0.00046748307950106397,3.484928689567737,-4.69288743331623,0.00013641985839198668,True,-0.016889638928940735,3.465776861660725,0.018979514619009662,False,1.9268909711669004,-2.6424425427130447,0.3695798381796057,False
long_form,B4_lm_features,5,0.3,0.0011718750000000002,0.008426969924165192,False,True,0.31346296996980455,0.13906244006395818,-0.19895660309228227,0.07650947498236418,7951,7550,809,0.20543904088779447,0.31346296996980455,-1.5163016873553503,0.12983419463705742,0.0011718750000000002,-0.4150483809844966,1.0851614603047564,0.2781807632668027,-0.0016766013104727341,0.13513352566140538,-0.904160269933071,0.3661857060084573,0.0006447430445900522,1.0,1.0,1.0,False,False,False,False,1,0.12086879176314268,8.868274518959494e-05,0.11279127264883795,1.020094388471287,1.0,False,-0.13892354113198738,-1.4120615526624298,1.0,False,0.02321054438689578,1.628283402949714,1.0,False
long_form,B4_lm_features,5,0.5,0.0023437500000000003,0.016853939848330383,False,True,0.5138552320535072,0.13906244006395818,-0.19895660309228227,0.07650947498236418,7951,7550,809,0.20543904088779447,0.5138552320535072,-4.1735732955047045,3.323925545258945e-05,0.0023437500000000003,-0.6917413161379923,3.787803526088473,0.00016350657633524274,-0.0033532026209454682,0.24696920203601555,-3.6010095259179686,0.0003367566618813926,0.0012894860891801043,0.0017949197944398304,0.008829355122103108,0.01549080644654406,True,False,True,False,1,0.12086879176314268,8.868274518959494e-05,0.11279127264883795,1.020094388471287,1.0,False,-0.13892354113198738,-1.4120615526624298,1.0,False,0.02321054438689578,1.628283402949714,1.0,False
long_form,B4_lm_features,5,1.0,0.005078125000000001,0.0365168696713825,False,True,0.9803514694555457,0.13906244006395818,-0.19895660309228227,0.07650947498236418,7951,7550,809,0.20543904088779447,0.9803514694555457,-10.120604128974977,9.497601394951491e-23,0.005078125000000001,-1.339570265396339,10.138344461569133,8.593552978507344e-23,-0.007265272345381848,0.5075797665369789,-9.76174852655132,2.4817438328851905e-21,0.002793886526556893,5.508608809071865e-21,4.984260727534259e-21,1.4145939847445585e-19,True,False,True,False,1,0.12086879176314268,8.868274518959494e-05,0.11279127264883795,1.020094388471287,1.0,False,-0.13892354113198738,-1.4120615526624298,1.0,False,0.02321054438689578,1.628283402949714,1.0,False
long_form,B4_lm_features,10,0.3,0.0078125,-0.038231781845230864,True,True,0.31755301472463293,-0.2043456941564065,-0.5556892992617466,-0.2612073080704082,7933,7167,803,0.5674618566116546,0.31755301472463293,-2.041720997470783,0.041505940873552846,0.0078125,0.38984071710211415,-1.1652546257908523,0.244279144152816,0.021244992063104304,0.8260225727111448,-2.742566442820179,0.006238643262951474,0.009986420818527858,1.0,1.0,0.27305784303157105,False,False,False,False,1,0.08729339051016716,0.00017691310517437732,-0.9221600983274052,3.316927343955919,0.027581859671321013,False,-2.7672721184718916,4.100921027127025,0.0020501274690566586,False,-0.7288209043307747,2.348403214369492,0.6878798537869635,False
long_form,B4_lm_features,10,0.5,0.008984375000000001,-0.043966549122015496,True,True,0.5025101063990614,-0.2043456941564065,-0.5556892992617466,-0.2612073080704082,7933,7167,803,0.5674618566116546,0.5025101063990614,-2.7874546806382656,0.00543802327760578,0.008984375000000001,0.8562406516627397,-1.8594882192670692,0.06334167380585665,0.02443174087256995,1.0576421591423752,-3.3951596744468717,0.0007212547665091938,0.011484383941307037,0.23383500093704854,1.0,0.03173520972640453,False,False,True,False,1,0.08729339051016716,0.00017691310517437732,-0.9221600983274052,3.316927343955919,0.027581859671321013,False,-2.7672721184718916,4.100921027127025,0.0020501274690566586,False,-0.7288209043307747,2.348403214369492,0.6878798537869635,False
long_form,B4_lm_features,10,1.0,0.012109375,-0.05925926186010784,True,True,0.9944565572283797,-0.2043456941564065,-0.5556892992617466,-0.2612073080704082,7933,7167,803,0.5674618566116546,0.9944565572283797,-4.6198398168151105,4.472729727817344e-06,0.012109375,2.0908766818943723,-3.516402129620734,0.00046321500861698186,0.03292973769781167,1.6732497876710755,-4.942252953862435,9.492750983227647e-07,0.01547895226871818,0.00019680010802396313,0.018528600344679274,4.55652047194927e-05,True,True,True,True,1,0.08729339051016716,0.00017691310517437732,-0.9221600983274052,3.316927343955919,0.027581859671321013,False,-2.7672721184718916,4.100921027127025,0.0020501274690566586,False,-0.7288209043307747,2.348403214369492,0.6878798537869635,False
long_form,B4_lm_features,20,0.3,0.017773437500000003,-0.09475791053822487,True,True,0.30209800691623573,-0.18756679414992258,-0.6475936297434571,-0.22462259103222285,7902,7097,794,0.6968187656066109,0.30209800691623573,-4.354348537061573,1.509545940057396e-05,0.017773437500000003,-0.5833245637166177,-2.996706479910905,0.0028174863912301153,0.06136461923235483,0.9374744267751194,-5.817807292082832,8.767479644161994e-09,0.021284767385895645,0.0008906321046338637,0.15777923790888645,5.348162582938816e-07,True,False,True,False,1,0.07008297694567736,0.0001744111910190124,-1.9204741365980287,3.3821524016415694,0.02414222307243494,False,-7.132788699177395,4.62143730361703,0.00023257170544813062,False,-1.5541543078803324,1.7807779573084412,1.0,False
long_form,B4_lm_features,20,0.5,0.019531250000000003,-0.10412957202002733,True,True,0.5194497993083429,-0.18756679414992258,-0.6475936297434571,-0.22462259103222285,7902,7097,794,0.6968187656066109,0.5194497993083429,-4.98745912107503,7.519491876879921e-07,0.019531250000000003,0.03672042789689575,-3.618126485490472,0.00031627342562534156,0.06743364750808223,1.1804732190186191,-6.4175460020267545,2.428951371231612e-10,0.023389854270214994,4.286110369821555e-05,0.01612994470689242,1.4816603364512832e-08,True,True,True,True,1,0.07008297694567736,0.0001744111910190124,-1.9204741365980287,3.3821524016415694,0.02414222307243494,False,-7.132788699177395,4.62143730361703,0.00023257170544813062,False,-1.5541543078803324,1.7807779573084412,1.0,False
long_form,B4_lm_features,20,1.0,0.0234375,-0.12495548642403277,True,True,1.0008712581869617,-0.18756679414992258,-0.6475936297434571,-0.22462259103222285,7902,7097,794,0.6968187656066109,1.0008712581869617,-6.265791148571253,6.081326723985997e-10,0.0234375,1.3969155067523027,-4.859867526974189,1.425897480245739e-06,0.08092037700969866,1.7182709033453296,-7.610890567032473,8.0294327989263e-14,0.028067825124257987,3.162289896472718e-08,6.844307905179547e-05,4.335893711420202e-12,True,True,True,True,1,0.07008297694567736,0.0001744111910190124,-1.9204741365980287,3.3821524016415694,0.02414222307243494,False,-7.132788699177395,4.62143730361703,0.00023257170544813062,False,-1.5541543078803324,1.7807779573084412,1.0,False
long_form,C1_bert_s1,5,0.3,-0.017968750000000002,-0.03293787715195572,True,True,0.3127613099899195,0.5455345503021614,0.24600011056854632,0.5592099902086031,7951,7550,809,2.9935194724616396,0.3127613099899195,-0.5554612284759515,0.5787329753170304,-0.017968750000000002,0.027783734924349327,1.5060434767180726,0.13245523247195023,-0.008102721421274304,-2.1893450923372,1.043670748938195,0.29695659943794184,-0.01841918995963733,1.0,1.0,1.0,False,False,False,False,3,0.12086879176314268,0.001292225291985281,3.4197884844353266,-3.25022593301281,0.033184784705243546,True,1.375679252652616,-1.2136597962230828,1.0,False,1.0875415902516692,-1.7136604465240008,1.0,False
long_form,C1_bert_s1,5,0.5,-0.016796875000000003,-0.030789754729002094,True,True,0.5174304437962686,0.5455345503021614,0.24600011056854632,0.5592099902086031,7951,7550,809,2.9935194724616396,0.5174304437962686,-0.7286642365665306,0.46641820825266983,-0.016796875000000003,0.11609944012941328,1.3340827446213817,0.18256069617789167,-0.007574283067712937,-1.9734054097998992,0.86884375760526,0.38519613726066204,-0.01721793844053055,1.0,1.0,1.0,False,False,False,False,3,0.12086879176314268,0.001292225291985281,3.4197884844353266,-3.25022593301281,0.033184784705243546,True,1.375679252652616,-1.2136597962230828,1.0,False,1.0875415902516692,-1.7136604465240008,1.0,False
long_form,C1_bert_s1,5,1.0,-0.0140625,-0.02577746907544361,True,True,0.9938837140673502,0.5455345503021614,0.24600011056854632,0.5592099902086031,7951,7550,809,2.9935194724616396,0.9938837140673502,-1.1347665701472678,0.2568096563065031,-0.0140625,0.32194697526055865,0.9293195404346659,0.3530070181312212,-0.006341260242736411,-1.4707591918734357,0.45759303832544584,0.6473705065879161,-0.01441501822928139,1.0,1.0,1.0,False,False,False,False,3,0.12086879176314268,0.001292225291985281,3.4197884844353266,-3.25022593301281,0.033184784705243546,True,1.375679252652616,-1.2136597962230828,1.0,False,1.0875415902516692,-1.7136604465240008,1.0,False
long_form,C1_bert_s1,10,0.3,0.0072265625,-0.05584191618168786,True,True,0.3077843808359277,-0.12941107673468044,-0.5707991543262166,-0.2528274504404943,7933,7167,803,0.838177998656425,0.3077843808359277,-0.3431006182314231,0.7316126791321209,0.0072265625,0.10819430184490797,-0.23849239416507545,0.8115630832118932,0.031874518532462905,2.1041318199235333,-2.167149142891987,0.030531387933052108,0.014118369295927925,1.0,1.0,1.0,False,False,False,False,3,0.08729339051016716,0.00026131214054909166,-0.8494885035576791,3.056213466134016,0.053264022478146315,False,-4.7508274926016805,3.398628218324335,0.02208148298698469,False,-0.11222989519218249,1.188121384556586,1.0,False
long_form,C1_bert_s1,10,0.5,0.008398437500000001,-0.06489736204898859,True,True,0.49450562955075067,-0.12941107673468044,-0.5707991543262166,-0.2528274504404943,7933,7167,803,0.838177998656425,0.49450562955075067,-0.8744289421588066,0.38214647409030156,0.008398437500000001,0.8778611369142646,-0.7895745757841257,0.43002091423013394,0.037043359375564994,2.4599842106066783,-2.6602288026158556,0.00797230167044789,0.01640783458715948,1.0,1.0,0.31091976514746766,False,False,False,False,3,0.08729339051016716,0.00026131214054909166,-0.8494885035576791,3.056213466134016,0.053264022478146315,False,-4.7508274926016805,3.398628218324335,0.02208148298698469,False,-0.11222989519218249,1.188121384556586,1.0,False
long_form,C1_bert_s1,10,1.0,0.0115234375,-0.08904521769512387,True,True,0.9911428036256708,-0.12941107673468044,-0.5707991543262166,-0.2528274504404943,7933,7167,803,0.838177998656425,0.9911428036256708,-2.235660743095595,0.02564843362282884,0.0115234375,2.905542345720759,-2.168559719887244,0.030423621535504673,0.05082693495717057,3.404086625600165,-3.883255198323658,0.00011197567558351534,0.022513075363776957,0.5386171060794056,0.8518614029941308,0.004926929725674675,False,False,True,False,3,0.08729339051016716,0.00026131214054909166,-0.8494885035576791,3.056213466134016,0.053264022478146315,False,-4.7508274926016805,3.398628218324335,0.02208148298698469,False,-0.11222989519218249,1.188121384556586,1.0,False
long_form,C1_bert_s1,20,0.3,-0.018945312500000002,-0.12162525888205554,True,True,0.2957435167110044,0.15576791099266613,-0.38533431934436474,0.24091291507622536,7902,7097,794,1.2745577812335693,0.2957435167110044,-1.913921281691983,0.05598990688032565,-0.018945312500000002,-1.374505747780771,0.4989657276592473,0.6179471627377666,0.046866386346399024,-2.6851219873842447,2.1020659969285185,0.03587426672218896,-0.02930109566417657,1.0,1.0,1.0,False,False,False,False,3,0.07008297694567736,0.0003190171557075926,2.701851217903616,-6.955445237850917,4.6336685967635607e-10,True,-6.487769596231946,6.287414110846445,3.47261344131778e-08,False,0.8963958620981477,-2.545497144777098,0.47762843929007875,False
long_form,C1_bert_s1,20,0.5,-0.0173828125,-0.11159430969590661,True,True,0.49615674173695784,0.15576791099266613,-0.38533431934436474,0.24091291507622536,7902,7097,794,1.2745577812335693,0.49615674173695784,-2.2934084287836334,0.022085287964780306,-0.0173828125,-1.7847521557646324,0.9023070307065725,0.36717816730309405,0.04300111736937642,-2.3850959665893345,1.7723262344413877,0.07673888327809647,-0.026884510454759942,0.7508997908025304,1.0,1.0,False,False,False,False,3,0.07008297694567736,0.0003190171557075926,2.701851217903616,-6.955445237850917,4.6336685967635607e-10,True,-6.487769596231946,6.287414110846445,3.47261344131778e-08,False,0.8963958620981477,-2.545497144777098,0.47762843929007875,False
long_form,C1_bert_s1,20,1.0,-0.0134765625,-0.08651693673053434,True,True,0.9956365943116176,0.15576791099266613,-0.38533431934436474,0.24091291507622536,7902,7097,794,1.2745577812335693,0.9956365943116176,-3.2768033649668844,0.0010955549898089422,-0.0134765625,-2.8193499629094507,1.9725688008594684,0.04890489557943357,0.03333794492681992,-1.6386931846023587,0.9025433279611091,0.36705277207606746,-0.020843047431218384,0.032866649694268266,1.0,1.0,True,False,False,False,3,0.07008297694567736,0.0003190171557075926,2.701851217903616,-6.955445237850917,4.6336685967635607e-10,True,-6.487769596231946,6.287414110846445,3.47261344131778e-08,False,0.8963958620981477,-2.545497144777098,0.47762843929007875,False
long_form,C2_finbert_s1,5,0.3,-0.009375000000000001,-0.027694648114276414,True,True,0.3062168342563622,0.3385130571551566,-0.04781011594071118,0.257427324783059,7951,7550,809,0.9534979763630267,0.3062168342563622,-0.28574479239743056,0.7751468322532216,-0.009375000000000001,-0.04906167506308257,-1.060265095020713,0.28934764858963213,0.0013240843372807536,-0.6101238090033904,2.155612553449854,0.03141492312318001,-0.007129359174866367,1.0,1.0,1.0,False,False,False,False,3,0.12086879176314268,0.00041160052982714513,1.8980797549289778,-4.532482283093675,0.00027512762129199524,True,-0.26767929084569136,3.3235703420730074,0.027296694281811966,False,0.6257345985468722,-2.30378669693651,0.7307629439618502,False
long_form,C2_finbert_s1,5,0.5,-0.008203125,-0.02423281709999186,True,True,0.5061700780188377,0.3385130571551566,-0.04781011594071118,0.257427324783059,7951,7550,809,0.9534979763630267,0.5061700780188377,-0.8318297198686773,0.40575083007339285,-0.008203125,-0.07636944056199312,-0.503007781964902,0.6150988266759222,0.0011585737951206594,-0.45505925025324717,1.5979906281784537,0.11044442564193087,-0.0062381892780080704,1.0,1.0,1.0,False,False,False,False,3,0.12086879176314268,0.00041160052982714513,1.8980797549289778,-4.532482283093675,0.00027512762129199524,True,-0.26767929084569136,3.3235703420730074,0.027296694281811966,False,0.6257345985468722,-2.30378669693651,0.7307629439618502,False
long_form,C2_finbert_s1,5,1.0,-0.0052734375,-0.01557823956428048,True,True,1.0048390719466094,0.3385130571551566,-0.04781011594071118,0.257427324783059,7951,7550,809,0.9534979763630267,1.0048390719466094,-2.1851645043282377,0.029163320912537097,-0.0052734375,-0.14466314670664485,0.8872864870640004,0.37519437747204815,0.0007447974397204239,-0.06812620637058668,0.19528198656829013,0.8452223478984328,-0.004010264535862331,0.583266418250742,1.0,1.0,False,False,False,False,3,0.12086879176314268,0.00041160052982714513,1.8980797549289778,-4.532482283093675,0.00027512762129199524,True,-0.26767929084569136,3.3235703420730074,0.027296694281811966,False,0.6257345985468722,-2.30378669693651,0.7307629439618502,False
long_form,C2_finbert_s1,10,0.3,-0.014453125,-0.09574496929517369,True,True,0.29555954890264,0.15095440634005775,-0.19350764963861644,0.13456980086639544,7933,7167,803,1.2679810062301617,0.29555954890264,-1.91780339562023,0.05549081181185663,-0.014453125,-0.3982797568258455,-0.16855048605589468,0.866194782210054,0.01852738397303056,-1.1238671911961131,0.9372981485973195,0.34890102212099156,-0.01288438145201067,1.0,1.0,1.0,False,False,False,False,3,0.08729339051016716,0.0003953084326297293,2.616103908476263,-6.669434417352422,2.916525718613056e-09,True,-3.179975910116078,4.9005707248331385,6.418310919072187e-05,False,0.9308660657027903,-3.286434440299808,0.05728943775094426,False
long_form,C2_finbert_s1,10,0.5,-0.013281250000000001,-0.0879818636766461,True,True,0.4852094704317064,0.15095440634005775,-0.19350764963861644,0.13456980086639544,7933,7167,803,1.2679810062301617,0.4852094704317064,-2.274115189546031,0.023222477175429888,-0.013281250000000001,-0.6214462449418012,0.179180332666409,0.8578435508808795,0.017025163650892947,-0.9560887586019088,0.6460624022621375,0.5184326952348641,-0.011839701874820615,0.7663417467891863,1.0,1.0,False,False,False,False,3,0.08729339051016716,0.0003953084326297293,2.616103908476263,-6.669434417352422,2.916525718613056e-09,True,-3.179975910116078,4.9005707248331385,6.418310919072187e-05,False,0.9308660657027903,-3.286434440299808,0.05728943775094426,False
long_form,C2_finbert_s1,10,1.0,-0.010156250000000002,-0.06728024869390585,True,True,0.9896481350857829,0.15095440634005775,-0.19350764963861644,0.13456980086639544,7933,7167,803,1.2679810062301617,0.9896481350857829,-3.2553026029321255,0.0011802295492325953,-0.010156250000000002,-1.218603253123128,1.1640206043856287,0.24477856035451798,0.013019242791859315,-0.509697717723055,-0.17518540010603684,0.8609803121445183,-0.009053889668980472,0.034226656927745264,1.0,1.0,True,False,False,False,3,0.08729339051016716,0.0003953084326297293,2.616103908476263,-6.669434417352422,2.916525718613056e-09,True,-3.179975910116078,4.9005707248331385,6.418310919072187e-05,False,0.9308660657027903,-3.286434440299808,0.05728943775094426,False
long_form,C2_finbert_s1,20,0.3,0.0072265625,0.03089140670795321,False,True,0.29917489685902954,0.23393439373997402,-0.23861609087549224,0.3539670855078182,7902,7097,794,2.819122425558464,0.29917489685902954,-1.2251229092817124,0.2208926774414047,0.0072265625,-0.8594030655162087,0.8883480592641024,0.3746331477177811,-0.007371186710296754,-4.2343841820890376,1.7423765514417449,0.08184496074286876,0.010934541199650863,1.0,1.0,1.0,False,False,False,False,3,0.07008297694567736,0.0007056160427051996,-0.5895801147380706,-0.3997749980374149,1.0,False,-0.014760063767369578,0.04487825611364158,1.0,False,-5.512946239041388,2.5122551801811888,0.5002506948205114,False
long_form,C2_finbert_s1,20,0.5,0.008984375000000001,0.03840553266394183,False,True,0.5142414022124246,0.23393439373997402,-0.23861609087549224,0.3539670855078182,7902,7097,794,2.819122425558464,0.5142414022124246,-1.428104845876248,0.15365538876809015,0.008984375000000001,-1.066027972420378,1.0945820333128313,0.27404475023205177,-0.00916417807226083,-3.9258767041021394,1.551419006709037,0.12121542457370164,0.013594294464430803,1.0,1.0,1.0,False,False,False,False,3,0.07008297694567736,0.0007056160427051996,-0.5895801147380706,-0.3997749980374149,1.0,False,-0.014760063767369578,0.04487825611364158,1.0,False,-5.512946239041388,2.5122551801811888,0.5002506948205114,False
long_form,C2_finbert_s1,20,1.0,0.012890625000000001,0.055103590343916535,False,True,0.9906044600559338,0.23393439373997402,-0.23861609087549224,0.3539670855078182,7902,7097,794,2.819122425558464,0.9906044600559338,-1.8813279115902,0.06029344565137729,0.012890625000000001,-1.526837930579542,1.553097042294033,0.12081407629941494,-0.013148603321069884,-3.2437895404678203,1.1228478391316452,0.2618548515907113,0.01950485727505289,0.9646951304220367,1.0,1.0,False,False,False,False,3,0.07008297694567736,0.0007056160427051996,-0.5895801147380706,-0.3997749980374149,1.0,False,-0.014760063767369578,0.04487825611364158,1.0,False,-5.512946239041388,2.5122551801811888,0.5002506948205114,False
long_form,C2_finbert_s2,5,0.3,-0.0052734375,-0.030157797860627684,True,True,0.3002709278168248,0.17486149102699247,-0.3059387792690308,0.061951868143284,7951,7550,809,0.5948288296577786,0.3002709278168248,-1.571252561448997,0.11651547982241932,-0.0052734375,-0.6931237966957808,-0.4092314252049172,0.682480617792844,0.009226439862922622,-0.10076223479989858,0.4517763402194842,0.651553963832644,-0.0018683319165534186,1.0,1.0,1.0,False,False,False,False,3,0.12086879176314268,0.0002567722926664997,1.2071218028091506,-5.56870288633452,1.922068552793202e-06,True,-2.1960332136751135,3.6328508181451458,0.011637319468429537,False,0.22437224128003347,-3.3824729986152815,0.04220537459170815,True
long_form,C2_finbert_s2,5,0.5,-0.0041015625,-0.02345606500271042,True,True,0.5022844781514499,0.17486149102699247,-0.3059387792690308,0.061951868143284,7951,7550,809,0.5948288296577786,0.5022844781514499,-2.4245740261901183,0.015544719500866066,-0.0041015625,-1.0256308048980476,0.44136189748745863,0.6590716400501316,0.0071761198933842614,-0.028446652559352234,-0.3541362962980637,0.7233311211977363,-0.0014531470462082145,0.5440651825303123,1.0,1.0,False,False,False,False,3,0.12086879176314268,0.0002567722926664997,1.2071218028091506,-5.56870288633452,1.922068552793202e-06,True,-2.1960332136751135,3.6328508181451458,0.011637319468429537,False,0.22437224128003347,-3.3824729986152815,0.04220537459170815,True
long_form,C2_finbert_s2,5,1.0,-0.0011718750000000002,-0.0067017328579172634,True,True,1.006090263194491,0.17486149102699247,-0.3059387792690308,0.061951868143284,7951,7550,809,0.5948288296577786,1.006090263194491,-4.650742668339988,3.862710086224944e-06,-0.0011718750000000002,-1.8605791447800175,2.6923265503220866,0.007245589639168614,0.0020503199695383607,0.15218359997400316,-2.4883247336603547,0.013039396446231885,-0.0004151848703452042,0.00017382195388012246,0.23910445809256425,0.48245766851057975,True,False,False,False,3,0.12086879176314268,0.0002567722926664997,1.2071218028091506,-5.56870288633452,1.922068552793202e-06,True,-2.1960332136751135,3.6328508181451458,0.011637319468429537,False,0.22437224128003347,-3.3824729986152815,0.04220537459170815,True
long_form,C2_finbert_s2,10,0.3,-0.0011718750000000002,-0.022218072606840094,True,True,0.29700938320306147,0.05274422407095855,-0.38594019222612447,-0.035015649022473096,7933,7167,803,0.2643941649732479,0.29700938320306147,-5.631978896639346,2.465053795083473e-08,-0.0011718750000000002,-2.4350564902682126,3.142302709519644,0.0017408703146138888,0.008574847212777856,-0.017707961377274713,2.974624557545967,0.0030257639385158908,0.0007779802323569366,1.5283333529517532e-06,0.09922960793299167,0.14221090511024687,True,False,False,False,3,0.08729339051016716,8.242808247006889e-05,0.4842468050173955,-7.585267080065719,5.8857674465665514e-12,True,-3.731575065572988,5.249726995785849,1.185152290316113e-05,False,-0.1401002232023973,4.970914452716033,5.26663343615977e-05,False
long_form,C2_finbert_s2,10,0.5,0.0,0.0,False,True,0.4842468050173955,0.05274422407095855,-0.38594019222612447,-0.035015649022473096,7933,7167,803,0.2643941649732479,0.4842468050173955,-7.585267080065719,9.196511635260237e-14,0.0,-3.731575065572988,5.249726995785849,1.9752538171935218e-07,-0.0,-0.1401002232023973,4.970914452716033,8.229114743999641e-07,-0.0,5.609872097508745e-12,1.1258946758003073e-05,4.608304256639799e-05,True,False,False,False,3,0.08729339051016716,8.242808247006889e-05,0.4842468050173955,-7.585267080065719,5.8857674465665514e-12,True,-3.731575065572988,5.249726995785849,1.185152290316113e-05,False,-0.1401002232023973,4.970914452716033,5.26663343615977e-05,False
long_form,C2_finbert_s2,10,1.0,0.003125,0.05924819361824025,False,True,0.9822626698839542,0.05274422407095855,-0.38594019222612447,-0.035015649022473096,7933,7167,803,0.2643941649732479,0.9822626698839542,-12.623970970550758,1.875269263915986e-33,0.003125,-7.2564057017042325,10.836701201134,1.4836287047009598e-25,-0.02286625923407428,-0.46703770134656325,10.580447374328509,1.6465362099200539e-24,-0.002074613952951831,1.1439142509887515e-31,9.050135098675855e-24,9.714563638528318e-23,True,False,False,False,3,0.08729339051016716,8.242808247006889e-05,0.4842468050173955,-7.585267080065719,5.8857674465665514e-12,True,-3.731575065572988,5.249726995785849,1.185152290316113e-05,False,-0.1401002232023973,4.970914452716033,5.26663343615977e-05,False
long_form,C2_finbert_s2,20,0.3,-0.010937500000000001,-0.05125063126943049,True,True,0.30179809382548056,0.21341200545414357,-0.41410615325782174,0.3166537542853216,7902,7097,794,0.9278384849766629,0.30179809382548056,-1.0571703726427786,0.2907557752292176,-0.010937500000000001,-1.4364982571292146,-0.7709113788585047,0.4409978007935361,0.021223201767018893,-2.5269017049769693,4.576035066049062,5.528766663870141e-06,-0.016228704800957863,1.0,1.0,0.00033172599983220845,False,False,False,False,3,0.07008297694567736,0.0002322345826854703,1.6781408721298514,-4.891023450517144,5.588274198638426e-05,True,-3.815308749341781,3.330076097342302,0.027296694281811966,False,-0.5757797334831154,0.9415246564195779,1.0,False
long_form,C2_finbert_s2,20,0.5,-0.009375000000000001,-0.04392911251665471,True,True,0.49947383383113714,0.21341200545414357,-0.41410615325782174,0.3166537542853216,7902,7097,794,0.9278384849766629,0.49947383383113714,-1.5834257323942273,0.1137231653369216,-0.009375000000000001,-1.7724534537053718,-0.20606466523916295,0.8367952974879362,0.01819131580030191,-2.245894428300068,4.103212388626435,4.512493687453576e-05,-0.013910318400821027,1.0,1.0,0.002211121906852252,False,False,False,False,3,0.07008297694567736,0.0002322345826854703,1.6781408721298514,-4.891023450517144,5.588274198638426e-05,True,-3.815308749341781,3.330076097342302,0.027296694281811966,False,-0.5757797334831154,0.9415246564195779,1.0,False
long_form,C2_finbert_s2,20,1.0,-0.0054687500000000005,-0.025625315634715245,True,True,0.992123055215185,0.21341200545414357,-0.41410615325782174,0.3166537542853216,7902,7097,794,0.9278384849766629,0.992123055215185,-2.9394616081062055,0.003383317017683494,-0.0054687500000000005,-2.6179849330941813,1.2535584435749025,0.21038600670355972,0.010611600883509447,-1.5466984241186406,2.8457697179884205,0.004549062323787862,-0.008114352400478931,0.09134955947745434,1.0,0.17741343062772663,False,False,False,False,3,0.07008297694567736,0.0002322345826854703,1.6781408721298514,-4.891023450517144,5.588274198638426e-05,True,-3.815308749341781,3.330076097342302,0.027296694281811966,False,-0.5757797334831154,0.9415246564195779,1.0,False
long_form,C2_finbert_s3,5,0.3,-0.015234375,-0.05355966965292183,True,True,0.3168771208013077,0.2844374339633165,-0.07554496420658215,0.2458934761410422,7951,7550,809,1.34925899439155,0.3168771208013077,-0.3926975175706307,0.6946464780358187,-0.015234375,-0.15404395259126727,-1.8332030087547668,0.06714804191771842,0.004046163326846344,-1.031753639891484,2.3243337803292308,0.020359994049629047,-0.013169973351922836,1.0,1.0,0.8143997619851618,False,False,False,False,3,0.12086879176314268,0.000582440372955927,2.9004903654007324,-5.355613060086284,5.673085415420248e-06,True,-0.8224170512679753,3.7698522689893847,0.0073710435868517684,False,1.2531674331711935,-2.864467021936873,0.20152409863765255,False
long_form,C2_finbert_s3,5,0.5,-0.0140625,-0.04943969506423554,True,True,0.5172810709915979,0.2844374339633165,-0.07554496420658215,0.2458934761410422,7951,7550,809,1.34925899439155,0.5172810709915979,-0.7662107521345898,0.4437746929141076,-0.0140625,-0.2053394005232774,-1.4224224846092464,0.15529785388401796,0.00373491999401201,-0.8546989161243576,1.9482583449640578,0.05173738064960347,-0.012156898478698004,1.0,1.0,1.0,False,False,False,False,3,0.12086879176314268,0.000582440372955927,2.9004903654007324,-5.355613060086284,5.673085415420248e-06,True,-0.8224170512679753,3.7698522689893847,0.0073710435868517684,False,1.2531674331711935,-2.864467021936873,0.20152409863765255,False
long_form,C2_finbert_s3,5,1.0,-0.011328125000000001,-0.03982642102396752,True,True,0.9838092931581005,0.2844374339633165,-0.07554496420658215,0.2458934761410422,7951,7550,809,1.34925899439155,0.9838092931581005,-1.6478483956433254,0.09977256181763937,-0.011328125000000001,-0.3251051339237438,-0.4439065180022008,0.6572315772861619,0.0030086855507318972,-0.4424098389971933,1.050871266727914,0.293638658149065,-0.00979305710784006,1.0,1.0,1.0,False,False,False,False,3,0.12086879176314268,0.000582440372955927,2.9004903654007324,-5.355613060086284,5.673085415420248e-06,True,-0.8224170512679753,3.7698522689893847,0.0073710435868517684,False,1.2531674331711935,-2.864467021936873,0.20152409863765255,False
long_form,C2_finbert_s3,10,0.3,-0.0125,-0.047658858116807506,True,True,0.31015123859347127,0.2622807279470197,-0.11056512887676186,0.28077928196590113,7933,7167,803,2.3576488492886045,0.31015123859347127,-2.920184960601062,0.0035962882655167557,-0.0125,-0.40855412880115105,1.3592340115240236,0.17447299337680944,0.0052694077898041295,-2.2616949797651316,-0.3807737083251734,0.7034768816144406,-0.013381619961351971,0.19060327807238805,1.0,1.0,False,False,False,False,3,0.08729339051016716,0.0007350255774528442,2.313052988747218,-5.259428352571835,9.276262669650139e-06,True,-1.206670508038,3.82357511163039,0.006116020622240302,False,-0.11873838320230805,-2.4863671243851564,0.5199143710514876,False
long_form,C2_finbert_s3,10,0.5,-0.011328125000000001,-0.04319084016835681,True,True,0.4991973544971071,0.2622807279470197,-0.11056512887676186,0.28077928196590113,7933,7167,803,2.3576488492886045,0.4991973544971071,-3.1288891349376864,0.0018181609977414013,-0.011328125000000001,-0.48315641531536113,1.5716726457515116,0.11643996917019131,0.004775400809509994,-2.059343489647639,-0.5626136611670727,0.573862816322646,-0.012127093089975225,0.08181724489836306,1.0,1.0,False,False,False,False,3,0.08729339051016716,0.0007350255774528442,2.313052988747218,-5.259428352571835,9.276262669650139e-06,True,-1.206670508038,3.82357511163039,0.006116020622240302,False,-0.11873838320230805,-2.4863671243851564,0.5199143710514876,False
long_form,C2_finbert_s3,10,1.0,-0.008203125,-0.031276125639154925,True,True,1.0020297107917195,0.2622807279470197,-0.11056512887676186,0.28077928196590113,7933,7167,803,2.3576488492886045,1.0020297107917195,-3.696812183307759,0.00023317782274391056,-0.008203125,-0.6823193983834921,2.157196233784347,0.03130115565801815,0.0034580488620589603,-1.52120747657926,-1.063232892588558,0.2880118525823898,-0.00878168809963723,0.008394401618780781,0.8518614029941308,1.0,True,False,False,False,3,0.08729339051016716,0.0007350255774528442,2.313052988747218,-5.259428352571835,9.276262669650139e-06,True,-1.206670508038,3.82357511163039,0.006116020622240302,False,-0.11873838320230805,-2.4863671243851564,0.5199143710514876,False
long_form,C2_finbert_s3,20,0.3,0.0349609375,0.11558287466773995,False,True,0.29774360546827333,0.3024750647576501,-0.23147393103501723,0.4609105833969095,7902,7097,794,3.646725451938932,0.29774360546827333,-1.2295831768871743,0.21921791653677788,0.0349609375,-2.329590231812827,1.6451123435404054,0.10035797919756222,-0.026754422359669478,-6.744496937942536,2.085948617480507,0.037314476528052774,0.05327337019379989,1.0,1.0,1.0,False,False,False,False,3,0.07008297694567736,0.0009127620563408966,-3.858988155388456,1.6763462370957918,0.9875218999540573,False,0.799378625448883,-1.492508153941691,1.0,False,-12.691421114410813,5.0579864743246,3.451515121399736e-05,False
long_form,C2_finbert_s3,20,0.5,0.03671875000000001,0.12139430412030791,False,True,0.502295829425056,0.3024750647576501,-0.23147393103501723,0.4609105833969095,7902,7097,794,3.646725451938932,0.502295829425056,-1.3700886109867383,0.17104700347954152,0.03671875000000001,-2.489648966874417,1.7852457261838102,0.07461808129630003,-0.02809961677998806,-6.4554477717889425,1.9407855977358286,0.05265178547647582,0.055951919533152976,1.0,1.0,1.0,False,False,False,False,3,0.07008297694567736,0.0009127620563408966,-3.858988155388456,1.6763462370957918,0.9875218999540573,False,0.799378625448883,-1.492508153941691,1.0,False,-12.691421114410813,5.0579864743246,3.451515121399736e-05,False
long_form,C2_finbert_s3,20,1.0,0.04101562500000001,0.1356000205599184,False,True,1.0005296967178914,0.3024750647576501,-0.23147393103501723,0.4609105833969095,7902,7097,794,3.646725451938932,1.0005296967178914,-1.7103053706484121,0.08760056130876721,0.04101562500000001,-2.88201093450847,2.119950116367861,0.03433203885185133,-0.03138786980743347,-5.752864300526098,1.5887428490260935,0.11253218039388915,0.06249948458490491,1.0,0.8926330101481346,1.0,False,False,False,False,3,0.07008297694567736,0.0009127620563408966,-3.858988155388456,1.6763462370957918,0.9875218999540573,False,0.799378625448883,-1.492508153941691,1.0,False,-12.691421114410813,5.0579864743246,3.451515121399736e-05,False
long_form,C2_finbert_s4,5,0.3,-0.006640625000000001,-0.022147473591398514,True,True,0.3060889486731183,0.2998366821658178,-0.021556953864037925,0.20423364735373056,7951,7550,809,1.0745147129919574,0.3060889486731183,-1.9725063404041274,0.048892408336916694,-0.006640625000000001,-0.03915940874964786,-0.04866984344656496,0.9611946947514164,0.0004774320664147761,-0.2893693141535871,-0.4339804074256021,0.6644210099925674,-0.004523259311241745,1.0,1.0,1.0,False,False,False,False,3,0.12086879176314268,0.0004638403396109211,1.456042297471254,-4.782417020812224,9.262214665126789e-05,True,-0.11785490488152484,2.623073432124869,0.1865184249771922,False,0.5047140601849898,-3.166038938110394,0.08491814399862824,False
long_form,C2_finbert_s4,5,0.5,-0.0054687500000000005,-0.01823909589879878,True,True,0.5096825713976946,0.2998366821658178,-0.021556953864037925,0.20423364735373056,7951,7550,809,1.0745147129919574,0.5096825713976946,-2.4581827857294587,0.014173067338050275,-0.0054687500000000005,-0.05304349759359895,0.4112642113567796,0.6809902085687902,0.0003931793488121686,-0.14892121258244892,-0.901305489446712,0.367700257041885,-0.003725037079846143,0.5244034915078601,1.0,1.0,False,False,False,False,3,0.12086879176314268,0.0004638403396109211,1.456042297471254,-4.782417020812224,9.262214665126789e-05,True,-0.11785490488152484,2.623073432124869,0.1865184249771922,False,0.5047140601849898,-3.166038938110394,0.08491814399862824,False
long_form,C2_finbert_s4,5,1.0,-0.0027343750000000003,-0.00911954794939939,True,True,0.983632690651813,0.2998366821658178,-0.021556953864037925,0.20423364735373056,7951,7550,809,1.0745147129919574,0.983632690651813,-3.6106373875551987,0.00032428158463702016,-0.0027343750000000003,-0.08544529078534638,1.5057976818466206,0.13251833005251157,0.0001965896744060843,0.17826461113475314,-2.018296253138895,0.043897492976727015,-0.0018625185399230716,0.011349855462295706,1.0,1.0,True,False,False,False,3,0.12086879176314268,0.0004638403396109211,1.456042297471254,-4.782417020812224,9.262214665126789e-05,True,-0.11785490488152484,2.623073432124869,0.1865184249771922,False,0.5047140601849898,-3.166038938110394,0.08491814399862824,False
long_form,C2_finbert_s4,10,0.3,-0.000390625,-0.007375674212586142,True,True,0.30176258176911963,0.052961260047714974,-0.4677382359126765,-0.03226934055382335,7933,7167,803,0.21517499904707757,0.30176258176911963,-5.979165994755465,3.374475775486856e-09,-0.000390625,-3.5507097464833204,3.7756593613356575,0.00017194946171044022,0.0034498848448616614,-0.02657645873126103,2.548883365415323,0.011001033221676006,0.0002380081429799951,2.1259197385567195e-07,0.010488917164336854,0.45104236208871623,True,False,False,False,3,0.08729339051016716,6.708341149943354e-05,0.3641750741609195,-6.815447840569015,1.1449359774035335e-09,True,-4.072630589054677,4.625460350800152,0.00023256434111951988,False,-0.06402919520254047,3.3036969366014377,0.054921386342542775,False
long_form,C2_finbert_s4,10,0.5,0.00078125,0.014751348425172284,False,True,0.4889124574845596,0.052961260047714974,-0.4677382359126765,-0.03226934055382335,7933,7167,803,0.21517499904707757,0.4889124574845596,-8.537398215769546,6.835425309308461e-17,0.00078125,-5.12314619373951,6.435209009833303,2.1739945085324481e-10,-0.006899769689723323,-0.13896671365070237,4.931228319265824,1.0027029168901172e-06,-0.0004760162859599902,4.237963691771246e-15,1.3261366502047934e-08,5.5148660428956444e-05,True,False,False,False,3,0.08729339051016716,6.708341149943354e-05,0.3641750741609195,-6.815447840569015,1.1449359774035335e-09,True,-4.072630589054677,4.625460350800152,0.00023256434111951988,False,-0.06402919520254047,3.3036969366014377,0.054921386342542775,False
long_form,C2_finbert_s4,10,1.0,0.00390625,0.07375674212586142,False,True,0.9866948666371912,0.052961260047714974,-0.4677382359126765,-0.03226934055382335,7933,7167,803,0.21517499904707757,0.9866948666371912,-15.116646651514419,1.3013390150049144e-45,0.00390625,-9.414695631145587,13.754636472316438,1.25671250131101e-38,-0.034498848448616615,-0.4391442325187379,12.238744412825234,1.39853930038536e-31,-0.002380081429799951,8.588837499032436e-44,8.042960008390464e-37,8.670943662389233e-30,True,False,False,False,3,0.08729339051016716,6.708341149943354e-05,0.3641750741609195,-6.815447840569015,1.1449359774035335e-09,True,-4.072630589054677,4.625460350800152,0.00023256434111951988,False,-0.06402919520254047,3.3036969366014377,0.054921386342542775,False
long_form,C2_finbert_s4,20,0.3,-0.021875000000000002,-0.17919812069048613,True,True,0.29142277744940964,0.12207159269143705,-0.2755583057515618,0.19001955037306922,7902,7097,794,1.3074508206628728,0.29142277744940964,-2.5383934496874674,0.01132647462728262,-0.021875000000000002,-1.5006388636121422,0.4194414113037987,0.6750114758364388,0.04937953053133425,-2.513584677436382,1.0730129479280253,0.28360410563004157,-0.03405114632130517,0.5602365809352517,1.0,1.0,False,False,False,False,3,0.07008297694567736,0.00032725016329329665,3.077890668338603,-8.335233951742445,2.2425422500133102e-14,True,-6.865752501014555,6.4937359676565025,9.948609844284433e-09,False,1.6630230712901755,-4.44651916864016,0.0006013003123545396,True
long_form,C2_finbert_s4,20,0.5,-0.020312500000000004,-0.16639825492688,True,True,0.4927645434508707,0.12207159269143705,-0.2755583057515618,0.19001955037306922,7902,7097,794,1.3074508206628728,0.4927645434508707,-2.9140261540191874,0.003668369317678747,-0.020312500000000004,-1.8727328783623287,0.7837069215180502,0.43345498933568916,0.04585242120766753,-2.209746804708765,0.7353291985386545,0.4623646945792503,-0.03161892158406909,0.16140824997786488,1.0,1.0,False,False,False,False,3,0.07008297694567736,0.00032725016329329665,3.077890668338603,-8.335233951742445,2.2425422500133102e-14,True,-6.865752501014555,6.4937359676565025,9.948609844284433e-09,False,1.6630230712901755,-4.44651916864016,0.0006013003123545396,True
long_form,C2_finbert_s4,20,1.0,-0.01640625,-0.1343985905178646,True,True,0.9945619514480192,0.12207159269143705,-0.2755583057515618,0.19001955037306922,7902,7097,794,1.3074508206628728,0.9945619514480192,-3.886229647788493,0.00011031916941942918,-0.01640625,-2.8104246612250616,1.7447000627108935,0.08143919168679135,0.03703464789850069,-1.4538729078425774,-0.1520262966843205,0.8792063312822115,-0.025538359740978876,0.004192128437938309,1.0,1.0,True,False,False,False,3,0.07008297694567736,0.00032725016329329665,3.077890668338603,-8.335233951742445,2.2425422500133102e-14,True,-6.865752501014555,6.4937359676565025,9.948609844284433e-09,False,1.6630230712901755,-4.44651916864016,0.0006013003123545396,True
long_form,C3_roberta_s1,5,0.3,0.0,0.0,False,True,0.2984200944419444,0.029926660534689998,-0.2799437062381701,-0.06659068516756321,7951,7550,809,0.1445712623782909,0.2984200944419444,-5.125421662535417,3.716936995353375e-07,0.0,-2.7785215147454543,3.713034055248291,0.00021916140840839133,-0.0,-0.34676519042358483,3.1281555368362817,0.0018235429093728744,-0.0,2.2673315671655588e-05,0.01314968450450348,0.08935360255927084,True,False,False,False,3,0.12086879176314268,6.240769216905824e-05,0.2984200944419444,-5.125421662535417,1.8212991277231538e-05,True,-2.7785215147454543,3.713034055248291,0.008985617744744044,False,-0.34676519042358483,3.1281555368362817,0.09117714546864372,False
long_form,C3_roberta_s1,5,0.5,0.0011718750000000002,0.03915822811708648,False,True,0.4985211722293039,0.029926660534689998,-0.2799437062381701,-0.06659068516756321,7951,7550,809,0.1445712623782909,0.4985211722293039,-8.548339629565607,6.196540233074591e-17,0.0011718750000000002,-4.611963805346312,7.243541492460306,1.0384427102363677e-12,-0.010962099508816912,-0.7999400342651138,6.79801542944687,2.0893303190347363e-11,-0.0026075732402645276,3.903820346836992e-15,6.43834480346548e-11,1.3162781009918838e-09,True,False,False,False,3,0.12086879176314268,6.240769216905824e-05,0.2984200944419444,-5.125421662535417,1.8212991277231538e-05,True,-2.7785215147454543,3.713034055248291,0.008985617744744044,False,-0.34676519042358483,3.1281555368362817,0.09117714546864372,False
long_form,C3_roberta_s1,5,1.0,0.0041015625,0.13705379840980267,False,True,0.9975553032856421,0.029926660534689998,-0.2799437062381701,-0.06659068516756321,7951,7550,809,0.1445712623782909,0.9975553032856421,-15.001984033587673,4.6201887756992615e-45,0.0041015625,-9.303516172684509,13.900388529217645,1.8395851356932137e-39,-0.038367348280859186,-1.9391337396716168,14.037006070772643,3.94963400183909e-40,-0.009126506340925844,3.00312270420452e-43,1.1957303382005889e-37,2.5277657611770176e-38,True,False,False,False,3,0.12086879176314268,6.240769216905824e-05,0.2984200944419444,-5.125421662535417,1.8212991277231538e-05,True,-2.7785215147454543,3.713034055248291,0.008985617744744044,False,-0.34676519042358483,3.1281555368362817,0.09117714546864372,False
long_form,C3_roberta_s1,10,0.3,-0.009765625000000002,-0.038480440302511236,True,True,0.2802928814230241,0.2537815296090231,-0.12174038905463568,0.2151651274085076,7933,7167,803,1.1054791724737283,0.2802928814230241,-1.5053241093500833,0.1326344918755828,-0.009765625000000002,-0.06698397309119974,-0.6753499609195026,0.49965752539584685,0.0046846237734214004,-0.890221937435616,1.1713760284231016,0.24181237284331666,-0.008279648840425301,1.0,1.0,1.0,False,False,False,False,3,0.08729339051016716,0.00034464651822716284,1.8417823495189571,-5.0618875454410714,2.4727349773829623e-05,True,-0.7771987339969754,3.19970124352142,0.04010853831863606,False,0.42362600161474656,-2.2862847578748227,0.742833571831009,False
long_form,C3_roberta_s1,10,0.5,-0.008398437500000001,-0.033093178660159664,True,True,0.5000030775848769,0.2537815296090231,-0.12174038905463568,0.2151651274085076,7933,7167,803,1.1054791724737283,0.5000030775848769,-1.994771386630913,0.046405842806202434,-0.008398437500000001,-0.1661666395783234,-0.16386371725943086,0.8698817122418689,0.004028776445142404,-0.7054994389902977,0.7185870535730831,0.47261480687994,-0.007120498002765759,1.0,1.0,1.0,False,False,False,False,3,0.08729339051016716,0.00034464651822716284,1.8417823495189571,-5.0618875454410714,2.4727349773829623e-05,True,-0.7771987339969754,3.19970124352142,0.04010853831863606,False,0.42362600161474656,-2.2862847578748227,0.742833571831009,False
long_form,C3_roberta_s1,10,1.0,-0.0052734375,-0.020779437763356064,True,True,1.0008496501649113,0.2537815296090231,-0.12174038905463568,0.2151651274085076,7933,7167,803,1.1054791724737283,1.0008496501649113,-3.131275757251167,0.0018036278137240154,-0.0052734375,-0.39317223423147124,1.054866843655153,0.2918192611523,0.0025296968376475556,-0.2842354968609852,-0.36179018095445004,0.7176087370265656,-0.004471010373829662,0.05050157878427243,1.0,1.0,False,False,False,False,3,0.08729339051016716,0.00034464651822716284,1.8417823495189571,-5.0618875454410714,2.4727349773829623e-05,True,-0.7771987339969754,3.19970124352142,0.04010853831863606,False,0.42362600161474656,-2.2862847578748227,0.742833571831009,False
long_form,C3_roberta_s1,20,0.3,0.0023437500000000003,0.6171407134694757,False,True,0.31588767352341085,0.003797756247232138,-0.7067366021253527,0.01334042661654031,7902,7097,794,0.02026315312182078,0.31588767352341085,-16.06857962358087,1.656032873009193e-50,0.0023437500000000003,-66.100570749511,13.23462383140692,3.788315158999744e-36,-0.4361559308706332,0.948576110587716,-14.331195143012565,1.974815641722247e-41,0.008232920400118872,1.1261023536462512e-48,2.576054308119826e-34,1.3428746363711279e-39,True,False,True,False,3,0.07008297694567736,5.071793189583201e-06,0.020031025401693697,-3.9004132358625987,0.003958316553366545,True,-3.563052995471006,3.4450037476532245,0.019873077749016015,False,-0.02838159973938398,-0.4058774102065691,1.0,False
long_form,C3_roberta_s1,20,0.5,0.00390625,1.0285678557824594,False,True,0.5126841655392589,0.003797756247232138,-0.7067366021253527,0.01334042661654031,7902,7097,794,0.02026315312182078,0.5126841655392589,-15.878782738629562,1.656065307709409e-49,0.00390625,-125.32254758663525,11.92695994000194,3.402808833913995e-30,-0.7269265514510551,1.594589770660205,-14.520037973101205,2.297683676005061e-42,0.013721534000198116,1.126124409242398e-47,2.2118257420440966e-28,1.5624248996834415e-40,True,False,True,False,3,0.07008297694567736,5.071793189583201e-06,0.020031025401693697,-3.9004132358625987,0.003958316553366545,True,-3.563052995471006,3.4450037476532245,0.019873077749016015,False,-0.02838159973938398,-0.4058774102065691,1.0,False
long_form,C3_roberta_s1,20,1.0,0.0078125,2.0571357115649187,False,True,1.0031324939433746,0.003797756247232138,-0.7067366021253527,0.01334042661654031,7902,7097,794,0.02026315312182078,1.0031324939433746,-15.469248147053882,2.269710617151135e-47,0.0078125,-354.2885004113463,9.502373179259683,2.576270518334634e-20,-1.4538531029021102,3.1911715616933343,-14.46944547554875,4.094992603227368e-42,0.027443068000396233,1.5207061134912607e-45,1.4684741954507414e-18,2.702695118130063e-40,True,False,True,False,3,0.07008297694567736,5.071793189583201e-06,0.020031025401693697,-3.9004132358625987,0.003958316553366545,True,-3.563052995471006,3.4450037476532245,0.019873077749016015,False,-0.02838159973938398,-0.4058774102065691,1.0,False
long_form,C4_longformer,5,0.3,-0.0068359375,-0.04258619673149749,True,True,0.30932071134485223,0.16052002819364292,-0.24826519000474362,0.10049038587413277,7951,7550,809,0.6861513287441435,0.30932071134485223,-1.8952836005989777,0.05841151591079873,-0.0068359375,-0.4557554735396519,0.740038659204535,0.4594961216840673,0.010572670223124615,-0.2747600753809839,0.5734479656600537,0.5665044156763215,-0.004279503342459914,1.0,1.0,1.0,False,False,False,False,3,0.12086879176314268,0.0002961938645427841,1.4732087355999703,-6.184844518791313,5.8203494957649005e-08,True,-2.206399931789977,5.20779369082895,1.4389274358973398e-05,False,0.46742540215589723,-3.9081703141032698,0.005956671616362222,True
long_form,C4_longformer,5,0.5,-0.005664062500000001,-0.03528570586324078,True,True,0.5095165532949594,0.16052002819364292,-0.24826519000474362,0.10049038587413277,7951,7550,809,0.6861513287441435,0.5095165532949594,-2.6534382913056307,0.00812414047307202,-0.005664062500000001,-0.7542532009264458,1.530787722892126,0.12622167338070342,0.008760212470588967,-0.14725542229239955,-0.19979972997129836,0.8416885647312943,-0.003545874198038215,0.3249656189228808,1.0,1.0,False,False,False,False,3,0.12086879176314268,0.0002961938645427841,1.4732087355999703,-6.184844518791313,5.8203494957649005e-08,True,-2.206399931789977,5.20779369082895,1.4389274358973398e-05,False,0.46742540215589723,-3.9081703141032698,0.005956671616362222,True
long_form,C4_longformer,5,1.0,-0.0027343750000000003,-0.017034478692598994,True,True,1.008788684254652,0.16052002819364292,-0.24826519000474362,0.10049038587413277,7951,7550,809,0.6861513287441435,1.008788684254652,-4.5174656942153,7.191540755324204e-06,-0.0027343750000000003,-1.503414983794768,3.4748114718884398,0.000539038960773159,0.004229068089249846,0.17101209154172334,-2.1360115863296034,0.03298487805222571,-0.0017118013369839657,0.00030923625247894075,0.0210225194701532,1.0,True,False,False,False,3,0.12086879176314268,0.0002961938645427841,1.4732087355999703,-6.184844518791313,5.8203494957649005e-08,True,-2.206399931789977,5.20779369082895,1.4389274358973398e-05,False,0.46742540215589723,-3.9081703141032698,0.005956671616362222,True
long_form,C4_longformer,10,0.3,0.020507812500000003,-0.16647140890113626,True,True,0.2956510543778744,-0.1231911992297677,-0.4514326656351962,-0.23093055678292118,7933,7167,803,0.9617901690512974,0.2956510543778744,1.7786795757732106,0.07567103685232131,0.020507812500000003,-0.4048262290095567,-0.07120168778868927,0.943255847589778,0.07515063187228667,2.354572587982874,-0.4718695502143703,0.6371544619864015,0.03844333514597674,1.0,1.0,1.0,False,False,False,False,3,0.08729339051016716,0.0002998497314851236,-2.953448717306126,10.32439250576024,1.0415869504953935e-21,False,-11.383002651276938,8.787737104424204,6.864161142860652e-16,False,-3.539355815845881,7.744920427178749,2.095103191778631e-12,False
long_form,C4_longformer,10,0.5,0.021875000000000002,-0.17756950282787867,True,True,0.509422564785062,-0.1231911992297677,-0.4514326656351962,-0.23093055678292118,7933,7167,803,0.9617901690512974,0.509422564785062,1.2643025368687666,0.20648876463041055,0.021875000000000002,0.2904223822686856,-0.5315869808323401,0.5951664051414824,0.08016067399710577,2.7377780165323133,-0.90376830161664,0.3664027750889224,0.041006224155708516,1.0,1.0,1.0,False,False,False,False,3,0.08729339051016716,0.0002998497314851236,-2.953448717306126,10.32439250576024,1.0415869504953935e-21,False,-11.383002651276938,8.787737104424204,6.864161142860652e-16,False,-3.539355815845881,7.744920427178749,2.095103191778631e-12,False
long_form,C4_longformer,10,1.0,0.025,-0.20293657466043277,True,True,0.996718229158455,-0.1231911992297677,-0.4514326656351962,-0.23093055678292118,7933,7167,803,0.9617901690512974,0.996718229158455,0.1448441999895587,0.8848702750929182,0.025,1.862586439511513,-1.5060988260900883,0.13245459186593658,0.09161219885383518,3.609144050680629,-1.8242380195265637,0.0685060489492855,0.0468642561779526,1.0,1.0,1.0,False,False,False,False,3,0.08729339051016716,0.0002998497314851236,-2.953448717306126,10.32439250576024,1.0415869504953935e-21,False,-11.383002651276938,8.787737104424204,6.864161142860652e-16,False,-3.539355815845881,7.744920427178749,2.095103191778631e-12,False
long_form,C4_longformer,20,0.3,-0.004882812500000001,-0.042783557354092824,True,True,0.30015422028369365,0.11412824930820985,-0.6208925969585405,0.16216015444755733,7902,7097,794,0.6259575095096866,0.30015422028369365,-1.9160406923240398,0.05571917449589243,-0.004882812500000001,-2.0154245204996912,0.22714226316937863,0.8203738867822057,0.026563994032707358,-1.1171206004984997,3.212835908644761,0.0013694388036616855,-0.006937788268355619,1.0,1.0,0.06984137898674596,False,False,False,False,3,0.07008297694567736,0.00015667487752836067,0.914549398469846,-4.384672693915921,0.0005272611984798783,True,-5.025896545880523,2.8975826057944087,0.09283392107449434,False,-0.2892063035704674,0.40218399700472157,1.0,False
long_form,C4_longformer,20,0.5,-0.0033203125000000003,-0.02909281900078312,True,True,0.49713454516577377,0.11412824930820985,-0.6208925969585405,0.16216015444755733,7902,7097,794,0.6259575095096866,0.49713454516577377,-2.7196071861546485,0.006678926143938818,-0.0033203125000000003,-2.967886153212652,1.1062412762034024,0.2689703089560689,0.018063515942241003,-0.8514511516967859,2.3190014865974904,0.020657894824321683,-0.004717696022481821,0.2805148980454304,1.0,0.7643421084999023,False,False,False,False,3,0.07008297694567736,0.00015667487752836067,0.914549398469846,-4.384672693915921,0.0005272611984798783,True,-5.025896545880523,2.8975826057944087,0.09283392107449434,False,-0.2892063035704674,0.40218399700472157,1.0,False
long_form,C4_longformer,20,1.0,0.00078125,0.006845369176654851,False,True,1.0125339082342035,0.11412824930820985,-0.6208925969585405,0.16216015444755733,7902,7097,794,0.6259575095096866,1.0125339082342035,-4.762999733947878,2.2678083182654555e-06,0.00078125,-5.516885774321179,3.2956759582188413,0.0010271639119302115,-0.004250239045233177,-0.1573680319811093,-0.04379719828182777,0.9650775043812194,0.0011100461229368989,0.00010611975703681051,0.03697790082948761,1.0,True,False,False,False,3,0.07008297694567736,0.00015667487752836067,0.914549398469846,-4.384672693915921,0.0005272611984798783,True,-5.025896545880523,2.8975826057944087,0.09283392107449434,False,-0.2892063035704674,0.40218399700472157,1.0,False
long_form,C6_llmtext,5,0.3,-0.0087890625,-0.03462962529828915,True,True,0.28709357061096985,0.25380183655738886,-0.023919553961501146,0.2344619985056484,7951,7550,809,1.1104569767459396,0.28709357061096985,-2.8888407062162784,0.003970043981961808,-0.0087890625,-0.04689065375250822,2.0800334766781927,0.037843899703137535,0.0008283251909889925,-0.37071726305324426,-1.3744502481323104,0.16969121050781683,-0.008119331154938634,0.20644228706201403,1.0,1.0,False,False,False,False,1,0.12086879176314268,0.0004793556895865498,1.7942379073494623,-6.307719290334438,2.795874802792236e-08,True,-0.1835090922270036,4.93869065781777,5.375126679907936e-05,False,1.0455397088134586,-4.857206963265619,9.042228408255972e-05,True
long_form,C6_llmtext,5,0.5,-0.0076171875,-0.030012341925183924,True,True,0.48895893349064773,0.25380183655738886,-0.023919553961501146,0.2344619985056484,7951,7550,809,1.1104569767459396,0.48895893349064773,-3.3559666350502706,0.0008278052881173209,-0.0076171875,-0.06509842016465082,2.4743490558394376,0.013556650520667912,0.0007178818321904601,-0.18107729678658438,-1.844637263704899,0.06546403419528148,-0.007036753667613482,0.04221806969398337,0.5964926229093881,1.0,True,False,False,False,1,0.12086879176314268,0.0004793556895865498,1.7942379073494623,-6.307719290334438,2.795874802792236e-08,True,-0.1835090922270036,4.93869065781777,5.375126679907936e-05,False,1.0455397088134586,-4.857206963265619,9.042228408255972e-05,True
long_form,C6_llmtext,5,1.0,-0.004687500000000001,-0.01846913349242088,True,True,0.9923925630720795,0.25380183655738886,-0.023919553961501146,0.2344619985056484,7951,7550,809,1.1104569767459396,0.9923925630720795,-4.512668006844185,7.352097853410582e-06,-0.004687500000000001,-0.11062863875442264,3.4448268780975875,0.0006015212578696107,0.00044177343519412934,0.2919371648153023,-3.0167954769184737,0.0026364730255756673,-0.004330309949300605,0.00030923625247894075,0.022857807799045206,0.10809539404860236,True,False,False,False,1,0.12086879176314268,0.0004793556895865498,1.7942379073494623,-6.307719290334438,2.795874802792236e-08,True,-0.1835090922270036,4.93869065781777,5.375126679907936e-05,False,1.0455397088134586,-4.857206963265619,9.042228408255972e-05,True
long_form,C6_llmtext,10,0.3,-0.012109375,-0.03633154317473844,True,True,0.31326766189559724,0.33330197238689624,-0.06360816758374094,0.2885376298783506,7933,7167,803,1.0677315349864647,0.31326766189559724,-3.115993374028625,0.0018985712497282964,-0.012109375,-0.08255555741570954,1.737021974705165,0.0827857948988434,0.002310982886834682,-0.5999247903797938,-0.711017655953051,0.4772900184196545,-0.010483017357461995,0.10631998998478459,1.0,1.0,False,False,False,False,1,0.08729339051016716,0.0003328782351556917,2.2515608914093357,-7.9155647324090745,5.316341584405898e-13,True,-0.4332262742505682,5.789628525165399,6.485485544409927e-07,False,1.0658540273160524,-4.664202346568008,0.0002266754711583504,True
long_form,C6_llmtext,10,0.5,-0.010937500000000001,-0.03281558738363472,True,True,0.5020744419773866,0.33330197238689624,-0.06360816758374094,0.2885376298783506,7933,7167,803,1.0677315349864647,0.5020744419773866,-3.5555677161485124,0.00039926076562264544,-0.010937500000000001,-0.11644770385741539,2.0986486604641277,0.0361751704427279,0.0020873393816571322,-0.43780470465646476,-1.0525417174436031,0.29288342264352196,-0.009468531806739866,0.020761559812377563,1.0,1.0,True,False,False,False,1,0.08729339051016716,0.0003328782351556917,2.2515608914093357,-7.9155647324090745,5.316341584405898e-13,True,-0.4332262742505682,5.789628525165399,6.485485544409927e-07,False,1.0658540273160524,-4.664202346568008,0.0002266754711583504,True
long_form,C6_llmtext,10,1.0,-0.0078125,-0.0234397052740248,True,True,1.0042688328726714,0.33330197238689624,-0.06360816758374094,0.2885376298783506,7933,7167,803,1.0677315349864647,1.0042688328726714,-4.763515370050483,2.257867170995968e-06,-0.0078125,-0.20687256273420715,3.1014060910427057,0.00199675922770331,0.001490956701183666,-0.006444761508496433,-2.009347936440569,0.04485103219377756,-0.00676323700481419,0.00010611975703681051,0.06788981374191254,1.0,True,False,False,False,1,0.08729339051016716,0.0003328782351556917,2.2515608914093357,-7.9155647324090745,5.316341584405898e-13,True,-0.4332262742505682,5.789628525165399,6.485485544409927e-07,False,1.0658540273160524,-4.664202346568008,0.0002266754711583504,True
long_form,C6_llmtext,20,0.3,0.0001953125,0.0025049702461459856,False,True,0.2995011853618516,0.07796998798708187,0.01595822193949856,0.07956777001103706,7902,7097,794,0.3721241396388374,0.2995011853618516,-3.3967843937236277,0.0007157876753209106,0.0001953125,0.08389919782506827,-4.3283654713238455,1.7020369103568052e-05,3.9974871139837973e-05,0.2570651252634489,-2.946433667212987,0.0033123933627899472,0.00019931489642983466,0.041515685168612815,0.0010552628844212192,0.15237009468833757,True,True,False,False,1,0.07008297694567736,9.314131249728095e-05,0.2748020035212486,-3.232306764547454,0.03324580061382158,True,0.07942220499709277,-4.149751570196159,0.0017401721319164384,True,0.23329097161103168,-2.7856516494104975,0.2463465975337898,False
long_form,C6_llmtext,20,0.5,0.0017578125,0.022544732215313872,False,True,0.49689569394213395,0.07796998798708187,0.01595822193949856,0.07956777001103706,7902,7097,794,0.3721241396388374,0.49689569394213395,-4.679854322617912,3.3752396083471764e-06,0.0017578125,0.11970710289211543,-5.745138255984978,1.326271744881111e-08,0.0003597738402585418,0.4470565979690831,-4.216229987414276,2.7816887911235757e-05,0.001793834067868512,0.0001856381784590947,7.825003294798554e-07,0.0014186612834730236,True,True,True,True,1,0.07008297694567736,9.314131249728095e-05,0.2748020035212486,-3.232306764547454,0.03324580061382158,True,0.07942220499709277,-4.149751570196159,0.0017401721319164384,True,0.23329097161103168,-2.7856516494104975,0.2463465975337898,False
long_form,C6_llmtext,20,1.0,0.005859375,0.07514910738437956,False,True,1.01337479682946,0.07796998798708187,0.01595822193949856,0.07956777001103706,7902,7097,794,0.3721241396388374,1.01337479682946,-7.637665521366666,6.372546339970628e-14,0.005859375,0.21363487943666581,-9.088692116291575,8.476452981630133e-19,0.001199246134195139,0.9440790625237637,-7.2461112387317295,1.0504811420723663e-12,0.005979446892895039,3.441175023584139e-12,4.6620491398965736e-17,5.5675500529835415e-11,True,True,True,True,1,0.07008297694567736,9.314131249728095e-05,0.2748020035212486,-3.232306764547454,0.03324580061382158,True,0.07942220499709277,-4.149751570196159,0.0017401721319164384,True,0.23329097161103168,-2.7856516494104975,0.2463465975337898,False
long_form,D1_concat_mlp,5,0.3,0.0078125,-0.010872139558220771,True,True,0.2849592723117758,-0.7185798120198632,-0.9161240238251765,-0.8446589778652984,7951,7550,809,1.2058712718304847,0.2849592723117758,-0.13883752184995132,0.8896131379642315,0.0078125,0.25067867505218533,-0.6546879643613195,0.5128589945438184,0.00996022823966609,0.6904425508472561,-0.47787148456324835,0.6328737072956894,0.009183250286455634,1.0,1.0,1.0,False,False,False,False,3,0.12086879176314268,0.0005205435844572675,-1.0439785518513132,2.656043576684487,0.16124383044945445,False,-1.3804046897496793,2.1119575054888573,0.5516013060222107,False,-0.8883463559386153,2.316992119930182,0.726554399675942,False
long_form,D1_concat_mlp,5,0.5,0.008984375000000001,-0.012502960491953888,True,True,0.483236234937202,-0.7185798120198632,-0.9161240238251765,-0.8446589778652984,7951,7550,809,1.2058712718304847,0.483236234937202,-0.5466673828675491,0.5847581942946822,0.008984375000000001,0.4936192706476605,-1.056523836119927,0.29105152183292804,0.011454262475616005,0.9257456856246752,-0.8823497554574079,0.3778557534426483,0.01056073782942398,1.0,1.0,1.0,False,False,False,False,3,0.12086879176314268,0.0005205435844572675,-1.0439785518513132,2.656043576684487,0.16124383044945445,False,-1.3804046897496793,2.1119575054888573,0.5516013060222107,False,-0.8883463559386153,2.316992119930182,0.726554399675942,False
long_form,D1_concat_mlp,5,1.0,0.012109375,-0.016851816315242196,True,True,1.010621105740023,-0.7185798120198632,-0.9161240238251765,-0.8446589778652984,7951,7550,809,1.2058712718304847,1.010621105740023,-1.6122679157318742,0.10729414784843709,0.012109375,1.1392707400079949,-2.103755965319722,0.03571489508727131,0.01543835377148244,1.5512932315685968,-1.9351219620887548,0.05333149531481189,0.014234037944006232,1.0,0.8928723771817828,1.0,False,False,False,False,3,0.12086879176314268,0.0005205435844572675,-1.0439785518513132,2.656043576684487,0.16124383044945445,False,-1.3804046897496793,2.1119575054888573,0.5516013060222107,False,-0.8883463559386153,2.316992119930182,0.726554399675942,False
long_form,D1_concat_mlp,10,0.3,0.004687500000000001,-0.01262090640412307,True,True,0.29222923452937405,-0.3714075558367711,-1.061928589765647,-0.5666280707640685,7933,7167,803,0.6151014351018428,0.29222923452937405,0.5130611748061116,0.6080498195059205,0.004687500000000001,0.32836375935270523,0.5689622024689719,0.5695487881253684,0.013402501339294633,0.739443548146631,0.27628372393176903,0.7824047784958903,0.007151359847062132,1.0,1.0,1.0,False,False,False,False,3,0.08729339051016716,0.00019176532063467643,-0.45601182641830806,3.536928348561714,0.014125804567405392,False,-1.7009158936566102,3.4228969399713898,0.020880838440520015,False,-0.38391950371513983,3.5728771794609986,0.02138603158264678,False
long_form,D1_concat_mlp,10,0.5,0.0060546875,-0.01630200410532563,True,True,0.5096749952685458,-0.3714075558367711,-1.061928589765647,-0.5666280707640685,7933,7167,803,0.6151014351018428,0.5096749952685458,-0.3255026512582736,0.7448855779330738,0.0060546875,0.9138855025033986,-0.21606349978269393,0.8289958482928622,0.017311564229922232,1.0652740349429488,-0.6074623724212507,0.5437243740308919,0.009237173135788587,1.0,1.0,1.0,False,False,False,False,3,0.08729339051016716,0.00019176532063467643,-0.45601182641830806,3.536928348561714,0.014125804567405392,False,-1.7009158936566102,3.4228969399713898,0.020880838440520015,False,-0.38391950371513983,3.5728771794609986,0.02138603158264678,False
long_form,D1_concat_mlp,10,1.0,0.009179687500000002,-0.024715941708074344,True,True,1.0053542795043642,-0.3714075558367711,-1.061928589765647,-0.5666280707640685,7933,7167,803,0.6151014351018428,1.0053542795043642,-2.1185040516873896,0.0344393134944046,0.009179687500000002,2.24149051827505,-1.875095013742267,0.061160394284865846,0.026246565122785323,1.8069545078244225,-2.432573363757275,0.015220224283236683,0.014004746367163342,0.6543469563936875,1.0,0.5387669470594189,False,False,False,False,3,0.08729339051016716,0.00019176532063467643,-0.45601182641830806,3.536928348561714,0.014125804567405392,False,-1.7009158936566102,3.4228969399713898,0.020880838440520015,False,-0.38391950371513983,3.5728771794609986,0.02138603158264678,False
long_form,D1_concat_mlp,20,0.3,0.0013671875000000001,0.03071845190057166,False,True,0.29730582786614934,0.04450704431412304,-0.9363908971807401,0.0003034887790560419,7902,7097,794,0.08648603490436022,0.29730582786614934,-10.628024080997465,9.323401171641464e-25,0.0013671875000000001,-6.01826337758947,9.488362312864718,2.905562345459866e-20,-0.02876447873517971,0.0017343103904094738,-10.210722666265948,4.944466761731823e-23,9.322705461796242e-06,6.060210761566951e-23,1.888615524548913e-18,3.263348062743003e-21,True,False,True,False,3,0.07008297694567736,2.1647138536876162e-05,0.12449289034677442,-5.574099458834656,1.910381392520022e-06,True,-2.8001391469048547,4.133916198761089,0.001822140824059438,False,0.0006231597176263605,-5.09716855706631,2.871018399412806e-05,True
long_form,D1_concat_mlp,20,0.5,0.003125,0.0702136043441638,False,True,0.5190963415835322,0.04450704431412304,-0.9363908971807401,0.0003034887790560419,7902,7097,794,0.08648603490436022,0.5190963415835322,-14.779367048736042,7.723814902000777e-44,0.003125,-10.325031216560953,14.344735861580933,1.693433116714812e-41,-0.06574737996612505,0.0031629146885991813,-14.153571320881621,1.4720375431012193e-40,2.130904105553427e-05,5.17495598434052e-42,1.1515345193660722e-39,9.86265153877817e-39,True,False,True,False,3,0.07008297694567736,2.1647138536876162e-05,0.12449289034677442,-5.574099458834656,1.910381392520022e-06,True,-2.8001391469048547,4.133916198761089,0.001822140824059438,False,0.0006231597176263605,-5.09716855706631,2.871018399412806e-05,True
long_form,D1_concat_mlp,20,1.0,0.00703125,0.15798060977436854,False,True,1.0103643636944333,0.04450704431412304,-0.9363908971807401,0.0003034887790560419,7902,7097,794,0.08648603490436022,1.0103643636944333,-16.91265843157324,5.0317691433732916e-55,0.00703125,-20.590256911898106,16.01562214981017,5.413897019217878e-50,-0.14793160492378135,0.006337518425930011,-15.9686319031318,9.527245881990406e-50,4.79453423749521e-05,3.421603017493838e-53,3.6814499730681566e-48,6.478527199753476e-48,True,False,True,False,3,0.07008297694567736,2.1647138536876162e-05,0.12449289034677442,-5.574099458834656,1.910381392520022e-06,True,-2.8001391469048547,4.133916198761089,0.001822140824059438,False,0.0006231597176263605,-5.09716855706631,2.871018399412806e-05,True
long_form,D2_gated_fusion,5,0.3,0.0005859375000000001,0.003919253649622717,False,True,0.29196347336342526,0.14950231660979757,-0.132066028821921,0.040638007308619876,7951,7550,809,0.2931181761057271,0.29196347336342526,-3.0020518340934874,0.00276425725279091,0.0005859375000000001,-0.24322166946603765,1.6472049863525569,0.09991308939513971,-0.0005176002654514928,0.06320620553876663,-2.5681386190640443,0.010407129057313221,0.0001592706584577031,0.15203414890350006,1.0,0.43709942040715527,False,False,False,False,3,0.12086879176314268,0.0001265315706775547,0.1918245045625393,-2.1057345588364424,0.6041020667328117,False,-0.15775051291526612,0.7575070404422837,1.0,False,0.03558533557865177,-1.6751156765719413,1.0,False
long_form,D2_gated_fusion,5,0.5,0.0017578125,0.01175776094886815,False,True,0.49203227002466354,0.14950231660979757,-0.132066028821921,0.040638007308619876,7951,7550,809,0.2931181761057271,0.49203227002466354,-4.811713182047764,1.785547720140111e-06,0.0017578125,-0.4143268612827096,3.462193801428711,0.000564554812733145,-0.0015528007963544783,0.11843198015924107,-4.382934157899495,1.32888562641055e-05,0.00047781197537310923,9.999067232784622e-05,0.02822774063665725,0.000691020525733486,True,False,True,False,3,0.12086879176314268,0.0001265315706775547,0.1918245045625393,-2.1057345588364424,0.6041020667328117,False,-0.15775051291526612,0.7575070404422837,1.0,False,0.03558533557865177,-1.6751156765719413,1.0,False
long_form,D2_gated_fusion,5,1.0,0.004687500000000001,0.031354029196981735,False,True,0.9909852926586331,0.14950231660979757,-0.132066028821921,0.040638007308619876,7951,7550,809,0.2931181761057271,0.9909852926586331,-9.190203546998449,3.2467187309987116e-19,0.004687500000000001,-0.8430406631187303,7.941288738781674,6.859266331008698e-15,-0.004140802123611943,0.25640330731647,-8.832415621082768,6.530602008568388e-18,0.0012741652676616247,1.8181624893592784e-17,3.704003818744697e-13,3.5918311047126135e-16,True,False,True,False,3,0.12086879176314268,0.0001265315706775547,0.1918245045625393,-2.1057345588364424,0.6041020667328117,False,-0.15775051291526612,0.7575070404422837,1.0,False,0.03558533557865177,-1.6751156765719413,1.0,False
long_form,D2_gated_fusion,10,0.3,0.001953125,0.10914020021133315,False,True,0.28876630675464005,0.017895559988144377,-0.28965043459156176,-0.15195210217500457,7933,7167,803,0.030556012447387346,0.28876630675464005,-11.198200241653435,3.807943302872316e-27,0.001953125,-4.714407651454847,10.22226638316435,4.4349801851544607e-23,-0.031612506422622706,-2.5010737835263357,9.849559594676789,1.248123289895292e-21,-0.01658408285391295,2.5132425798957283e-25,2.927086922201944e-21,8.112801384319398e-20,True,False,False,False,3,0.08729339051016716,9.526206882154686e-06,-0.022856406963510628,2.019279739782597,0.6568554837965714,False,0.1959241580538286,-0.8896646063158106,1.0,False,0.14052457184327136,-0.8361669720594083,1.0,False
long_form,D2_gated_fusion,10,0.5,0.0033203125000000003,0.18553834035926636,False,True,0.5064685683962359,0.017895559988144377,-0.28965043459156176,-0.15195210217500457,7933,7167,803,0.030556012447387346,0.5064685683962359,-12.919630798699643,7.981468043717527e-35,0.0033203125000000003,-8.264985266488697,11.310598176748746,1.5540841184677154e-27,-0.05374126091845861,-4.38133341662832,11.124116976926596,9.499621864753563e-27,-0.028192940851652016,5.187954228416392e-33,9.946138358193378e-26,6.0797579934422805e-25,True,False,False,False,3,0.08729339051016716,9.526206882154686e-06,-0.022856406963510628,2.019279739782597,0.6568554837965714,False,0.1959241580538286,-0.8896646063158106,1.0,False,0.14052457184327136,-0.8361669720594083,1.0,False
long_form,D2_gated_fusion,10,1.0,0.0064453125000000005,0.36016266069739944,False,True,1.0027342787835245,0.017895559988144377,-0.28965043459156176,-0.15195210217500457,7933,7167,803,0.030556012447387346,1.0027342787835245,-14.023046787051314,4.0767691248656186e-40,0.0064453125000000005,-16.7367364970366,11.871337107270849,5.929807710706227e-30,-0.10432127119465495,-8.776198594968218,11.973515879161681,2.1076043232119305e-30,-0.054727473417912745,2.5275968574166837e-38,3.6764807806378607e-28,1.2856386371592776e-28,True,False,False,False,3,0.08729339051016716,9.526206882154686e-06,-0.022856406963510628,2.019279739782597,0.6568554837965714,False,0.1959241580538286,-0.8896646063158106,1.0,False,0.14052457184327136,-0.8361669720594083,1.0,False
long_form,D2_gated_fusion,20,0.3,0.020703125000000003,-0.03246602058034785,True,True,0.3136348416902778,-0.6376859445635878,-1.4377889560798198,-0.7532385781979796,7902,7097,794,3.0422590402242644,0.3136348416902778,3.310760919221403,0.0009724916721074284,0.020703125000000003,1.531996130731149,1.4450009311575587,0.1488676381622384,0.04667928583828428,3.607728169545504,0.7410045320858752,0.4589183793122614,0.024454659181687557,0.05543202531012342,1.0,1.0,False,False,False,False,3,0.07008297694567736,0.0007614663220671989,-2.2693798868964796,5.56056874133247,1.985031341910326e-06,False,-3.485351800733609,3.6847497794153075,0.009803618085258982,False,0.7814904693690342,2.8042415522021864,0.2378898985931539,False
long_form,D2_gated_fusion,20,0.5,0.022265625000000004,-0.034916286284525054,True,True,0.5060703722112928,-0.6376859445635878,-1.4377889560798198,-0.7532385781979796,7902,7097,794,3.0422590402242644,0.5060703722112928,3.1471533795067392,0.0017103318225461283,0.022265625000000004,1.898416604930731,1.2878254227359398,0.1981966750242343,0.050202250807211406,3.817644120307791,0.5927314621202128,0.5535362781832842,0.026300293836909266,0.0786752638371219,1.0,1.0,False,False,False,False,3,0.07008297694567736,0.0007614663220671989,-2.2693798868964796,5.56056874133247,1.985031341910326e-06,False,-3.485351800733609,3.6847497794153075,0.009803618085258982,False,0.7814904693690342,2.8042415522021864,0.2378898985931539,False
long_form,D2_gated_fusion,20,1.0,0.026171875000000004,-0.041041950544968044,True,True,0.9856237202646443,-0.6376859445635878,-1.4377889560798198,-0.7532385781979796,7902,7097,794,3.0422590402242644,0.9856237202646443,2.7427764011587916,0.006229638855193745,0.026171875000000004,2.80699964465008,0.9024312312684106,0.36711225479131854,0.0590096632295292,4.340363913491979,0.22720323031159356,0.820326498269153,0.03091438047496352,0.16197061023503737,1.0,1.0,False,False,False,False,3,0.07008297694567736,0.0007614663220671989,-2.2693798868964796,5.56056874133247,1.985031341910326e-06,False,-3.485351800733609,3.6847497794153075,0.009803618085258982,False,0.7814904693690342,2.8042415522021864,0.2378898985931539,False
long_form,D4_llmfused,5,0.3,0.00078125,-0.030284317401147176,True,True,0.2827067282022726,-0.02579718042350217,0.0002050211482746905,-0.06778211946188462,7951,7550,809,0.32316460337141023,0.2827067282022726,-1.791918100520416,0.07352016063611318,0.00078125,-0.0018741293963816486,1.8970245953107778,0.058188693263268886,-6.2089255282983845e-06,0.2501830724321145,0.3534079121260562,0.7238768213668277,0.0020527352199061887,1.0,1.0,1.0,False,False,False,False,1,0.12086879176314268,0.0001395018398218485,0.14923786045547727,-0.7537398982889586,1.0,False,-0.0008496564248395374,0.6920093441873314,1.0,False,-0.10546414544363833,1.49702597830708,1.0,False
long_form,D4_llmfused,5,0.5,0.001953125,-0.07571079350286794,True,True,0.4826778362137553,-0.02579718042350217,0.0002050211482746905,-0.06778211946188462,7951,7550,809,0.32316460337141023,0.4826778362137553,-3.3046684364956915,0.0009927783460263024,0.001953125,-0.0034108534968912353,3.635155879457662,0.0002957811041327166,-1.5522313820745962e-05,0.781998736307671,-1.33314349930005,0.18286853693153163,0.005131838049765473,0.049638917301315116,0.015380617414901264,1.0,True,False,False,False,1,0.12086879176314268,0.0001395018398218485,0.14923786045547727,-0.7537398982889586,1.0,False,-0.0008496564248395374,0.6920093441873314,1.0,False,-0.10546414544363833,1.49702597830708,1.0,False
long_form,D4_llmfused,5,1.0,0.005078125000000001,-0.19684806310745667,True,True,1.0145731550799941,-0.02579718042350217,0.0002050211482746905,-0.06778211946188462,7951,7550,809,0.32316460337141023,1.0145731550799941,-6.941866667080659,7.948585638024955e-12,0.005078125000000001,-0.007508870338812622,7.661370260562237,5.381268545510059e-14,-4.035801593393951e-05,2.1904869203551667,-5.446664588200829,6.855879477704729e-08,0.01334277892939023,4.2127503881532263e-10,2.8520723291203313e-12,3.4279397388523648e-06,True,False,True,False,1,0.12086879176314268,0.0001395018398218485,0.14923786045547727,-0.7537398982889586,1.0,False,-0.0008496564248395374,0.6920093441873314,1.0,False,-0.10546414544363833,1.49702597830708,1.0,False
long_form,D4_llmfused,10,0.3,0.0027343750000000003,0.0285150056348088,False,True,0.2881890945696218,0.09589249376342741,0.0885812579047131,0.05644633685837915,7933,7167,803,0.8445260218402164,0.2881890945696218,-1.7605819509643126,0.07869029339811111,0.0027343750000000003,0.2347879665197545,-1.9049971585197205,0.05715517493903602,0.002525895068291346,0.5414821207953198,-4.515045311576774,7.32805799877819e-06,0.001609567613580997,1.0,1.0,0.00041769930593035684,False,False,True,False,1,0.08729339051016716,0.0002632912136446285,-0.14827276179764762,-0.42802344909875123,1.0,False,-0.1488928809151774,-0.44559187922104393,1.0,False,0.28843182266024925,-3.137335290451552,0.09028289981954742,False
long_form,D4_llmfused,10,0.5,0.0041015625,0.0427725084522132,False,True,0.5058837944367164,0.09589249376342741,0.0885812579047131,0.05644633685837915,7933,7167,803,0.8445260218402164,0.5058837944367164,-2.451343361600628,0.014444777924397292,0.0041015625,0.4261786879948769,-2.669742817499227,0.0077519746056223275,0.0037888426024370184,0.6678240086319566,-5.18883204006913,2.713209232859728e-07,0.0024143514203714958,0.5244034915078601,0.35659083185862706,1.546529262730045e-05,False,False,True,False,1,0.08729339051016716,0.0002632912136446285,-0.14827276179764762,-0.42802344909875123,1.0,False,-0.1488928809151774,-0.44559187922104393,1.0,False,0.28843182266024925,-3.137335290451552,0.09028289981954742,False
long_form,D4_llmfused,10,1.0,0.0072265625,0.07536108632056611,False,True,1.0021310059125748,0.09589249376342741,0.0885812579047131,0.05644633685837915,7933,7167,803,0.8445260218402164,1.0021310059125748,-4.068464822814358,5.200139895499855e-05,0.0072265625,0.8625185099362999,-4.461963898183125,9.341067293141785e-06,0.006675579823341413,0.9561469885735168,-6.6560150056489515,5.36545483455078e-11,0.004253857264464063,0.002080055958199942,0.0004296890954845221,2.790036513966406e-09,True,True,True,True,1,0.08729339051016716,0.0002632912136446285,-0.14827276179764762,-0.42802344909875123,1.0,False,-0.1488928809151774,-0.44559187922104393,1.0,False,0.28843182266024925,-3.137335290451552,0.09028289981954742,False
long_form,D4_llmfused,20,0.3,-0.0023437500000000003,-0.028369862215251708,True,True,0.3089494615114128,0.08261407765103612,0.013476847418155946,0.04914231349723423,7902,7097,794,0.7270704190569416,0.3089494615114128,-2.5422041550604244,0.011204731618705036,-0.0023437500000000003,0.04030653381051457,-1.7865234947859994,0.07441096165322085,-0.0003823363043490549,0.1990842257777194,-2.3148625506582055,0.02088465124845852,-0.0013941606628552394,0.5602365809352517,1.0,0.8145013986898824,False,False,False,False,1,0.07008297694567736,0.00018198306934518433,0.6049002013926658,-3.580978271847522,0.012710506749120493,True,0.08311223424904371,-2.8704535321591305,0.09687865181702601,False,0.3651431169030308,-3.166851732140909,0.08491814399862824,False
long_form,D4_llmfused,20,0.5,-0.00078125,-0.009456620738417236,True,True,0.5063383517503538,0.08261407765103612,0.013476847418155946,0.04914231349723423,7902,7097,794,0.7270704190569416,0.5063383517503538,-3.2355838783552553,0.0012642872649731973,-0.00078125,0.068845936551692,-2.509621601058941,0.012291831842455421,-0.0001274454347830183,0.309820594057661,-2.8836105177743376,0.004041935519263507,-0.0004647202209517465,0.05942150145374027,0.553132432910494,0.1616774207705403,False,False,False,False,1,0.07008297694567736,0.00018198306934518433,0.6049002013926658,-3.580978271847522,0.012710506749120493,True,0.08311223424904371,-2.8704535321591305,0.09687865181702601,False,0.3651431169030308,-3.166851732140909,0.08491814399862824,False
long_form,D4_llmfused,20,1.0,0.003125,0.037826482953668944,False,True,0.9982642529003365,0.08261407765103612,0.013476847418155946,0.04914231349723423,7902,7097,794,0.7270704190569416,0.9982642529003365,-4.941036919550835,9.482384308821472e-07,0.003125,0.1401547363852511,-4.289850324098792,2.0173961459419212e-05,0.0005097817391320732,0.5861289329993297,-4.284473130048667,2.0656284858281162e-05,0.001858880883806986,4.5515444682343066e-05,0.0008876543042144454,0.0009295328186226523,True,True,True,True,1,0.07008297694567736,0.00018198306934518433,0.6049002013926658,-3.580978271847522,0.012710506749120493,True,0.08311223424904371,-2.8704535321591305,0.09687865181702601,False,0.3651431169030308,-3.166851732140909,0.08491814399862824,False
event_driven,B1_bow_ridge,5,0.3,-0.005078125000000001,-0.02203145772917908,True,True,0.313917842836282,0.2304942806065161,0.08067393902947052,0.17354342371659318,25109,23855,996,0.7951823375351177,0.313917842836282,0.1368315546116902,0.8911916220264241,-0.005078125000000001,0.10561149220249624,-0.058636990477007135,0.9532530210531369,-0.0017773644775741502,-0.4625231260922781,2.7425505159841737,0.006205860068899342,-0.0038234146037891365,1.0,1.0,0.27305784303157105,False,False,False,False,1,0.12651030538164323,0.00035928128698448807,1.331417884609428,-3.3493598952759274,0.0252116271482366,True,0.46147629288483344,-3.5003178750106065,0.01747104794546484,True,0.3122559643525115,-0.8080254589143752,1.0,False
event_driven,B1_bow_ridge,5,0.5,-0.0041015625,-0.017794638935106178,True,True,0.5101072067966079,0.2304942806065161,0.08067393902947052,0.17354342371659318,25109,23855,996,0.7951823375351177,0.5101072067966079,-0.5167881306283265,0.6054189104939084,-0.0041015625,0.1741112367376437,-0.6893360690489507,0.4907725238760002,-0.0014355636165021982,-0.3132267655769279,2.0880689263162675,0.03704542671650014,-0.003088142564598918,1.0,1.0,1.0,False,False,False,False,1,0.12651030538164323,0.00035928128698448807,1.331417884609428,-3.3493598952759274,0.0252116271482366,True,0.46147629288483344,-3.5003178750106065,0.01747104794546484,True,0.3122559643525115,-0.8080254589143752,1.0,False
event_driven,B1_bow_ridge,5,1.0,-0.0015625,-0.0067789100705166385,True,True,1.0190485411722916,0.2304942806065161,0.08067393902947052,0.17354342371659318,25109,23855,996,0.7951823375351177,1.0190485411722916,-2.2589240064340323,0.02410388473172314,-0.0015625,0.35206746553478235,-2.401746084027782,0.016499551287936145,-0.000546881377715123,0.07427415233198104,0.31776859665965806,0.7507271477481317,-0.0011764352627043496,0.5302854640979091,0.5114860899260205,1.0,False,False,False,False,1,0.12651030538164323,0.00035928128698448807,1.331417884609428,-3.3493598952759274,0.0252116271482366,True,0.46147629288483344,-3.5003178750106065,0.01747104794546484,True,0.3122559643525115,-0.8080254589143752,1.0,False
event_driven,B1_bow_ridge,10,0.3,-0.004687500000000001,-0.019837126625974377,True,True,0.3181470114403977,0.2362993435683509,0.03728744828240468,0.1758416883682032,25001,22785,991,0.8231055781428351,0.3181470114403977,-0.16370825142498158,0.8699942352947034,-0.004687500000000001,0.10843343339456885,-1.6813379457252902,0.09301269609088474,-0.0007396758331375323,-0.8422692069287574,3.755448285289098,0.00018312047942048635,-0.0034881938382851723,1.0,1.0,0.00952226492986529,False,False,False,False,1,0.08827666934766872,0.0002595036391426313,1.228718774588584,-3.251877154995203,0.033184784705243546,True,0.25039343855457985,-4.714815232314584,0.00014935550001815565,True,-0.15665235240116915,0.8062095219370352,1.0,False
event_driven,B1_bow_ridge,10,0.5,-0.0037109375,-0.015704391912229713,True,True,0.5083023884694182,0.2362993435683509,0.03728744828240468,0.1758416883682032,25001,22785,991,0.8231055781428351,0.5083023884694182,-0.7851642080445048,0.4325451506411453,-0.0037109375,0.13801996317377344,-2.2845808011750983,0.02254830224151824,-0.0005855767012338798,-0.6991720313283158,3.183478675966137,0.0015005599234058553,-0.002761486788642428,1.0,0.947028694143766,0.06452407670645177,False,False,False,False,1,0.08827666934766872,0.0002595036391426313,1.228718774588584,-3.251877154995203,0.033184784705243546,True,0.25039343855457985,-4.714815232314584,0.00014935550001815565,True,-0.15665235240116915,0.8062095219370352,1.0,False
event_driven,B1_bow_ridge,10,1.0,-0.0011718750000000002,-0.004959281656493594,True,True,1.0015904203520782,0.2362993435683509,0.03728744828240468,0.1758416883682032,25001,22785,991,0.8231055781428351,1.0015904203520782,-2.460715779016217,0.014035812897748525,-0.0011718750000000002,0.21491654228518875,-3.927533759765452,9.177180204905538e-05,-0.0001849189582843831,-0.3277607504234189,1.587745040294473,0.11266330976838883,-0.0008720484595712931,0.3368595095459646,0.003854415686060326,1.0,False,True,False,False,1,0.08827666934766872,0.0002595036391426313,1.228718774588584,-3.251877154995203,0.033184784705243546,True,0.25039343855457985,-4.714815232314584,0.00014935550001815565,True,-0.15665235240116915,0.8062095219370352,1.0,False
event_driven,B1_bow_ridge,20,0.3,-0.00703125,-0.029138270679453095,True,True,0.30664861161393814,0.24130635882101606,-0.019808380049654132,0.17671134875651015,24732,22318,981,1.2221088864566452,0.30664861161393814,-0.22773743609680844,0.8198978710582988,-0.00703125,-0.09724284069283201,2.557730030275304,0.010685288761827337,0.0005771819396083006,-1.1697599023170635,4.177147055897994,3.2150735322170336e-05,-0.00514906311219843,1.0,0.5663203043768489,0.0017682904427193686,False,False,False,False,1,0.06453886888282268,0.0002816911613698495,1.5311119888873268,-3.1035425378339445,0.04890145954779185,True,-0.1929512232630929,5.504606871801213,2.8821606573028427e-06,False,-0.2666154547425453,0.9165284608971035,1.0,False
event_driven,B1_bow_ridge,20,0.5,-0.005859375,-0.024281892232877578,True,True,0.5114600551970201,0.24130635882101606,-0.019808380049654132,0.17671134875651015,24732,22318,981,1.2221088864566452,0.5114600551970201,-0.7124177617456744,0.4763756948213926,-0.005859375,-0.11318923398940049,3.050183902744882,0.002348510259971616,0.00048098494967358386,-1.018824716661152,3.662238139855583,0.0002633961299872421,-0.004290885926832025,1.0,0.11272849247863757,0.01237961810940038,False,False,False,False,1,0.06453886888282268,0.0002816911613698495,1.5311119888873268,-3.1035425378339445,0.04890145954779185,True,-0.1929512232630929,5.504606871801213,2.8821606573028427e-06,False,-0.2666154547425453,0.9165284608971035,1.0,False
event_driven,B1_bow_ridge,20,1.0,-0.003125,-0.012950342524201377,True,True,0.9882106179071499,0.24130635882101606,-0.019808380049654132,0.17671134875651015,24732,22318,981,1.2221088864566452,0.9882106179071499,-1.841177946128784,0.06589759360885378,-0.003125,-0.15040526830599238,4.203521173219633,2.8681438313455123e-05,0.0002565253064925781,-0.6672824177023807,2.407991473735737,0.016224406234374034,-0.0022884724943104135,0.9675616737431546,0.0012333018474785704,0.5516298119687172,False,False,False,False,1,0.06453886888282268,0.0002816911613698495,1.5311119888873268,-3.1035425378339445,0.04890145954779185,True,-0.1929512232630929,5.504606871801213,2.8821606573028427e-06,False,-0.2666154547425453,0.9165284608971035,1.0,False
event_driven,B2_tfidf_ridge,5,0.3,-0.0044921875000000005,-0.017862857665347825,True,True,0.30712854469687795,0.2514820183958807,0.08716346361963923,0.19288011353840595,25109,23855,996,0.7628337486013693,0.30712854469687795,0.44075800159195244,0.6594839449224886,-0.0044921875000000005,0.13174618573347838,-0.021622751122571723,0.9827532202579612,-0.0015569885442563388,-0.5510016718458043,3.78997175812859,0.00015971776416089762,-0.0034453900146126735,1.0,1.0,0.008465041500527574,False,False,False,False,1,0.12651030538164323,0.00034466546603922465,1.2074814852932854,-2.7596725469958416,0.12373572406351499,False,0.4435060552205759,-3.0628687169012365,0.05853156579944568,False,0.14746509961938511,0.49152812096597076,1.0,False
event_driven,B2_tfidf_ridge,5,0.5,-0.003515625,-0.013979627738098297,True,True,0.503299563725306,0.2514820183958807,0.08716346361963923,0.19288011353840595,25109,23855,996,0.7628337486013693,0.503299563725306,-0.23132232213756837,0.8171119658038004,-0.003515625,0.1995740228124341,-0.650477957068277,0.5155337023340764,-0.0012185127737658304,-0.39889402026689275,3.1158183192319417,0.0018869125777507478,-0.0026963921853490488,1.0,1.0,0.07925032826553141,False,False,False,False,1,0.12651030538164323,0.00034466546603922465,1.2074814852932854,-2.7596725469958416,0.12373572406351499,False,0.4435060552205759,-3.0628687169012365,0.05853156579944568,False,0.14746509961938511,0.49152812096597076,1.0,False
event_driven,B2_tfidf_ridge,5,1.0,-0.0009765625,-0.003883229927249527,True,True,1.0121944250891186,0.2514820183958807,0.08716346361963923,0.19288011353840595,25109,23855,996,0.7628337486013693,1.0121944250891186,-2.043502302554434,0.04126569771994942,-0.0009765625,0.37578611115216654,-2.370868813723444,0.017936029190663335,-0.0003384757704905084,-0.004108584164417558,1.2486209776175234,0.21209743728009822,-0.0007489978292636246,0.7427825589590895,0.5201448465292368,1.0,False,False,False,False,1,0.12651030538164323,0.00034466546603922465,1.2074814852932854,-2.7596725469958416,0.12373572406351499,False,0.4435060552205759,-3.0628687169012365,0.05853156579944568,False,0.14746509961938511,0.49152812096597076,1.0,False
event_driven,B2_tfidf_ridge,10,0.3,-0.0054687500000000005,-0.02247985599078808,True,True,0.29211559453742125,0.2432733555873763,0.03950432543158081,0.1824341288579218,25001,22785,991,0.868594127630703,0.29211559453742125,0.4199929070508339,0.6745817676520991,-0.0054687500000000005,0.11078430016849246,-0.9809641193136464,0.32685009519943065,-0.0008880515467151639,-0.8634477451090012,4.51844225866561,6.980889395786857e-06,-0.0041010929445309575,1.0,1.0,0.00040489158495563774,False,False,False,False,1,0.08827666934766872,0.0002738449878649369,1.3547084106734635,-2.9654021943241298,0.06809869591601789,False,0.2812042843458857,-4.279509994508872,0.0010274521910221903,True,-0.05760373791356284,1.2196747326063002,1.0,False
event_driven,B2_tfidf_ridge,10,0.5,-0.0044921875000000005,-0.018465595992433068,True,True,0.48241160583072495,0.2432733555873763,0.03950432543158081,0.1824341288579218,25001,22785,991,0.868594127630703,0.48241160583072495,-0.16115031480179126,0.8720078913412627,-0.0044921875000000005,0.1412312147102992,-1.545471923006437,0.12255173774878943,-0.0007294709133731704,-0.7192274765387797,3.978441518639135,7.442523146727809e-05,-0.0033687549187218584,1.0,1.0,0.003572411110429348,False,False,False,False,1,0.08827666934766872,0.0002738449878649369,1.3547084106734635,-2.9654021943241298,0.06809869591601789,False,0.2812042843458857,-4.279509994508872,0.0010274521910221903,True,-0.05760373791356284,1.2196747326063002,1.0,False
event_driven,B2_tfidf_ridge,10,1.0,-0.0017578125,-0.007225667997039026,True,True,1.0139739817612325,0.2432733555873763,0.03950432543158081,0.1824341288579218,25001,22785,991,0.868594127630703,1.0139739817612325,-1.8507440528065606,0.06450411158287697,-0.0017578125,0.22644839893794522,-3.1891356571648433,0.0014717969777299916,-0.00028544514001558837,-0.31615010668879995,2.346962766675861,0.019123409679537344,-0.0013182084464563792,0.9675616737431546,0.05151289422054971,0.6310725194247323,False,False,False,False,1,0.08827666934766872,0.0002738449878649369,1.3547084106734635,-2.9654021943241298,0.06809869591601789,False,0.2812042843458857,-4.279509994508872,0.0010274521910221903,True,-0.05760373791356284,1.2196747326063002,1.0,False
event_driven,B2_tfidf_ridge,20,0.3,-0.0087890625,-0.03311000710376585,True,True,0.31340260173421075,0.26545033567813264,-0.0043715467411267975,0.20222390227552178,24732,22318,981,1.364808600406916,0.31340260173421075,0.1060534648739027,0.9155616364073837,-0.0087890625,-0.021107771446344147,1.945512918774429,0.051998917462999915,0.0001447419436531527,-1.2994844402336396,4.563915597692918,5.6579541358670424e-06,-0.006695634840893776,1.0,1.0,0.0003338192940161555,False,False,False,False,1,0.06453886888282268,0.00031458286897075244,1.8397238316944147,-3.10521136044431,0.04890145954779185,True,-0.04511005649686018,5.0766716391830045,2.6653437450888654e-05,False,-0.12739481289718926,0.928855906268381,1.0,False
event_driven,B2_tfidf_ridge,20,0.5,-0.0078125,-0.02943111742556964,True,True,0.48380795029802215,0.26545033567813264,-0.0043715467411267975,0.20222390227552178,24732,22318,981,1.364808600406916,0.48380795029802215,-0.25876133455814965,0.7958737304064596,-0.0078125,-0.023774468230119566,2.300386783713075,0.021635619131356743,0.00012865950546946906,-1.1687585514089724,4.177839387053113,3.20547682443758e-05,-0.0059516754141278015,1.0,0.9303316226483399,0.00160273841221879,False,False,False,False,1,0.06453886888282268,0.00031458286897075244,1.8397238316944147,-3.10521136044431,0.04890145954779185,True,-0.04511005649686018,5.0766716391830045,2.6653437450888654e-05,False,-0.12739481289718926,0.928855906268381,1.0,False
event_driven,B2_tfidf_ridge,20,1.0,-0.004882812500000001,-0.01839444839098103,True,True,0.9938016840622488,0.26545033567813264,-0.0043715467411267975,0.20222390227552178,24732,22318,981,1.364808600406916,0.9938016840622488,-1.3486064667007194,0.17777496641895815,-0.004882812500000001,-0.03177489424214625,3.3613896025446066,0.000805474299000875,8.041219091841819e-05,-0.7773220019000282,2.982352284918114,0.0029312227436645863,-0.003719797133829877,1.0,0.029802549063032376,0.11724890974658345,False,False,False,False,1,0.06453886888282268,0.00031458286897075244,1.8397238316944147,-3.10521136044431,0.04890145954779185,True,-0.04511005649686018,5.0766716391830045,2.6653437450888654e-05,False,-0.12739481289718926,0.928855906268381,1.0,False
event_driven,B3_lm_linear,5,0.3,0.0001953125,0.0002872910574040486,False,True,0.2870474040194138,0.6798419058526797,0.2756125974125354,0.5617244643548291,25109,23855,996,0.20489189024291327,0.2870474040194138,-2.9256565118105744,0.003515385293731429,0.0001953125,0.12633313149629014,-3.4756082756438946,0.0005316953460606886,7.918103454452364e-05,0.19346752773482875,-2.26532650071905,0.023706941219607817,0.00016137841533422166,0.18983080586149717,0.031370025417580626,0.900863766345097,False,True,False,False,1,0.12651030538164323,9.257477001733243e-05,0.2476552098957819,-2.4325521570843036,0.2730281789163482,False,0.11047121238274518,-3.000336737869756,0.0691004427906519,False,0.1607652035984077,-1.7723605939574307,1.0,False
event_driven,B3_lm_linear,5,0.5,0.0011718750000000002,0.0017237463444242918,False,True,0.4838604509806856,0.6798419058526797,0.2756125974125354,0.5617244643548291,25109,23855,996,0.20489189024291327,0.4838604509806856,-5.20434860367786,2.3642466114362218e-07,0.0011718750000000002,0.20561811770625388,-5.690141842725579,1.6688322657022927e-08,0.0004750862072671419,0.35687590031599364,-4.545349386942544,6.15824859517106e-06,0.0009682704920053302,1.3712630346330087e-05,9.679227141073298e-07,0.00033254542413923725,True,True,True,True,1,0.12651030538164323,9.257477001733243e-05,0.2476552098957819,-2.4325521570843036,0.2730281789163482,False,0.11047121238274518,-3.000336737869756,0.0691004427906519,False,0.1607652035984077,-1.7723605939574307,1.0,False
event_driven,B3_lm_linear,5,1.0,0.0037109375,0.005458530090676923,False,True,0.9944216319759946,0.6798419058526797,0.2756125974125354,0.5617244643548291,25109,23855,996,0.20489189024291327,0.9944216319759946,-9.669002488046099,3.3754434040002813e-21,0.0037109375,0.41156720055829804,-10.127908429311415,5.1825899353458186e-23,0.0015044396563459492,0.7809329509824147,-9.01618241064825,9.784243989344614e-19,0.0030661898913502115,1.9240027402801603e-19,3.057728061854033e-21,5.479176634032984e-17,True,True,True,True,1,0.12651030538164323,9.257477001733243e-05,0.2476552098957819,-2.4325521570843036,0.2730281789163482,False,0.11047121238274518,-3.000336737869756,0.0691004427906519,False,0.1607652035984077,-1.7723605939574307,1.0,False
event_driven,B3_lm_linear,10,0.3,0.0005859375000000001,0.0008249507394197748,False,True,0.3145129863378285,0.7102696827838672,0.27944993971535165,0.5847406491562795,25001,22785,991,0.3579025884326672,0.3145129863378285,-2.050351705486984,0.040593024579644595,0.0005859375000000001,0.1521653807782138,-2.669690810447921,0.007716431267520149,0.00023053243439899085,0.18187023404198469,-1.3329510091534813,0.1828545477229706,0.00048238223089027197,1.0,0.41668728844608804,1.0,False,False,False,False,1,0.08827666934766872,0.00011283731592051904,0.2001155233282068,-1.2292901838320454,1.0,False,0.10795280268982467,-1.9136186233308208,0.7833986964605746,False,0.08734009939159869,-0.5133153866976421,1.0,False
event_driven,B3_lm_linear,10,0.5,0.0015625,0.0021998686384527327,False,True,0.5049847545948744,0.7102696827838672,0.27944993971535165,0.5847406491562795,25001,22785,991,0.3579025884326672,0.5049847545948744,-3.292317632825839,0.0010287980228161073,0.0015625,0.22582286237064578,-3.8210935388236287,0.00014114321345838239,0.0006147531583973088,0.3392868102135953,-2.574663356662079,0.010178062866092236,0.0012863526157073917,0.050411103117989256,0.0077628767402110315,0.38676638891150494,False,True,False,False,1,0.08827666934766872,0.00011283731592051904,0.2001155233282068,-1.2292901838320454,1.0,False,0.10795280268982467,-1.9136186233308208,0.7833986964605746,False,0.08734009939159869,-0.5133153866976421,1.0,False
event_driven,B3_lm_linear,10,1.0,0.0041015625,0.005774655175938423,False,True,0.9990970408145586,0.7102696827838672,0.27944993971535165,0.5847406491562795,25001,22785,991,0.3579025884326672,0.9990970408145586,-5.853369012511521,6.545346232007044e-09,0.0041015625,0.4171560155466649,-6.23151084219141,6.823975098773641e-10,0.0016137270407929356,0.7477887195465021,-5.149476935519469,3.1507763053581316e-07,0.003376675616231903,3.272673116003522e-07,3.548467051362293e-08,1.5438803896254845e-05,True,True,True,True,1,0.08827666934766872,0.00011283731592051904,0.2001155233282068,-1.2292901838320454,1.0,False,0.10795280268982467,-1.9136186233308208,0.7833986964605746,False,0.08734009939159869,-0.5133153866976421,1.0,False
event_driven,B3_lm_linear,20,0.3,0.0001953125,0.0002691804809201606,False,True,0.2936007799592036,0.7255819565086891,0.2804774515463737,0.6040413880312265,24732,22318,981,0.5461921715486904,0.2936007799592036,-1.2927837219162537,0.19639056879225006,0.0001953125,0.18211508816592314,-2.265108088774189,0.023723673298462606,7.549905529451393e-05,0.12239734152128344,-0.5182234803486185,0.6044193295782551,0.0001625961513259269,1.0,1.0,1.0,False,False,False,False,1,0.06453886888282268,0.00012589508908716115,0.25951126075034137,-1.1243340904426666,1.0,False,0.16961912594516454,-2.1174258238559203,0.5516013060222107,False,0.09408999720082992,-0.3424254993731628,1.0,False
event_driven,B3_lm_linear,20,0.5,0.0013671875000000001,0.0018842633664411246,False,True,0.4979670589900724,0.7255819565086891,0.2804774515463737,0.6040413880312265,24732,22318,981,0.5461921715486904,0.4979670589900724,-2.243820235026944,0.02506658921773889,0.0013671875000000001,0.257065017335575,-3.1005921445751783,0.001986522429325333,0.0005284933870615975,0.29211827417749814,-1.51129052663958,0.13103681707533443,0.0011381730592814885,0.8021308549676445,0.09733959903694132,1.0,False,False,False,False,1,0.06453886888282268,0.00012589508908716115,0.25951126075034137,-1.1243340904426666,1.0,False,0.16961912594516454,-2.1174258238559203,0.5516013060222107,False,0.09408999720082992,-0.3424254993731628,1.0,False
event_driven,B3_lm_linear,20,1.0,0.004296875,0.005921970580243534,False,True,1.007602543452024,0.7255819565086891,0.2804774515463737,0.6040413880312265,24732,22318,981,0.5461921715486904,1.007602543452024,-4.216234506289219,2.71393338021235e-05,0.004296875,0.4442460726913941,-4.846224108298619,1.462200744363748e-06,0.0016609792164793064,0.7154977631180698,-3.572819180657599,0.0003703485772738217,0.0035771153291703924,0.0011127126858870636,6.872343498509616e-05,0.015924988822774332,True,True,True,True,1,0.06453886888282268,0.00012589508908716115,0.25951126075034137,-1.1243340904426666,1.0,False,0.16961912594516454,-2.1174258238559203,0.5516013060222107,False,0.09408999720082992,-0.3424254993731628,1.0,False
event_driven,B4_lm_features,5,0.3,0.0005859375000000001,0.0005140247406941093,False,True,0.30250456544294635,1.1399013580723447,1.3237490038700883,1.169768199759185,25109,23855,996,0.17528102289257796,0.30250456544294635,-2.841947805739593,0.004575490630531862,0.0005859375000000001,0.3542124775324538,-3.411424830714754,0.0006722373727854964,0.0006804397384584076,0.3167582775140329,-3.143811370268603,0.0017170252933757328,0.0006012897955534301,0.23335002215712494,0.03898976762155879,0.08585126466878665,False,True,False,False,1,0.12651030538164323,7.919591333481014e-05,0.18422372154729966,-0.9938862558503346,1.0,False,0.21806115370844806,-1.5580779021845501,1.0,False,0.19489346531101637,-1.298001897052862,1.0,False
event_driven,B4_lm_features,5,0.5,0.0015625,0.0013707326418509582,False,True,0.49944186111701494,1.1399013580723447,1.3237490038700883,1.169768199759185,25109,23855,996,0.17528102289257796,0.49944186111701494,-5.830169840042814,7.477609994164863e-09,0.0015625,0.5808622409774523,-6.3833872204508895,2.6520646348477684e-10,0.0018145059692224203,0.5196538333330455,-6.1105729594568645,1.4229138819664822e-09,0.0016034394548091468,4.411789896557269e-07,1.591238780908661e-08,8.537483291798893e-08,True,True,True,True,1,0.12651030538164323,7.919591333481014e-05,0.18422372154729966,-0.9938862558503346,1.0,False,0.21806115370844806,-1.5580779021845501,1.0,False,0.19489346531101637,-1.298001897052862,1.0,False
event_driven,B4_lm_features,5,1.0,0.0041015625,0.003598173184858765,False,True,1.01032495776245,1.1399013580723447,1.3237490038700883,1.169768199759185,25109,23855,996,0.17528102289257796,1.01032495776245,-12.039246856692225,2.919816143290454e-31,0.0041015625,1.1685791923800068,-12.506790838406179,1.9358836236244968e-33,0.004763078169208853,1.0459406673510014,-12.158751925349366,8.208551732340679e-32,0.0042090285688740105,1.7518896859742723e-29,1.219606682883433e-31,5.171387591374628e-30,True,True,True,True,1,0.12651030538164323,7.919591333481014e-05,0.18422372154729966,-0.9938862558503346,1.0,False,0.21806115370844806,-1.5580779021845501,1.0,False,0.19489346531101637,-1.298001897052862,1.0,False
event_driven,B4_lm_features,10,0.3,0.0011718750000000002,0.002737464797551275,False,True,0.3112098118385616,0.42808769670692,0.7079238214967809,0.44894049337534353,25001,22785,991,0.0788592152486415,0.3112098118385616,-9.190029199712892,2.2501995243882103e-19,0.0011718750000000002,0.5016865952628263,-9.1164480218904,4.217339905314858e-19,0.0019379165406954101,0.3254002104503504,-9.066796807230945,6.428525514261481e-19,0.0012289587968103042,1.4401276956084546e-17,2.6990975394015092e-17,4.114256329127348e-17,True,True,True,True,1,0.08827666934766872,2.4862245962574865e-05,0.08201157078128112,-2.1037986518046754,0.6041020667328117,False,0.1304350276414691,-2.603464665906097,0.18733549944697592,False,0.08434634834374503,-2.389161741934022,0.6317101661575555,False
event_driven,B4_lm_features,10,0.5,0.0021484375,0.0050186854621773365,False,True,0.5019457760841122,0.42808769670692,0.7079238214967809,0.44894049337534353,25001,22785,991,0.0788592152486415,0.5019457760841122,-12.377041679050414,8.095755520859522e-33,0.0021484375,0.8103312221766852,-12.054964820163715,2.52888856771367e-31,0.003552846991274918,0.5259799832382474,-11.989749813571319,5.035908969304313e-31,0.0022530911274855573,5.181283533350094e-31,1.6690664546910222e-29,3.273340830047803e-29,True,True,True,True,1,0.08827666934766872,2.4862245962574865e-05,0.08201157078128112,-2.1037986518046754,0.6041020667328117,False,0.1304350276414691,-2.603464665906097,0.18733549944697592,False,0.08434634834374503,-2.389161741934022,0.6317101661575555,False
event_driven,B4_lm_features,10,1.0,0.004687500000000001,0.0109498591902051,False,True,0.9967434360744118,0.42808769670692,0.7079238214967809,0.44894049337534353,25001,22785,991,0.0788592152486415,0.9967434360744118,-14.765637951875851,9.679191317527527e-45,0.004687500000000001,1.6097002071029551,-14.53894924726697,1.5022103781774437e-43,0.0077516661627816405,1.0462191856245127,-14.321951061025201,2.0214306489878252e-42,0.004915835187241217,6.1946824432176174e-43,9.914588495971129e-42,1.3543585348218428e-40,True,True,True,True,1,0.08827666934766872,2.4862245962574865e-05,0.08201157078128112,-2.1037986518046754,0.6041020667328117,False,0.1304350276414691,-2.603464665906097,0.18733549944697592,False,0.08434634834374503,-2.389161741934022,0.6317101661575555,False
event_driven,B4_lm_features,20,0.3,0.000390625,0.0006868878264039511,False,True,0.3153152270855459,0.5686881976712713,0.23795169627654372,0.5415566360732561,24732,22318,981,0.3722963405380629,0.3153152270855459,-2.484846778003723,0.013126685116919754,0.000390625,0.13725555686477126,-2.8007712821446322,0.005198352475771335,0.00016344612344452826,0.15040266186731988,-1.627266531250776,0.1040019526560894,0.0003719886606269945,0.6300808856121483,0.28590938616742345,1.0,False,False,False,False,1,0.06453886888282268,8.581280252693122e-05,0.24703499483072924,-2.010255968836495,0.6568554837965714,False,0.11019050175828338,-2.382057639690876,0.3133110025883262,False,0.08558676877238772,-1.129261302492761,1.0,False
event_driven,B4_lm_features,20,0.5,0.0015625,0.0027475513056158044,False,True,0.5199605705569893,0.5686881976712713,0.23795169627654372,0.5415566360732561,24732,22318,981,0.3722963405380629,0.5199605705569893,-3.7782764434802605,0.0001674407497077527,0.0015625,0.21841611222828852,-3.9497843272131097,8.382350689386846e-05,0.000653784493778113,0.3446662096927051,-2.986686765264927,0.002890359439437316,0.001487954642507978,0.008874359734510893,0.004694116386056634,0.11850473701692996,True,True,False,False,1,0.06453886888282268,8.581280252693122e-05,0.24703499483072924,-2.010255968836495,0.6568554837965714,False,0.11019050175828338,-2.382057639690876,0.3133110025883262,False,0.08558676877238772,-1.129261302492761,1.0,False
event_driven,B4_lm_features,20,1.0,0.004296875,0.007555766090443462,False,True,0.9963277512621913,0.5686881976712713,0.23795169627654372,0.5415566360732561,24732,22318,981,0.3722963405380629,0.9963277512621913,-6.117788772612591,1.3695803057806113e-09,0.004296875,0.40758892163352706,-6.070993845785406,1.8154055953670312e-09,0.001797907357889811,0.7968745929757797,-5.4511281502404625,6.334386909237127e-08,0.004091875266896939,6.984859559481117e-08,9.25856853637186e-08,3.230537323710935e-06,True,True,True,True,1,0.06453886888282268,8.581280252693122e-05,0.24703499483072924,-2.010255968836495,0.6568554837965714,False,0.11019050175828338,-2.382057639690876,0.3133110025883262,False,0.08558676877238772,-1.129261302492761,1.0,False
event_driven,C2_finbert_s1,5,0.3,-0.0115234375,-0.04949605805462617,True,True,0.28607589875900236,0.23281525747529622,-0.0057576002465236815,0.14431703181724462,25109,23855,996,0.8613560248868002,0.28607589875900236,1.4284986258684191,0.15346221224512335,-0.0115234375,-0.004287286177606974,-1.851431553601388,0.06440362887568739,0.00028497851605726606,-0.6732934797788263,6.1494719269745755,1.1242517317703454e-09,-0.007143124185097671,1.0,1.0,6.970360736976141e-08,False,False,False,False,3,0.12651030538164323,0.0003891800491098121,2.572478825713876,-5.916488835944067,2.621478756891743e-07,True,-0.06144458687600648,5.704469221239293,9.538388456245223e-07,False,0.7680609431451304,-2.4133212539252327,0.6075333279410879,False
event_driven,C2_finbert_s1,5,0.5,-0.010546875,-0.04530147686355616,True,True,0.4811513631772293,0.23281525747529622,-0.0057576002465236815,0.14431703181724462,25109,23855,996,0.8613560248868002,0.4811513631772293,0.7725481872578466,0.4399732827835788,-0.010546875,-0.009130300152598329,-1.2243564268482126,0.22110760554208325,0.0002608277943574978,-0.550624290796759,5.426043642494964,7.236997746403256e-08,-0.006537774677886005,1.0,1.0,4.197458692913889e-06,False,False,False,False,3,0.12651030538164323,0.0003891800491098121,2.572478825713876,-5.916488835944067,2.621478756891743e-07,True,-0.06144458687600648,5.704469221239293,9.538388456245223e-07,False,0.7680609431451304,-2.4133212539252327,0.6075333279410879,False
event_driven,C2_finbert_s1,5,1.0,-0.0080078125,-0.03439556576677411,True,True,0.9872077932563388,0.23281525747529622,-0.0057576002465236815,0.14431703181724462,25109,23855,996,0.8613560248868002,0.9872077932563388,-0.9291142034720071,0.35305524597649485,-0.0080078125,-0.021722851510656827,0.44182549323326475,0.6587114953387533,0.00019803591793810012,-0.2321360704650399,3.5017760883685525,0.0004826910588401996,-0.004963865959135669,1.0,1.0,0.020273024471288384,False,False,False,False,3,0.12651030538164323,0.0003891800491098121,2.572478825713876,-5.916488835944067,2.621478756891743e-07,True,-0.06144458687600648,5.704469221239293,9.538388456245223e-07,False,0.7680609431451304,-2.4133212539252327,0.6075333279410879,False
event_driven,C2_finbert_s1,10,0.3,-0.010937500000000001,-0.04868302141911922,True,True,0.28831985018675105,0.22466764964806665,-0.056869198857608,0.14986666753873312,25001,22785,991,0.9257119926244975,0.28831985018675105,0.6223313292794167,0.5338673288150695,-0.010937500000000001,-0.13399945470553318,0.12647230422138003,0.8993837514958756,0.0027685644260730803,-1.3559647624907463,6.170106848948186,9.93472167983128e-10,-0.007295962185800164,1.0,1.0,6.258874658293706e-08,False,False,False,False,3,0.08827666934766872,0.00029185275530030114,2.416447747621683,-5.683191175711201,9.907944587392153e-07,True,-0.665345769020464,6.27934614810235,3.3028916929850406e-08,False,0.08428903651069103,0.46448700365871026,1.0,False
event_driven,C2_finbert_s1,10,0.5,-0.009765625000000002,-0.04346698340992788,True,True,0.5177639907293067,0.22466764964806665,-0.056869198857608,0.14986666753873312,25001,22785,991,0.9257119926244975,0.5177639907293067,0.03416247509929256,0.9727544759978881,-0.009765625000000002,-0.1908357573439671,0.6917567402325705,0.48925230153283555,0.0024719325232795365,-1.200989896061377,5.713386075417686,1.4643765045482799e-08,-0.006514251951607289,1.0,1.0,8.639821376834851e-07,False,False,False,False,3,0.08827666934766872,0.00029185275530030114,2.416447747621683,-5.683191175711201,9.907944587392153e-07,True,-0.665345769020464,6.27934614810235,3.3028916929850406e-08,False,0.08428903651069103,0.46448700365871026,1.0,False
event_driven,C2_finbert_s1,10,1.0,-0.0072265625,-0.032165567723346625,True,True,1.013713159026579,0.22466764964806665,-0.056869198857608,0.14986666753873312,25001,22785,991,0.9257119926244975,1.013713159026579,-1.3255260621505465,0.18530252414943182,-0.0072265625,-0.31405815811554016,2.0000127714709004,0.04577169439800469,0.0018292300672268567,-0.8657566879099747,4.6051159263081605,4.659070814183133e-06,-0.004820546444189394,1.0,1.0,0.00021897632826660724,False,False,False,False,3,0.08827666934766872,0.00029185275530030114,2.416447747621683,-5.683191175711201,9.907944587392153e-07,True,-0.665345769020464,6.27934614810235,3.3028916929850406e-08,False,0.08428903651069103,0.46448700365871026,1.0,False
event_driven,C2_finbert_s1,20,0.3,-0.0076171875,-0.026821215563863094,True,True,0.28725886349241697,0.2839985936455032,-0.07389157790683043,0.22833236186307224,24732,22318,981,2.632704361067808,0.28725886349241697,-0.5568475721729083,0.577758717814674,-0.0076171875,-0.28261376643483105,1.278918823242302,0.2012283982356486,0.0019818619393930825,-2.6509894354488446,3.797058909692429,0.00015542351021528096,-0.006124151497735453,1.0,1.0,0.008392869551625172,False,False,False,False,3,0.06453886888282268,0.0006068277198792527,1.5777271546898122,-1.944580950733626,0.6568554837965714,False,-0.6133885371116714,2.7252104191223587,0.14389190589500517,False,-1.5939213562805028,1.9705202357448446,1.0,False
event_driven,C2_finbert_s1,20,0.5,-0.00625,-0.022007151231887668,True,True,0.5197706705975498,0.2839985936455032,-0.07389157790683043,0.22833236186307224,24732,22318,981,2.632704361067808,0.5197706705975498,-0.8147053904866477,0.41543889919225796,-0.00625,-0.34192063686706375,1.5473182057796606,0.1221093845685645,0.001626143129758427,-2.460653251617234,3.4614294442864555,0.0005605040497932589,-0.005024944818654731,1.0,1.0,0.02522268224069665,False,False,False,False,3,0.06453886888282268,0.0006068277198792527,1.5777271546898122,-1.944580950733626,0.6568554837965714,False,-0.6133885371116714,2.7252104191223587,0.14389190589500517,False,-1.5939213562805028,1.9705202357448446,1.0,False
event_driven,C2_finbert_s1,20,1.0,-0.003515625,-0.012379022567936812,True,True,0.9836262932273367,0.2839985936455032,-0.07389157790683043,0.22833236186307224,24732,22318,981,2.632704361067808,0.9836262932273367,-1.3192590752653044,0.18739066100103732,-0.003515625,-0.460616998047568,2.073055015261654,0.03842803380885444,0.0009147055104891151,-2.0807767323054542,2.7993417788898576,0.00522123771219935,-0.002826531460493286,1.0,0.9222728114125066,0.1984070330635753,False,False,False,False,3,0.06453886888282268,0.0006068277198792527,1.5777271546898122,-1.944580950733626,0.6568554837965714,False,-0.6133885371116714,2.7252104191223587,0.14389190589500517,False,-1.5939213562805028,1.9705202357448446,1.0,False
event_driven,C6_llmtext,5,0.3,-0.0044921875000000005,-0.01702672638181019,True,True,0.3123597779872026,0.2638315433787111,0.11361899733909296,0.1875184809512337,25109,23855,996,0.4988189620395194,0.3123597779872026,-0.10725872987904732,0.9146053468091727,-0.0044921875000000005,0.1313898345219648,-0.26691934534190764,0.7895865706768651,-0.0019345595794683559,-0.24893095512486405,2.9026634906663293,0.0037816978413427113,-0.003192825866689342,1.0,1.0,0.17017640286042202,False,False,False,False,1,0.12651030538164323,0.00022537764006347823,1.2140902851029933,-5.0439839407429865,2.5459673161733564e-05,True,0.5184357464578844,-4.979985795000874,4.2710984122406264e-05,True,0.3980001429655966,-1.9409022854154738,1.0,False
event_driven,C6_llmtext,5,0.5,-0.003515625,-0.013325264124894931,True,True,0.5088311229307864,0.2638315433787111,0.11361899733909296,0.1875184809512337,25109,23855,996,0.4988189620395194,0.5088311229307864,-1.1255854118470539,0.26061246883779365,-0.003515625,0.21561352741731613,-1.221797657138402,0.2220735353599839,-0.001514003149149148,-0.10806433474268919,1.937035139495912,0.05302383979033242,-0.0024987332869742676,1.0,1.0,1.0,False,False,False,False,1,0.12651030538164323,0.00022537764006347823,1.2140902851029933,-5.0439839407429865,2.5459673161733564e-05,True,0.5184357464578844,-4.979985795000874,4.2710984122406264e-05,True,0.3980001429655966,-1.9409022854154738,1.0,False
event_driven,C6_llmtext,5,1.0,-0.0009765625,-0.0037014622569152586,True,True,1.018504608310739,0.2638315433787111,0.11361899733909296,0.1875184809512337,25109,23855,996,0.4988189620395194,1.018504608310739,-3.927296799352662,9.183021260310249e-05,-0.0009765625,0.43437858545299474,-3.8918264902659785,0.00010611625751764157,-0.0004205564303192078,0.2575922691773242,-0.8091595693426855,0.41861681047077876,-0.0006940925797150743,0.003581378291520997,0.004350766558223304,1.0,True,True,False,False,1,0.12651030538164323,0.00022537764006347823,1.2140902851029933,-5.0439839407429865,2.5459673161733564e-05,True,0.5184357464578844,-4.979985795000874,4.2710984122406264e-05,True,0.3980001429655966,-1.9409022854154738,1.0,False
event_driven,C6_llmtext,10,0.3,-0.003515625,-0.012530372918903816,True,True,0.31308874649007645,0.28056826582520855,0.0599922481741028,0.19146142812080533,25001,22785,991,0.5617470181472792,0.31308874649007645,-0.3248519519155023,0.745361754869455,-0.003515625,0.0994126965366026,-1.0922658940803973,0.27498197573693345,-0.0007517252418649346,-0.3507371115178896,3.0250752150053724,0.0025498851985333365,-0.0023990830939395885,1.0,1.0,0.12239448952960015,False,False,False,False,1,0.08827666934766872,0.0001771041277786651,0.9983330757402845,-3.7577488053090367,0.00653288982406023,True,0.2436713506495467,-4.431976212674084,0.0005293510417093034,True,0.1205721167264328,0.04770771482603288,1.0,False
event_driven,C6_llmtext,10,0.5,-0.0025390625000000005,-0.009049713774763869,True,True,0.5037447502287029,0.28056826582520855,0.0599922481741028,0.19146142812080533,25001,22785,991,0.5617470181472792,0.5037447502287029,-1.2139254025005277,0.22506571889037852,-0.0025390625000000005,0.13949902939602732,-1.9537090852356072,0.05101694736966824,-0.0005429126746802306,-0.2196681483595447,2.2786167674845097,0.022902131766125166,-0.0017326711234008142,1.0,1.0,0.8244767435805059,False,False,False,False,1,0.08827666934766872,0.0001771041277786651,0.9983330757402845,-3.7577488053090367,0.00653288982406023,True,0.2436713506495467,-4.431976212674084,0.0005293510417093034,True,0.1205721167264328,0.04770771482603288,1.0,False
event_driven,C6_llmtext,10,1.0,0.0,0.0,False,True,0.9983330757402845,0.28056826582520855,0.0599922481741028,0.19146142812080533,25001,22785,991,0.5617470181472792,0.9983330757402845,-3.7577488053090367,0.00018146916177945083,0.0,0.2436713506495467,-4.431976212674084,1.0379432190378499e-05,0.0,0.1205721167264328,0.04770771482603288,0.9619588077024414,0.0,0.006714358985839681,0.0004670744485670324,1.0,True,True,False,False,1,0.08827666934766872,0.0001771041277786651,0.9983330757402845,-3.7577488053090367,0.00653288982406023,True,0.2436713506495467,-4.431976212674084,0.0005293510417093034,True,0.1205721167264328,0.04770771482603288,1.0,False
event_driven,C6_llmtext,20,0.3,-0.001953125,-0.007987397912320261,True,True,0.31618491436954294,0.24452581697318196,0.05441618803708315,0.20407248441313786,24732,22318,981,0.7045588634652161,0.31618491436954294,-0.5563901521599642,0.5780711882096006,-0.001953125,0.142778695917433,-2.1174609425071482,0.034472096228842945,-0.0004346437467238248,-0.1992162198522811,1.2995062627845109,0.19407585079795558,-0.0016300081359635064,1.0,1.0,1.0,False,False,False,False,1,0.06453886888282268,0.0001623979718193291,0.6582441286840103,-1.9823432496516546,0.6568554837965714,False,0.21486513845372623,-3.5791928700599676,0.013377258163106927,True,0.08612907243583634,-0.022395075416339696,1.0,False
event_driven,C6_llmtext,20,0.5,-0.0009765625,-0.003993698956160131,True,True,0.4873167923172792,0.24452581697318196,0.05441618803708315,0.20407248441313786,24732,22318,981,0.7045588634652161,0.4873167923172792,-1.2524023148640706,0.21072209104694423,-0.0009765625,0.1788270265432921,-2.8301806373973513,0.004747233452112927,-0.0002173218733619124,-0.05646948060426803,0.6587330184303097,0.5102219596479787,-0.0008150040679817532,1.0,0.22311997224930757,1.0,False,False,False,False,1,0.06453886888282268,0.0001623979718193291,0.6582441286840103,-1.9823432496516546,0.6568554837965714,False,0.21486513845372623,-3.5791928700599676,0.013377258163106927,True,0.08612907243583634,-0.022395075416339696,1.0,False
event_driven,C6_llmtext,20,1.0,0.001953125,0.007987397912320261,False,True,0.9994856394629044,0.24452581697318196,0.05441618803708315,0.20407248441313786,24732,22318,981,0.7045588634652161,0.9994856394629044,-3.534678882418388,0.0004273480653716204,0.001953125,0.2869107114042943,-5.1811592201179915,2.6768393415797853e-07,0.0004346437467238248,0.3708819091895046,-1.5047226804489293,0.1327175973593758,0.0016300081359635064,0.014529834222635095,1.3116512773740948e-05,1.0,True,True,False,False,1,0.06453886888282268,0.0001623979718193291,0.6582441286840103,-1.9823432496516546,0.6568554837965714,False,0.21486513845372623,-3.5791928700599676,0.013377258163106927,True,0.08612907243583634,-0.022395075416339696,1.0,False
event_driven,D2_gated_fusion,5,0.3,-0.0013671875000000001,-0.0037758950979423023,True,True,0.28237758139181085,0.36208301992951486,0.1363734118981033,0.2921006561307295,25109,23855,996,0.372381651987338,0.28237758139181085,0.31313139346119295,0.7542464619639576,-0.0013671875000000001,0.12270352778318276,-0.2234693703580594,0.8232160902972705,-0.0005149316974757147,0.07343626781602365,1.1037563063063922,0.2699657243559488,-0.0011029414355897516,1.0,1.0,1.0,False,False,False,False,3,0.12651030538164323,0.00016825041611228192,0.5585972538451281,-1.6982421674575823,0.9875218999540573,False,0.22594131536812959,-2.146881492811954,0.5447457649351126,False,0.2973195425409309,-0.9262484386567713,1.0,False
event_driven,D2_gated_fusion,5,0.5,-0.0001953125,-0.0005394135854203288,True,True,0.5191669908156126,0.36208301992951486,0.1363734118981033,0.2921006561307295,25109,23855,996,0.372381651987338,0.5191669908156126,-1.4001511119078653,0.16177980312608117,-0.0001953125,0.21119731440876996,-1.8620224610028,0.06289455382613039,-7.356167106795924e-05,0.2653559617696207,-0.6232021100555375,0.5332945331006753,-0.00015756306222710736,1.0,1.0,1.0,False,False,False,False,3,0.12651030538164323,0.00016825041611228192,0.5585972538451281,-1.6982421674575823,0.9875218999540573,False,0.22594131536812959,-2.146881492811954,0.5447457649351126,False,0.2973195425409309,-0.9262484386567713,1.0,False
event_driven,D2_gated_fusion,5,1.0,0.0021484375,0.005933549439623618,False,True,0.9916775355876086,0.36208301992951486,0.1363734118981033,0.2921006561307295,25109,23855,996,0.372381651987338,0.9916775355876086,-5.168020212149714,2.8584610166612955e-07,0.0021484375,0.3880317597170337,-5.47112035126636,5.658536241068133e-08,0.0008091783817475517,0.6484848677177029,-4.505412886709215,7.409916486833999e-06,0.001733193684498181,1.4006458981640347e-05,2.8292681205340663e-06,0.0003408561583943639,True,True,True,True,3,0.12651030538164323,0.00016825041611228192,0.5585972538451281,-1.6982421674575823,0.9875218999540573,False,0.22594131536812959,-2.146881492811954,0.5447457649351126,False,0.2973195425409309,-0.9262484386567713,1.0,False
event_driven,D2_gated_fusion,10,0.3,0.0005859375000000001,0.000932122923310932,False,True,0.2923782279004551,0.6286053967203492,0.1474990156914272,-0.08040060968763518,25001,22785,991,0.33359180400720206,0.2923782279004551,-1.4263603161418887,0.1540796254903177,0.0005859375000000001,0.07614324435899342,-1.9374187191076533,0.0529783348542689,0.00013748721369177816,-0.03149605030644198,2.0492726970962245,0.04069857798476506,-7.494325133801975e-05,1.0,1.0,1.0,False,False,False,False,3,0.08827666934766872,0.0001051727620694146,0.17742719686314765,-0.41684527256612947,1.0,False,0.0497315111588186,-0.9377852647449789,1.0,False,-0.016779483125831073,0.7163913986315201,1.0,False
event_driven,D2_gated_fusion,10,0.5,0.0015625,0.002485661128829152,False,True,0.4837717372114217,0.6286053967203492,0.1474990156914272,-0.08040060968763518,25001,22785,991,0.33359180400720206,0.4837717372114217,-3.255054799784476,0.0011721297126441755,0.0015625,0.12015206014024442,-3.726654040299698,0.00020502242720296223,0.00036663256984474174,-0.05602689431294134,4.436349768966262,1.017491068281068e-05,-0.00019984867023471932,0.056262226206920424,0.010866188641756999,0.0005392702661889661,False,True,False,False,3,0.08827666934766872,0.0001051727620694146,0.17742719686314765,-0.41684527256612947,1.0,False,0.0497315111588186,-0.9377852647449789,1.0,False,-0.016779483125831073,0.7163913986315201,1.0,False
event_driven,D2_gated_fusion,10,1.0,0.004296875,0.006835568104280168,False,True,1.0184011339554322,0.6286053967203492,0.1474990156914272,-0.08040060968763518,25001,22785,991,0.33359180400720206,1.0184011339554322,-8.962606718903093,1.5473815126703903e-18,0.004296875,0.24330534404508777,-9.171423958441718,2.638602437811169e-19,0.0010082395670730398,-0.12473475352064621,11.008347710206007,1.1404954270254131e-26,-0.0005495838431454781,8.510598319687147e-17,1.4776173651742544e-17,6.8429725621524785e-25,True,True,False,False,3,0.08827666934766872,0.0001051727620694146,0.17742719686314765,-0.41684527256612947,1.0,False,0.0497315111588186,-0.9377852647449789,1.0,False,-0.016779483125831073,0.7163913986315201,1.0,False
event_driven,D2_gated_fusion,20,0.3,0.017578125,-0.025342295369909038,True,True,0.2980227996486866,-0.6936279742391422,-1.6539035693215456,-1.1332152708231176,24732,22318,981,2.2466087072972147,0.2980227996486866,-0.35472059384056454,0.7228752394168139,0.017578125,-1.2207991199434387,0.439558617863036,0.6603537279082257,0.041913712767093436,2.4248221882005163,-1.6441216051475762,0.10047181406794276,0.02871827611089091,1.0,1.0,1.0,False,False,False,False,3,0.06453886888282268,0.0005178342313973668,-2.7641058005442423,3.5464633871153026,0.013903119331312426,False,-7.992304558550873,4.004729491746128,0.002938359294667764,False,-2.485594172890651,2.2333831387485406,0.8239598612150774,False
event_driven,D2_gated_fusion,20,0.5,0.018750000000000003,-0.02703178172790298,True,True,0.499813819893667,-0.6936279742391422,-1.6539035693215456,-1.1332152708231176,24732,22318,981,2.2466087072972147,0.499813819893667,-0.5930735671725242,0.5532687555516398,0.018750000000000003,-0.7828048840294128,0.21492079090966548,0.8298737901063437,0.04470796028489967,2.7456996827384557,-1.8758314730463768,0.06097550607712633,0.030632827851616976,1.0,1.0,1.0,False,False,False,False,3,0.06453886888282268,0.0005178342313973668,-2.7641058005442423,3.5464633871153026,0.013903119331312426,False,-7.992304558550873,4.004729491746128,0.002938359294667764,False,-2.485594172890651,2.2333831387485406,0.8239598612150774,False
event_driven,D2_gated_fusion,20,1.0,0.021679687500000003,-0.03125549762288782,True,True,1.0030110565760444,-0.6936279742391422,-1.6539035693215456,-1.1332152708231176,24732,22318,981,2.2466087072972147,1.0030110565760444,-1.1733003790971162,0.24096045519048478,0.021679687500000003,0.30490337191396066,-0.3359397930650469,0.7369881782496417,0.05169357907941525,3.5443721642903196,-2.4375097265128156,0.0149657485294283,0.035419207203432126,1.0,1.0,0.5387669470594189,False,False,False,False,3,0.06453886888282268,0.0005178342313973668,-2.7641058005442423,3.5464633871153026,0.013903119331312426,False,-7.992304558550873,4.004729491746128,0.002938359294667764,False,-2.485594172890651,2.2333831387485406,0.8239598612150774,False
event_driven,D4_llmfused,5,0.3,0.0015625,0.7049758441558377,False,True,0.30287303436557683,0.0022163879981887766,0.01382775113967177,-0.05966232425178437,25109,23855,996,0.011753385886214291,0.30287303436557683,-19.036471261722262,3.8490906054923467e-69,0.0015625,1.8716900500563327,-19.266186730910306,1.5330922245586854e-70,0.009748230532466953,-8.656828239953391,18.626195376780792,1.1640375856661683e-66,-0.04206049740370099,2.6558725177897193e-67,1.0578336349454928e-68,8.03185934109656e-65,True,True,False,False,1,0.12651030538164323,5.310444420475949e-06,-0.012764373142357581,3.374459099814402,0.02414222307243494,False,-0.07151316092774236,3.194192407098731,0.04010853831863606,False,0.11398862845417623,-2.939099420533256,0.16165040778949524,False
event_driven,D4_llmfused,5,0.5,0.0025390625000000005,1.1455857467532364,False,True,0.4998255464215553,0.0022163879981887766,0.01382775113967177,-0.05966232425178437,25109,23855,996,0.011753385886214291,0.4998255464215553,-19.481008071783133,7.407961889678393e-72,0.0025390625000000005,3.073629444168749,-19.872489075059008,2.8528258859285544e-74,0.0158408746152588,-14.383157764992031,18.592828303941133,1.847507781059522e-66,-0.06834830828101413,5.111493703878091e-70,1.9684498612907025e-72,1.2747803689310701e-64,True,True,False,False,1,0.12651030538164323,5.310444420475949e-06,-0.012764373142357581,3.374459099814402,0.02414222307243494,False,-0.07151316092774236,3.194192407098731,0.04010853831863606,False,0.11398862845417623,-2.939099420533256,0.16165040778949524,False
event_driven,D4_llmfused,5,1.0,0.005078125000000001,2.291171493506473,False,True,1.0107484104359785,0.0022163879981887766,0.01382775113967177,-0.05966232425178437,25109,23855,996,0.011753385886214291,1.0107484104359785,-19.693598313245204,3.640464053826631e-73,0.005078125000000001,6.153796692560826,-20.280693406290414,8.241682244876635e-77,0.0316817492305176,-30.184353562489083,18.259063253726094,1.8355242466874026e-64,-0.13669661656202825,2.5119201971403754e-71,5.686760748964878e-75,1.266511730214308e-62,True,True,False,False,1,0.12651030538164323,5.310444420475949e-06,-0.012764373142357581,3.374459099814402,0.02414222307243494,False,-0.07151316092774236,3.194192407098731,0.04010853831863606,False,0.11398862845417623,-2.939099420533256,0.16165040778949524,False
event_driven,D4_llmfused,10,0.3,0.0015625,0.1088489836700182,False,True,0.2976847381218669,0.014354750474628284,0.025821390239739124,-0.017262197758067963,25001,22785,991,0.041658351547191816,0.2976847381218669,-12.10322467850253,1.516328997331551e-31,0.0015625,0.5178964557725382,-11.73247370825875,7.422814779600535e-30,0.0028106320845425314,-0.39913283763812574,11.701015299760313,1.0283916811011854e-29,-0.0018789726818765646,1.0159404282121392e-29,4.973285902332358e-28,6.890224263377942e-28,True,True,False,False,1,0.08827666934766872,1.313378758964427e-05,-0.008015679387591252,0.6577367535219839,1.0,False,-0.02085847604535338,0.9139820344370148,1.0,False,-0.02957551959259984,2.1080141951127715,1.0,False
event_driven,D4_llmfused,10,0.5,0.0025390625000000005,0.1768795984637796,False,True,0.4884371025288531,0.014354750474628284,0.025821390239739124,-0.017262197758067963,25001,22785,991,0.041658351547191816,0.4884371025288531,-13.730402173734221,2.1214728708484305e-39,0.0025390625000000005,0.8535946275281737,-13.534049462519665,2.0445216707664446e-38,0.004567277137381614,-0.6305710656506162,12.928091309832647,1.9312570490364668e-35,-0.0030533306080494176,1.400172094759964e-37,1.369829519413518e-36,1.2746296523640682e-33,True,True,False,False,1,0.08827666934766872,1.313378758964427e-05,-0.008015679387591252,0.6577367535219839,1.0,False,-0.02085847604535338,0.9139820344370148,1.0,False,-0.02957551959259984,2.1080141951127715,1.0,False
event_driven,D4_llmfused,10,1.0,0.005078125000000001,0.3537591969275592,False,True,0.9832771977495824,0.014354750474628284,0.025821390239739124,-0.017262197758067963,25001,22785,991,0.041658351547191816,0.9832771977495824,-14.655643769862161,3.674048790459877e-44,0.005078125000000001,1.7227329534168299,-14.682086211852495,2.66766245870466e-44,0.009134554274763227,-1.2339866575085259,13.911178537185517,2.584416993519467e-40,-0.006106661216098835,2.3146507379897224e-42,1.7873338473321224e-42,1.6798710457876535e-38,True,True,False,False,1,0.08827666934766872,1.313378758964427e-05,-0.008015679387591252,0.6577367535219839,1.0,False,-0.02085847604535338,0.9139820344370148,1.0,False,-0.02957551959259984,2.1080141951127715,1.0,False
event_driven,D4_llmfused,20,0.3,0.0037109375,-0.05595741257015396,True,True,0.29511527228032697,-0.06631717460752116,-0.06255043115078676,-0.04655818247239464,24732,22318,981,0.20174665332704447,0.29511527228032697,-4.760012635685309,2.2271971841388846e-06,0.0037109375,0.3283495127956561,-5.2097013205168325,2.305559419829517e-07,0.003500160282345585,0.21201956703494748,-4.475948253614528,8.499941128686175e-06,0.0026052754251242975,0.00013363183104833306,1.4525024344925958e-05,0.00047599670320642583,True,True,True,True,1,0.06453886888282268,4.650178859508002e-05,-0.3547645092034865,4.692019558122433,0.0001359258062186422,False,-0.25119337863101604,3.4799065321392475,0.018328696785335163,False,-0.2427982814417879,4.498032630024709,0.0004684411963903984,False
event_driven,D4_llmfused,20,0.5,0.004882812500000001,-0.07362817443441312,True,True,0.49972860401228414,-0.06631717460752116,-0.06255043115078676,-0.04655818247239464,24732,22318,981,0.20174665332704447,0.49972860401228414,-7.192949555027454,1.258162130551952e-12,0.004882812500000001,0.5108135686326982,-7.291169463501901,6.325933866198368e-13,0.004605474055717876,0.35533280118978217,-6.745546365874438,2.602668612304592e-11,0.003427993980426708,7.548972783311713e-11,3.985338335704972e-11,1.613654539628847e-09,True,True,True,True,1,0.06453886888282268,4.650178859508002e-05,-0.3547645092034865,4.692019558122433,0.0001359258062186422,False,-0.25119337863101604,3.4799065321392475,0.018328696785335163,False,-0.2427982814417879,4.498032630024709,0.0004684411963903984,False
event_driven,D4_llmfused,20,1.0,0.0078125,-0.11780507909506098,True,True,1.0099789601747247,-0.06631717460752116,-0.06255043115078676,-0.04655818247239464,24732,22318,981,0.20174665332704447,1.0099789601747247,-10.776529322887816,1.1420462170725182e-25,0.0078125,0.9658214603537029,-10.47785527133534,2.015749699663753e-24,0.0073687584891486005,0.7129583517588667,-10.202723871021904,2.683073176769989e-23,0.005484790368682733,6.738072680727858e-24,1.209449819798252e-22,1.5561824425265936e-21,True,True,True,True,1,0.06453886888282268,4.650178859508002e-05,-0.3547645092034865,4.692019558122433,0.0001359258062186422,False,-0.25119337863101604,3.4799065321392475,0.018328696785335163,False,-0.2427982814417879,4.498032630024709,0.0004684411963903984,False
